650.0,2.433410385219999
650.5,2.4346314850183504
651.0,2.4355517851073554
651.5,2.4367690843304577
652.0,2.43775297589764
652.5,2.4384200312928686
653.0,2.4386180459239375
653.5,2.4382326419171485
654.0,2.437273304751321
654.5,2.435897460607736
655.0,2.4358493564550328
655.5,2.4361482592203956
656.0,2.4370152497240083
656.5,2.438589505335405
657.0,2.4408222536574558
657.5,2.4435112948338906
658.0,2.446422179345309
658.5,2.44935790860903
659.0,2.452170275856446
659.5,2.4547061101564505
660.0,2.456730208290169
660.5,2.4579505900837755
661.0,2.4580885441028077
661.5,2.4571469496583638
662.0,2.4555253479858634
662.5,2.454012494769554
663.0,2.453630894384635
663.5,2.4552387969849687
664.0,2.4592179106853473
664.5,2.4654348660285037
665.0,2.4734456940477165
665.5,2.483059292417238
666.0,2.4947020886165734
666.5,2.509902307660525
667.0,2.530230308065756
667.5,2.5557603990115285
668.0,2.5841979470148093
668.5,2.6118322648284713
669.0,2.6354945026177736
669.5,2.653676980842155
670.0,2.6666725954888078
670.5,2.676523891580153
671.0,2.6868939670257435
671.5,2.702620943459105
672.0,2.727855218580915
672.5,2.7631723754959587
673.0,2.803921477648178
673.5,2.842834146364773
674.0,2.8747614660064142
674.5,2.8989704609573597
675.0,2.917622013967298
675.5,2.9334939007960283
676.0,2.948538414923296
676.5,2.963465115829857
677.0,2.9779062026088443
677.5,2.9909259872949505
678.0,3.0016589265361677
678.5,3.0097618797352688
679.0,3.0155798658758983
679.5,3.02007399915653
680.0,3.0240490799680475
680.5,3.0278444070836703
681.0,3.031300844507478
681.5,3.033975663325165
682.0,3.035505583722431
682.5,3.0358237338252576
683.0,3.0351689952023633
683.5,3.033918704894875
684.0,3.0323931000418667
684.5,3.030731180266038
685.0,3.0289593836556716
685.5,3.0271137554830045
686.0,3.0253846935088586
686.5,3.0240693169281228
687.0,3.0234187304877302
687.5,3.0234099157458627
688.0,3.0236401203351315
688.5,3.023466289072258
689.0,3.022251954416915
689.5,3.0196533679509168
690.0,3.015772059064033
690.5,3.011089408734592
691.0,3.0062491680108736
691.5,3.001729842182747
692.0,2.9976708576901507
692.5,2.9938284963935815
693.0,2.989788516435861
693.5,2.985233724022013
694.0,2.98005564866774
694.5,2.9743384063693385
695.0,2.968210997339878
695.5,2.9616690411102597
696.0,2.9544839332263666
696.5,2.946313033350815
697.0,2.936858992961686
697.5,2.9260556123038546
698.0,2.9141233802029096
698.5,2.901483903141391
699.0,2.888596053827493
699.5,2.8757814944827635
700.0,2.8631371353570785
700.5,2.850495243449755
701.0,2.837503165780546
701.5,2.823733885896496
702.0,2.808755588342267
702.5,2.7922210570191526
703.0,2.7739202408545878
703.5,2.75388652039507
704.0,2.732444030058342
704.5,2.7101630883076417
705.0,2.687795929227873
705.5,2.6660080743694823
706.0,2.645170840284759
706.5,2.625107289608836
707.0,2.605204879368778
707.5,2.5846160002401835
708.0,2.5625603016526712
708.5,2.538681790075327
709.0,2.513186776824702
709.5,2.486784868581731
710.0,2.4603965655164957
710.5,2.434886986485834
711.0,2.4107747012605456
711.5,2.388160211016444
712.0,2.3668170597449616
712.5,2.346384447224591
713.0,2.326546746444914
713.5,2.307149688539113
714.0,2.2882579805067937
714.5,2.2701212449466817
715.0,2.2530733009273036
715.5,2.237473468306921
716.0,2.223619483787541
716.5,2.211677855910875
717.0,2.2015951760359007
717.5,2.1931278033267434
718.0,2.185883955105808
718.5,2.179427002381597
719.0,2.173451844273544
719.5,2.167891091246266
720.0,2.1629013012215506
720.5,2.1588023150141176
721.0,2.1558470589753194
721.5,2.1540711719504655
722.0,2.1532204749688275
722.5,2.1528352121496623
723.0,2.1524211842035235
723.5,2.1516317673794734
724.0,2.1504028563323736
724.5,2.1488805974521834
725.0,2.14730090678967
725.5,2.145769671397148
726.0,2.144135633852102
726.5,2.142005324245284
727.0,2.138895136062182
727.5,2.1344474948369325
728.0,2.1286034226356505
728.5,2.1216527405312737
729.0,2.114134488737431
729.5,2.106606017838522
730.0,2.099503919704607
730.5,2.093040635475616
731.0,2.0872205746315307
731.5,2.0819034353045787
732.0,2.0769192662086464
732.5,2.0721271438697806
733.0,2.067425072119434
733.5,2.062767300005375
734.0,2.058187564081552
734.5,2.0538509348527914
735.0,2.0501303879590456
735.5,2.047600904780072
736.0,2.0469553441557573
736.5,2.048823607005062
737.0,2.053605846595507
737.5,2.0613899819245147
738.0,2.072018491329619
738.5,2.0852613816260144
739.0,2.1010574524259
739.5,2.1196604973667306
740.0,2.141654974476843
740.5,2.167764075054282
741.0,2.198615092252458
741.5,2.234497904559462
742.0,2.2753030516584056
742.5,2.320594894330531
743.0,2.3697551747238883
743.5,2.422096872075396
744.0,2.476925639498692
744.5,2.533526240934652
745.0,2.5911096880893343
745.5,2.6487295767618213
746.0,2.705298622158762
746.5,2.759716808888962
747.0,2.811046284035198
747.5,2.85864177711432
748.0,2.9021220264285175
748.5,2.9412623423285864
749.0,2.975782801754583
749.5,3.0052449399428984
750.0,3.0290589167839395
750.5,3.0466428757814388
751.0,3.05762891138832
751.5,3.0620217074515232
752.0,3.0602150427285086
752.5,3.0528720267938216
753.0,3.0406689198619623
753.5,3.024142597930377
754.0,3.003680254069551
754.5,2.9795424950085505
755.0,2.952011087490637
755.5,2.921482969440453
756.0,2.888299989531045
756.5,2.8526425905681534
757.0,2.814431143823431
757.5,2.773392958409742
758.0,2.729081619502301
758.5,2.6811688841246997
759.0,2.6296007547176976
759.5,2.574590477225037
760.0,2.5166076560467587
760.5,2.456338036993263
761.0,2.394351508052151
761.5,2.331174525439081
762.0,2.2674088744258287
762.5,2.203858689998744
763.0,2.14143763914792
763.5,2.0810847282381477
764.0,2.0235147339993613
764.5,1.968982129570196
765.0,1.9172963127862381
765.5,1.867939755754283
766.0,1.8203479522446362
766.5,1.77420479772751
767.0,1.7295716152642409
767.5,1.6868804654165477
768.0,1.6467802894946832
768.5,1.6098747631018726
769.0,1.576550094059851
769.5,1.546876177330324
770.0,1.5206457563912124
770.5,1.4974071576715828
771.0,1.4765931813244826
771.5,1.4576488698505596
772.0,1.4400763045509697
772.5,1.423520982028657
773.0,1.4078052746830327
773.5,1.3929762494889617
774.0,1.3792445656585715
774.5,1.366914370639685
775.0,1.356317902797146
775.5,1.3476485480522622
776.0,1.3408983130975112
776.5,1.3358647009782465
777.0,1.332231201697612
777.5,1.3296594718835755
778.0,1.3278805125754334
778.5,1.3267568848127556
779.0,1.326233962077079
779.5,1.3262848087730108
780.0,1.3268316351233507
780.5,1.3277513379909571
781.0,1.328882503225169
781.5,1.3301177118921355
782.0,1.3314630299061867
782.5,1.3330787274515057
783.0,1.3351993098882793
783.5,1.3380516812904695
784.0,1.3417588902030364
784.5,1.3462673393193607
785.0,1.351351997443829
785.5,1.3566888211362411
786.0,1.3619295874065904
786.5,1.366825554896923
787.0,1.3713064389720127
787.5,1.3755094896533744
788.0,1.3797118516996933
788.5,1.3842686009178655
789.0,1.3895423597695946
789.5,1.3958293668070518
790.0,1.4032885230365282
790.5,1.4119201586124699
791.0,1.421584930031805
791.5,1.4320726225344669
792.0,1.443189653568334
792.5,1.4548601677209272
793.0,1.467177781023612
793.5,1.480394814053784
794.0,1.4948542621808643
794.5,1.5108536835382513
795.0,1.5285562989177912
795.5,1.547906395305172
796.0,1.5686482057037971
796.5,1.5904714454161695
797.0,1.613112679742581
797.5,1.6364552492594828
798.0,1.660567359880381
798.5,1.6856839514457913
799.0,1.7121182966363813
799.5,1.7401739995847607
800.0,1.7701041283314174
800.5,1.8020750749873786
801.0,1.8361374074361934
801.5,1.8723172510876478
802.0,1.9106114696770786
802.5,1.9509815564862867
803.0,1.993352262063169
803.5,2.0376628806410406
804.0,2.0839253753611784
804.5,2.1323183198844897
805.0,2.1832269725654703
805.5,2.2372378353458098
806.0,2.295033643838531
806.5,2.3572185907880217
807.0,2.424223656764408
807.5,2.496221267081935
808.0,2.573185499277239
808.5,2.655047095353905
809.0,2.7417923067753525
809.5,2.8334519814873365
810.0,2.930116616198504
810.5,3.031767690996154
811.0,3.138241699980225
811.5,3.249187747320213
812.0,3.3642421753922735
812.5,3.4831399207745153
813.0,3.605920855857416
813.5,3.7329473481474555
814.0,3.8647234058510147
814.5,4.001509257219032
815.0,4.143318720879403
815.5,4.289771758408401
816.0,4.440342467889421
816.5,4.594606259162685
817.0,4.752418782239898
817.5,4.913918766868143
818.0,5.079227475572012
818.5,5.248056344427582
819.0,5.419510122422278
819.5,5.59218967594952
820.0,5.764610281348677
820.5,5.935791006779453
821.0,6.105477884512048
821.5,6.274114190056848
822.0,6.442315659734796
822.5,6.61025544148247
823.0,6.777270767919761
823.5,6.942074045087538
824.0,7.10320059340468
824.5,7.25975764304308
825.0,7.41178282143102
825.5,7.5601599264658255
826.0,7.7058851728933355
826.5,7.8495098141106565
827.0,7.990480952218577
827.5,8.127367474313445
828.0,8.258585397372162
828.5,8.383313876969403
829.0,8.501869574709012
829.5,8.615459258804037
830.0,8.725311985359856
830.5,8.831960337691482
831.0,8.934901468266748
831.5,9.032946791240835
832.0,9.1249720607381
832.5,9.210598176882813
833.0,9.290422035196976
833.5,9.365573625770462
834.0,9.436900635630698
834.5,9.504324424693426
835.0,9.566813303436826
835.5,9.622864553537129
836.0,9.671448221543404
836.5,9.712451832508709
837.0,9.746582279651136
837.5,9.774805960367098
838.0,9.797641110540454
838.5,9.814667623760322
839.0,9.824708619331904
839.5,9.826486160992566
840.0,9.819457763671595
840.5,9.803947851402251
841.0,9.781226417233325
841.5,9.752486332693735
842.0,9.718067783697823
842.5,9.67736554219338
843.0,9.629433073181096
843.5,9.573803857539497
844.0,9.511180709630349
844.5,9.443350862278795
845.0,9.372513265842388
845.5,9.300247532889259
846.0,9.22685870823216
846.5,9.151420252946139
847.0,9.072479155568
847.5,8.988946407026548
848.0,8.900786943508674
848.5,8.809017620236324
849.0,8.715134611461348
849.5,8.620219928438097
850.0,8.524583147663563
850.5,8.427829956163226
851.0,8.329393865393891
851.5,8.229100968466554
852.0,8.127468261135743
852.5,8.02547548035505
853.0,7.9240630344877445
853.5,7.823528298535849
854.0,7.723354658787046
854.5,7.622488953755819
855.0,7.520089104356367
855.5,7.416025901984382
856.0,7.3109847433272375
856.5,7.206062679939008
857.0,7.102190409777907
857.5,6.999779888295986
858.0,6.898630254912361
858.5,6.798294626850172
859.0,6.698525745872991
859.5,6.59953893383438
860.0,6.501889800592437
860.5,6.406087300090645
861.0,6.31217223349791
861.5,6.219620796005839
862.0,6.127567353938525
862.5,6.035306363072994
863.0,5.942691934761022
863.5,5.850257290725476
864.0,5.758923803829666
864.5,5.6695585467827545
865.0,5.582484660953489
865.5,5.497377500689522
866.0,5.413489050591467
866.5,5.33010491173297
867.0,5.246919521816234
867.5,5.164262946569272
868.0,5.082847331477132
868.5,5.003367649625918
869.0,4.926141376915504
869.5,4.851014461629689
870.0,4.777538951537917
870.5,4.705309735861625
871.0,4.6341667477405295
871.5,4.564179779722711
872.0,4.495504660130067
872.5,4.428127498314756
873.0,4.361764726244212
873.5,4.295922369030206
874.0,4.23014915169164
874.5,4.164268330515898
875.0,4.098490047531268
875.5,4.033288650488029
876.0,3.9691880469636276
876.5,3.9065068932148965
877.0,3.8453070380858017
877.5,3.785454597110659
878.0,3.7267974805928548
878.5,3.669263987518974
879.0,3.612959225253542
879.5,3.557988498641145
880.0,3.5043439699377656
880.5,3.4517853446440934
881.0,3.3999203118291126
881.5,3.3483409015547063
882.0,3.2969566941638764
882.5,3.2460521913158056
883.0,3.19622158229324
883.5,3.148109491400627
884.0,3.102211003040871
884.5,3.0586527007560447
885.0,3.0172613029227
885.5,2.977696178436128
886.0,2.939661398765724
886.5,2.903018171193819
887.0,2.8677701311631867
887.5,2.8339640843146117
888.0,2.801553678859324
888.5,2.7703404352558056
889.0,2.7400170491904876
889.5,2.7102924997627786
890.0,2.6810187706231665
890.5,2.6522592369922955
891.0,2.624239008375324
891.5,2.597235239103914
892.0,2.571465807485907
892.5,2.547047436418981
893.0,2.5239622225727465
893.5,2.50214605754641
894.0,2.4815077179616845
894.5,2.4619560823015583
895.0,2.443339493191936
895.5,2.4254300264488573
896.0,2.4079629921575756
896.5,2.3907092549596753
897.0,2.3735615939372665
897.5,2.3565964000769615
898.0,2.340023439769894
898.5,2.3240801091116854
899.0,2.308868707238673
899.5,2.2942848075290705
900.0,2.2800208123427783
900.5,2.265693797853304
901.0,2.2510113586301026
901.5,2.235915674358714
902.0,2.2205946866019493
902.5,2.205378154118053
903.0,2.1905730220733837
903.5,2.176281088025534
904.0,2.1623679511216416
904.5,2.1485318331210617
905.0,2.1344555082228944
905.5,2.119972975895691
906.0,2.1051557060022845
906.5,2.090313601438212
907.0,2.0758547995096204
907.5,2.062160602389058
908.0,2.0495069500997825
908.5,2.037931988735472
909.0,2.0273331428577746
909.5,2.0175203712345566
910.0,2.0083006112695214
910.5,1.999499967131829
911.0,1.991004719650788
911.5,1.9827709735512031
912.0,1.9748260311634593
912.5,1.9672695728173801
913.0,1.960238825016421
913.5,1.953856228516106
914.0,1.948159464518604
914.5,1.9430643868988478
915.0,1.938356277020231
915.5,1.933748604496508
916.0,1.9289823125606123
916.5,1.9238968163288492
917.0,1.9185082502607769
917.5,1.912952923752456
918.0,1.9073932802343978
918.5,1.9019286618672095
919.0,1.896516398370228
919.5,1.8909892105298474
920.0,1.8850953175829617
920.5,1.8785832211137716
921.0,1.8712993336468784
921.5,1.8631786328858482
922.0,1.8542910361518852
922.5,1.8447393682145474
923.0,1.834630071086071
923.5,1.824067456212671
924.0,1.813156567603634
924.5,1.8020139369751589
925.0,1.7907404359592927
925.5,1.779403138760363
926.0,1.7679916523044554
926.5,1.756417318607778
927.0,1.7445660364629716
927.5,1.732363646640673
928.0,1.7198591452780123
928.5,1.7072610906267867
929.0,1.6949050914617536
929.5,1.6831480424102943
930.0,1.672287915445172
930.5,1.6624624160989543
931.0,1.6536658237346888
931.5,1.6458234836767691
932.0,1.6388677165395236
932.5,1.6328075539370348
933.0,1.6277510352701314
933.5,1.623856711836977
934.0,1.6212698338555627
934.5,1.6200528112466603
935.0,1.6201740699698366
935.5,1.6214606212934461
936.0,1.6237207762453902
936.5,1.6268046800681466
937.0,1.6306212383410559
937.5,1.635154618375677
938.0,1.6404334832250065
938.5,1.6465194559021665
939.0,1.653461521887033
939.5,1.6612787026908582
940.0,1.669936527970421
940.5,1.6793254738077752
941.0,1.68924550526959
941.5,1.6994071057766087
942.0,1.70947943487008
942.5,1.7191488874768979
943.0,1.728197937768385
943.5,1.7365512542390715
944.0,1.7443154956330709
944.5,1.7516877439247012
945.0,1.758865836051902
945.5,1.7659446466050963
946.0,1.7728681581512808
946.5,1.779422722449192
947.0,1.785308507663799
947.5,1.7902607290864654
948.0,1.7941242444566516
948.5,1.796875676469686
949.0,1.7987006360822968
949.5,1.799833615278575
950.0,1.8005053630173058
950.5,1.800883364156618
951.0,1.8010641283966864
951.5,1.801081364763473
952.0,1.8009488900957202
952.5,1.8006855275472622
953.0,1.8003344834416173
953.5,1.7999792205510758
954.0,1.7997576531686574
954.5,1.7998618635659884
955.0,1.8005343044123667
955.5,1.8020346380603887
956.0,1.8046021284568976
956.5,1.8083893920501573
957.0,1.8134501370282194
957.5,1.8196940446573302
958.0,1.8269763010455793
958.5,1.8351697224764503
959.0,1.8442395362137392
959.5,1.8542681047315037
960.0,1.865459082351436
960.5,1.8780614949044467
961.0,1.8923229850869374
961.5,1.908394186906562
962.0,1.9263581909994145
962.5,1.9461217699925752
963.0,1.967565762122166
963.5,1.9905751764551103
964.0,2.015055570327748
964.5,2.040938944359971
965.0,2.068199341389446
965.5,2.096820483276618
966.0,2.126796380719716
966.5,2.1581331343664094
967.0,2.1908346186139003
967.5,2.224883145214503
968.0,2.2602157321775196
968.5,2.2966970555857427
969.0,2.3341234344117288
969.5,2.372258501648252
970.0,2.410911894935253
970.5,2.44998292984598
971.0,2.489535095588859
971.5,2.5297214946481654
972.0,2.570730349347667
972.5,2.612667653519142
973.0,2.655505117754848
973.5,2.6990461579307827
974.0,2.743042116192994
974.5,2.787246609391473
975.0,2.8315093883304883
975.5,2.8758011355451902
976.0,2.9202270681174176
976.5,2.9648652866838625
977.0,3.0097350522645807
977.5,3.0547591058198456
978.0,3.0998508563309244
978.5,3.144984025685144
979.0,3.1902607461043444
979.5,3.2359026589852373
980.0,3.282175840526357
980.5,3.3292872599490755
981.0,3.3773181181891516
981.5,3.426222711501895
982.0,3.4758889360776704
982.5,3.526228218821166
983.0,3.5772095568061966
983.5,3.628860117253717
984.0,3.681193938964283
984.5,3.734163525739922
985.0,3.787639817081704
985.5,3.8414702279686765
986.0,3.8955386310694187
986.5,3.9498108542603023
987.0,4.004339704099684
987.5,4.059172545165025
988.0,4.114265758694009
988.5,4.16945281625935
989.0,4.224414985383655
989.5,4.27880223615199
990.0,4.332408826454521
990.5,4.385205179252311
991.0,4.437300291412192
991.5,4.4888109530133065
992.0,4.539671340369791
992.5,4.589588357135256
993.0,4.638100979151808
993.5,4.684762011472605
994.0,4.72931817089721
994.5,4.771765139154992
995.0,4.812295579262548
995.5,4.8511064724086985
996.0,4.888212030760887
996.5,4.923377707959161
997.0,4.9561769172410095
997.5,4.986184117633363
998.0,5.013259540137019
998.5,5.037503420062749
999.0,5.059201435048049
999.5,5.078650624754126
1000.0,5.095948183314417
1000.5,5.110934140690143
1001.0,5.123293438407619
1001.5,5.1327334905315505
1002.0,5.139208458694073
1002.5,5.142902558171079
1003.0,5.144323769005153
1003.5,5.143831267141106
1004.0,5.141605501625239
1004.5,5.1375816033874955
1005.0,5.131616075238874
1005.5,5.123618511480074
1006.0,5.113698186195683
1006.5,5.102164543552455
1007.0,5.0893806096728245
1007.5,5.075598008873237
1008.0,5.060896399603373
1008.5,5.045256861736885
1009.0,5.028719474157489
1009.5,5.011526132354249
1010.0,4.994158720043501
1010.5,4.977205004323645
1011.0,4.9611653248229945
1011.5,4.946244681857183
1012.0,4.9324011983687654
1012.5,4.919447730551138
1013.0,4.9072522857170515
1013.5,4.895927110256238
1014.0,4.885864365689783
1014.5,4.877586959173744
1015.0,4.871526364887911
1015.5,4.86783687771173
1016.0,4.866466757541649
1016.5,4.8670760507536075
1017.0,4.869441770941816
1017.5,4.873552609000201
1018.0,4.879572738377718
1018.5,4.887726758584836
1019.0,4.898070291163928
1019.5,4.91041941468225
1020.0,4.924358632637407
1020.5,4.9394308070580575
1021.0,4.955284986234193
1021.5,4.971809794675081
1022.0,4.9890506126582945
1022.5,5.0070337123354784
1023.0,5.025612713209618
1023.5,5.044392812411789
1024.0,5.0628205892693
1024.5,5.0803713369759125
1025.0,5.096813403437468
1025.5,5.112222250535378
1026.0,5.126902943215953
1026.5,5.141217173737247
1027.0,5.155365403510359
1027.5,5.169284358017292
1028.0,5.18276011010271
1028.5,5.195486095309011
1029.0,5.207274054757642
1029.5,5.218056718550868
1030.0,5.227942030692135
1030.5,5.236988229827849
1031.0,5.245157220407253
1031.5,5.252368443908282
1032.0,5.25865202354161
1032.5,5.264227500837865
1033.0,5.269535534638146
1033.5,5.275091168925191
1034.0,5.281267314895616
1034.5,5.288110641601611
1035.0,5.295348651801979
1035.5,5.302571003177361
1036.0,5.309478539369844
1036.5,5.316078785546762
1037.0,5.322737705163769
1037.5,5.3299973379716
1038.0,5.338281944028581
1038.5,5.347637489316451
1039.0,5.357729969195199
1039.5,5.368032948557511
1040.0,5.378101483477639
1040.5,5.387852166170645
1041.0,5.397628314428298
1041.5,5.408052300343172
1042.0,5.41979087648858
1042.5,5.433260224559701
1043.0,5.448536128094322
1043.5,5.4653646472141615
1044.0,5.483467834434979
1044.5,5.50278093300366
1045.0,5.523424095430263
1045.5,5.545660367422739
1046.0,5.569729254313418
1046.5,5.595741923391483
1047.0,5.623640929383523
1047.5,5.653362818146642
1048.0,5.684910262853506
1048.5,5.718424479023688
1049.0,5.754056220798997
1049.5,5.791851473868877
1050.0,5.831615614450713
1050.5,5.872945795795722
1051.0,5.915353087699176
1051.5,5.958492634476144
1052.0,6.002329955217665
1052.5,6.047115560345524
1053.0,6.093091377236113
1053.5,6.140302420594824
1054.0,6.188390815633098
1054.5,6.236607114983174
1055.0,6.28401616277018
1055.5,6.32983085201882
1056.0,6.373575612175707
1056.5,6.4151119069289955
1057.0,6.454758727311015
1057.5,6.49263836105044
1058.0,6.528655200432359
1058.5,6.562513563805045
1059.0,6.593866214701424
1059.5,6.622530741232616
1060.0,6.648542467350708
1060.5,6.672099017269014
1061.0,6.693391928874803
1061.5,6.7122908570607205
1062.0,6.728400856027149
1062.5,6.7412047616405655
1063.0,6.7503295256948155
1063.5,6.755782657150422
1064.0,6.757991350231505
1064.5,6.757619106474609
1065.0,6.755219936161748
1065.5,6.751041505846474
1066.0,6.744981544553916
1066.5,6.736760761102228
1067.0,6.72617293341871
1067.5,6.713306960777234
1068.0,6.698530120063353
1068.5,6.682283156422551
1069.0,6.6648555927683475
1069.5,6.6461187427029165
1070.0,6.625623879515324
1070.5,6.602929584365247
1071.0,6.577846021929653
1071.5,6.550585701990775
1072.0,6.521654625874503
1072.5,6.491603153130064
1073.0,6.460739649811729
1073.5,6.428904087793272
1074.0,6.395750099711632
1074.5,6.360910775098232
1075.0,6.324311726344312
1075.5,6.286238123905011
1076.0,6.247229539288858
1076.5,6.207725263155464
1077.0,6.167862807758503
1077.5,6.12739167985179
1078.0,6.0858674713123895
1078.5,6.042855574833615
1079.0,5.9982324408710666
1079.5,5.952181211805205
1080.0,5.905096893907713
1080.5,5.857317393599076
1081.0,5.808965909779898
1081.5,5.75982499500266
1082.0,5.709700632082426
1082.5,5.658462864571747
1083.0,5.6062248780478825
1083.5,5.553311379699665
1084.0,5.500144653679125
1084.5,5.446875078541896
1085.0,5.393352458400358
1085.5,5.339272562531848
1086.0,5.284157903969685
1086.5,5.227920164408347
1087.0,5.170721723864368
1087.5,5.112959856322053
1088.0,5.055128625069362
1088.5,4.997516563348622
1089.0,4.940297635290166
1089.5,4.883446479819851
1090.0,4.826927230358585
1090.5,4.7709244545001654
1091.0,4.71569756247173
1091.5,4.661512271061015
1092.0,4.608473722615081
1092.5,4.556442040797064
1093.0,4.5052099470505
1093.5,4.454332884381658
1094.0,4.403766274337438
1094.5,4.3537507110233005
1095.0,4.304782769528673
1095.5,4.257436042071594
1096.0,4.212113961169023
1096.5,4.168966411846679
1097.0,4.127817436412754
1097.5,4.088293162301495
1098.0,4.0501756190647935
1098.5,4.013283164744163
1099.0,3.9778133485450287
1099.5,3.9440025624620594
1100.0,3.9120496590430873
1100.5,3.882055722951969
1101.0,3.8539868386810405
1101.5,3.827798549664342
1102.0,3.8034503319524204
1102.5,3.7809461349286297
1103.0,3.7603700049865267
1103.5,3.74173070300421
1104.0,3.724936320939364
1104.5,3.7097959955712163
1105.0,3.6961314316549876
1105.5,3.6838323827347756
1106.0,3.6728780359973534
1106.5,3.6633780868575974
1107.0,3.6554757072815174
1107.5,3.649189812256399
1108.0,3.644393096571265
1108.5,3.6408457086596386
1109.0,3.6382680922602484
1109.5,3.6364732345303676
1110.0,3.6354318970564137
1110.5,3.6351936385280004
1111.0,3.6358571314516563
1111.5,3.637430212573743
1112.0,3.6397774299908088
1112.5,3.6426704321351533
1113.0,3.6459165066375183
1113.5,3.6494274590152993
1114.0,3.6532640535309753
1114.5,3.6575641423289644
1115.0,3.662449656041639
1115.5,3.6679023898062746
1116.0,3.673701897333627
1116.5,3.6795008828384956
1117.0,3.684948395065848
1117.5,3.68975697736417
1118.0,3.693795957245601
1118.5,3.697056668892876
1119.0,3.6996181947085276
1119.5,3.701542383119457
1120.0,3.7028366466447005
1120.5,3.7034474524666594
1121.0,3.7033026422187643
1121.5,3.702325426288753
1122.0,3.70044081721006
1122.5,3.6975159185213937
1123.0,3.693401428478235
1123.5,3.687913004312115
1124.0,3.680928543915305
1124.5,3.672481391379562
1125.0,3.6627669321811136
1125.5,3.652128571393427
1126.0,3.6409241951221043
1126.5,3.6293870923697558
1127.0,3.6175506348808364
1127.5,3.605197274792339
1128.0,3.592049492081319
1128.5,3.5778320697820214
1129.0,3.5624158830688857
1129.5,3.5458984073088713
1130.0,3.528454923768886
1130.5,3.51034382419848
1131.0,3.4916975901226324
1131.5,3.4725645328405212
1132.0,3.4529416861804174
1132.5,3.43282197137204
1133.0,3.41226515340502
1133.5,3.3913953054789996
1134.0,3.3703932567769437
1134.5,3.3493975455706795
1135.0,3.328397599466334
1135.5,3.3073602075600164
1136.0,3.286212993204222
1136.5,3.2649084007070983
1137.0,3.243496927064042
1137.5,3.222133040247965
1138.0,3.201004436955849
1138.5,3.1802834950820382
1139.0,3.1600856747627684
1139.5,3.1404023815209934
1140.0,3.1212604232572545
1140.5,3.102651062169633
1141.0,3.0845679969702227
1141.5,3.0670048288990994
1142.0,3.049946405090565
1142.5,3.0333683652037116
1143.0,3.0172760206186777
1143.5,3.0017105138816076
1144.0,2.9867901223415667
1144.5,2.9727201967390426
1145.0,2.9596896348114545
1145.5,2.9478329266588794
1146.0,2.937119831294657
1146.5,2.9273844048628357
1147.0,2.9183700398196413
1147.5,2.909828813034075
1148.0,2.901622011340791
1148.5,2.8937907258304167
1149.0,2.8865209920573602
1149.5,2.8800842205344948
1150.0,2.8747252936221437
1150.5,2.8706108093500533
1151.0,2.8677714108660735
1151.5,2.86611286354298
1152.0,2.8655138849145274
1152.5,2.8658441186308607
1153.0,2.867034342236394
1153.5,2.869039350379642
1154.0,2.8718414791184115
1154.5,2.875424351096066
1155.0,2.8798009722815854
1155.5,2.88499543233903
1156.0,2.8910392072676614
1156.5,2.8978513483213453
1157.0,2.905277765273715
1157.5,2.913045568361686
1158.0,2.9207813101839886
1158.5,2.9280694179642026
1159.0,2.9345698356902012
1159.5,2.940041919847679
1160.0,2.9444472716552914
1160.5,2.9477630705214684
1161.0,2.949965746247879
1161.5,2.950953949213156
1162.0,2.9505248135131943
1162.5,2.948426361899296
1163.0,2.944449358521274
1163.5,2.9384462076857676
1164.0,2.930397173260487
1164.5,2.920345034572679
1165.0,2.9083244970688114
1165.5,2.894260143183644
1166.0,2.877979832012417
1166.5,2.8593020030277065
1167.0,2.838160706660005
1167.5,2.814640138427385
1168.0,2.7890158027887577
1168.5,2.7616263433305357
1169.0,2.732846314437825
1169.5,2.7029476094651783
1170.0,2.6720924950946636
1170.5,2.6403647349551864
1171.0,2.6078632181435157
1171.5,2.5746669078918956
1172.0,2.5409575786972414
1172.5,2.506832952993774
1173.0,2.4723383113950557
1173.5,2.437489506346415
1174.0,2.4022784387900207
1174.5,2.3667637442573053
1175.0,2.3311280354920685
1175.5,2.2956342919189705
1176.0,2.260697030835921
1176.5,2.226542245317182
1177.0,2.1933778474217367
1177.5,2.16124617520363
1178.0,2.1300377128792043
1178.5,2.0996121788187114
1179.0,2.0699130433782726
1179.5,2.0409768715709102
1180.0,2.012931264636155
1180.5,1.9858545118141144
1181.0,1.9598812100290997
1181.5,1.93503670356064
1182.0,1.9112941879426166
1182.5,1.8886059436775782
1183.0,1.86694311518918
1183.5,1.8463191029919894
1184.0,1.8267542451643757
1184.5,1.808243518787075
1185.0,1.7907365756334734
1185.5,1.7741928256759782
1186.0,1.7585310738401438
1186.5,1.7436735882525038
1187.0,1.7295636433955712
1187.5,1.7161643190373035
1188.0,1.7034148168544139
1188.5,1.6912636886402945
1189.0,1.6795453546412729
1189.5,1.6681145527700985
1190.0,1.6567938329032619
1190.5,1.6454486391538996
1191.0,1.634016272776443
1191.5,1.622525406549317
1192.0,1.6110720645310628
1192.5,1.5998067157877094
1193.0,1.5888696280554875
1193.5,1.5784037816501473
1194.0,1.5684924045682855
1194.5,1.559178183539427
1195.0,1.5504661643573283
1195.5,1.542346703099434
1196.0,1.5347838011506005
1196.5,1.527781772669825
1197.0,1.5213543411336479
1197.5,1.5155516689536415
1198.0,1.510422059541607
1198.5,1.5060505053186977
1199.0,1.5025345202769473
1199.5,1.4999785394706038
1200.0,1.4984359877541649
1200.5,1.4979956389717133
1201.0,1.498668314271901
1201.5,1.5004694681129371
1202.0,1.5033112168859641
1202.5,1.5071045983106028
1203.0,1.5117288647924785
1203.5,1.517055934847579
1204.0,1.5229813889050898
1204.5,1.5294774337942423
1205.0,1.5365088818092172
1205.5,1.544155903037822
1206.0,1.5524261256893306
1206.5,1.5613480714686991
1207.0,1.5708853872961512
1207.5,1.5809483820430792
1208.0,1.5913944269162004
1208.5,1.6020830340856265
1209.0,1.6129080496315344
1209.5,1.6238475574379994
1210.0,1.6348768148872408
1210.5,1.6460333391142572
1211.0,1.6573627548223016
1211.5,1.6688945464506846
1212.0,1.680634984563767
1212.5,1.6925754930275057
1213.0,1.7047178999011006
1213.5,1.7171077596356463
1214.0,1.7297848523282906
1214.5,1.7427645977055692
1215.0,1.7560376881780058
1215.5,1.7695571063180957
1216.0,1.7832557860947493
1216.5,1.7970838742556354
1217.0,1.8110521445859598
1217.5,1.8252030696373382
1218.0,1.8396796619986882
1218.5,1.8545956647269282
1219.0,1.87001003566698
1219.5,1.8859165247627043
1220.0,1.9022415334857523
1220.5,1.9189106199214143
1221.0,1.9358923765585858
1221.5,1.9532324873228841
1222.0,1.971068635561475
1222.5,1.989539633763869
1223.0,2.008766682428959
1223.5,2.0287833755642177
1224.0,2.049534843089032
1224.5,2.0708996939270867
1225.0,2.0927423979013033
1225.5,2.114948812796964
1226.0,2.1374605943930387
1226.5,2.1602542387183843
1227.0,2.183340253478626
1227.5,2.2067332167012457
1228.0,2.230463366939066
1228.5,2.2545606362314246
1229.0,2.279047473973955
1229.5,2.303933382704403
1230.0,2.329133017834927
1230.5,2.354562019406268
1231.0,2.380033296036136
1231.5,2.405324736919865
1232.0,2.430262864357657
1232.5,2.454781302986978
1233.0,2.4789387026819654
1233.5,2.502887831606796
1234.0,2.526758669208367
1234.5,2.5506584233115923
1235.0,2.5745072496949146
1235.5,2.598106837808473
1236.0,2.6212029768632337
1236.5,2.64357279698513
1237.0,2.665092599701061
1237.5,2.685775129945638
1238.0,2.7057248264130176
1238.5,2.7250661745228237
1239.0,2.743849200335054
1239.5,2.7620543028710216
1240.0,2.7795988313572053
1240.5,2.796387822440341
1241.0,2.812328098866942
1241.5,2.8273250110321655
1242.0,2.8412967927415815
1242.5,2.85419727411513
1243.0,2.8659152356780853
1243.5,2.876348453845817
1244.0,2.8854646107579427
1244.5,2.8933159050550072
1245.0,2.90000387646157
1245.5,2.905703799288145
1246.0,2.9105570815238155
1246.5,2.914612412672216
1247.0,2.917905125423932
1247.5,2.9204286978002383
1248.0,2.9222661951237985
1248.5,2.9235741382556744
1249.0,2.92455543237666
1249.5,2.925363001628334
1250.0,2.9260503671561864
1250.5,2.9265576971441294
1251.0,2.9267789952502383
1251.5,2.9266260945049223
1252.0,2.926164127163601
1252.5,2.9256286320420988
1253.0,2.9253597808205996
1253.5,2.925691985098902
1254.0,2.9268074751811275
1254.5,2.9287718760670987
1255.0,2.9315606889036836
1255.5,2.935161969171592
1256.0,2.9396858195936906
1256.5,2.94543102418243
1257.0,2.9528256611916706
1257.5,2.962327310199965
1258.0,2.9743049817638063
1258.5,2.9890576397404685
1259.0,3.0066704429715188
1259.5,3.02729805854946
1260.0,3.0511326591480246
1260.5,3.0785062571633772
1261.0,3.1098407848404626
1261.5,3.1455894633225543
1262.0,3.186292264025914
1262.5,3.2324839081057473
1263.0,3.2847767069866993
1263.5,3.3440358654772795
1264.0,3.411215220565247
1264.5,3.487444557804229
1265.0,3.5739159686941595
1265.5,3.671786847501576
1266.0,3.7820796048140215
1266.5,3.9061188462064145
1267.0,4.045494745256814
1267.5,4.2016305869034944
1268.0,4.37614840558513
1268.5,4.5707549582649865
1269.0,4.786737213656118
1269.5,5.024685348206751
1270.0,5.2843835594315625
1270.5,5.564693370481717
1271.0,5.864082678662846
1271.5,6.181158729586054
1272.0,6.514323331736579
1272.5,6.861126943274379
1273.0,7.219098881192079
1273.5,7.5853125921257485
1274.0,7.955996521416665
1274.5,8.326860063635914
1275.0,8.692933873054312
1275.5,9.048426185535195
1276.0,9.38839606831638
1276.5,9.706377055467092
1277.0,9.995823784356908
1277.5,10.25025451256938
1278.0,10.463463316117256
1278.5,10.630157828632953
1279.0,10.746635080021877
1279.5,10.812232285579396
1280.0,10.828462632650002
1280.5,10.798375372514815
1281.0,10.726400230674749
1281.5,10.6170383779957
1282.0,10.474589398621317
1282.5,10.303501652818987
1283.0,10.108531597329238
1283.5,9.89469070089046
1284.0,9.666734459852684
1284.5,9.428987074449054
1285.0,9.184422700401706
1285.5,8.934539722011657
1286.0,8.680293847980858
1286.5,8.422514554550814
1287.0,8.162441125694379
1287.5,7.901944919026821
1288.0,7.643419445329986
1288.5,7.38809950517991
1289.0,7.137245917554255
1289.5,6.891112311698126
1290.0,6.649501630104426
1290.5,6.412314560148036
1291.0,6.179514911142688
1291.5,5.951749117353018
1292.0,5.729411776817166
1292.5,5.51261056651852
1293.0,5.301417119688874
1293.5,5.095415234786638
1294.0,4.894182129515725
1294.5,4.697438983573942
1295.0,4.505333552161311
1295.5,4.318305667472008
1296.0,4.136554142809144
1296.5,3.960594486936946
1297.0,3.7907243412055487
1297.5,3.6270450366727816
1298.0,3.4696428115405036
1298.5,3.3186775769856474
1299.0,3.1745874967437286
1299.5,3.0376223246957617
1300.0,2.9081667054475555
1300.5,2.7860815635887253
1301.0,2.671692020409446
1301.5,2.565069462188246
1302.0,2.466284280016041
1302.5,2.3753527593448664
1303.0,2.2921854189107425
1303.5,2.2164828216510077
1304.0,2.1478272327731536
1304.5,2.085609597913365
1305.0,2.029149301138662
1305.5,1.97799575524981
1306.0,1.9317548150765362
1306.5,1.8901028453358069
1307.0,1.8527285993479854
1307.5,1.8192778048191478
1308.0,1.7893138889613316
1308.5,1.7623543405053395
1309.0,1.7380611606503045
1309.5,1.7162481710359105
1310.0,1.6968546142546206
1310.5,1.6798478899137197
1311.0,1.6651250652962584
1311.5,1.652405273903835
1312.0,1.641225322967119
1312.5,1.631081728706343
1313.0,1.6214484879037239
1313.5,1.6121092592404147
1314.0,1.6030988477449608
1314.5,1.5946355369302467
1315.0,1.5869753870742855
1315.5,1.5802543369436872
1316.0,1.5744142241616874
1316.5,1.5692341353696513
1317.0,1.564420045887565
1317.5,1.559693604971049
1318.0,1.5548925389080352
1318.5,1.5499547554507804
1319.0,1.5448655812888532
1319.5,1.5395988273458527
1320.0,1.5341127107297219
1320.5,1.528386155971917
1321.0,1.5224640781701153
1321.5,1.5164948056152348
1322.0,1.5106874276804123
1322.5,1.5052317151726153
1323.0,1.5002075923958298
1323.5,1.4955376899011004
1324.0,1.4910314395741515
1324.5,1.4864715761663163
1325.0,1.4817328958819591
1325.5,1.476851998854481
1326.0,1.4720046376742801
1326.5,1.4673677448663698
1327.0,1.463016592014058
1327.5,1.458869213295788
1328.0,1.4547198365146035
1328.5,1.4503417467182418
1329.0,1.4456128535654063
1329.5,1.4405694269296743
1330.0,1.435379684728928
1330.5,1.4302264873504844
1331.0,1.4251862941378748
1331.5,1.4201627546529632
1332.0,1.4149231088609446
1332.5,1.409193972941361
1333.0,1.4028156901744924
1333.5,1.3958195961856963
1334.0,1.3884330654508787
1334.5,1.3810010077995842
1335.0,1.3738458099328774
1335.5,1.3671582382557352
1336.0,1.3609604103321724
1336.5,1.3551296497203675
1337.0,1.3494631797443057
1337.5,1.343747834348815
1338.0,1.3378500191138392
1338.5,1.331721959421113
1339.0,1.3253967962610333
1339.5,1.3189956112512702
1340.0,1.3127009792074833
1340.5,1.3067180557816045
1341.0,1.301219122406829
1341.5,1.296301581698745
1342.0,1.2919124420313401
1342.5,1.2878810074658973
1343.0,1.2839302974618216
1343.5,1.2797850224939529
1344.0,1.2752965150216606
1344.5,1.270542190468043
1345.0,1.2658167946415453
1345.5,1.2615324940007189
1346.0,1.2580407959782414
1346.5,1.2554875347840642
1347.0,1.2537516858915412
1347.5,1.252479053924684
1348.0,1.2511832352036936
1348.5,1.2493915933049835
1349.0,1.2467962024799348
1349.5,1.243341698546283
1350.0,1.239188174058067
1350.5,1.2346726852388812
1351.0,1.2302097651632298
1351.5,1.2261750511384641
1352.0,1.2228442783423248
1352.5,1.2203648505683495
1353.0,1.2187473825354957
1353.5,1.2178773792889657
1354.0,1.2175719302215453
1354.5,1.2176578075617859
1355.0,1.2180179803460847
1355.5,1.218638793935885
1356.0,1.2196280500194352
1356.5,1.2211958047215177
1357.0,1.2235800735798907
1357.5,1.2269865116117573
1358.0,1.2315374089997937
1358.5,1.2372759691492328
1359.0,1.2442299807822597
1359.5,1.252465595198944
1360.0,1.26214154007997
1360.5,1.2734744331656616
1361.0,1.286628054793378
1361.5,1.30161388410693
1362.0,1.3180801750173585
1362.5,1.3354803713709371
1363.0,1.3531814841849403
1363.5,1.3706681970205277
1364.0,1.3877277956705978
1364.5,1.4044951743823852
1365.0,1.4213840500451742
1365.5,1.438892478423262
1366.0,1.4573508843004601
1366.5,1.4768060599870534
1367.0,1.4966943953827563
1367.5,1.5162381571601091
1368.0,1.5346780034069722
1368.5,1.5515709520602996
1369.0,1.5668584866870707
1369.5,1.5807671460029817
1370.0,1.5936176559543709
1370.5,1.6056858399646017
1371.0,1.6171438460540144
1371.5,1.6280111892673605
1372.0,1.6382436137747731
1372.5,1.6477784235488881
1373.0,1.6565595967398876
1373.5,1.664543477947226
1374.0,1.671685927265884
1374.5,1.6779627503613064
1375.0,1.6834183112888796
1375.5,1.6881624746446238
1376.0,1.6923399672047077
1376.5,1.6961085654963206
1377.0,1.6995753230391317
1377.5,1.702765839196503
1378.0,1.7055636003773134
1378.5,1.707797633154642
1379.0,1.7092984392449293
1379.5,1.7099950580041896
1380.0,1.7098716430874104
1380.5,1.7089455523070498
1381.0,1.707080046380696
1381.5,1.7040026509330175
1382.0,1.6993322007307465
1382.5,1.6927436695921112
1383.0,1.684056092974432
1383.5,1.6733421805345052
1384.0,1.6608515119741998
1384.5,1.6469064366701387
1385.0,1.6317681282977632
1385.5,1.6155760076324446
1386.0,1.5984062745164382
1386.5,1.58033843161806
1387.0,1.5615198681568454
1387.5,1.542091093123805
1388.0,1.5220962747268334
1388.5,1.5014188525474252
1389.0,1.479800470136344
1389.5,1.456993101218013
1390.0,1.4329070475393808
1390.5,1.4077700408829235
1391.0,1.3822209596624633
1391.5,1.3571357912329225
1392.0,1.3335159487578447
1392.5,1.312066509726813
1393.0,1.2929423618214209
1393.5,1.2758030247320047
1394.0,1.2599906510257082
1394.5,1.2448480266509798
1395.0,1.2298897380904095
1395.5,1.2148094746131268
1396.0,1.199606244090507
1396.5,1.1844664396919544
1397.0,1.1697726293761168
1397.5,1.1560198971469375
1398.0,1.1437072040596161
1398.5,1.1332033268044945
1399.0,1.124620473624444
1399.5,1.1176927926649944
1400.0,1.1118576553845096
1400.5,1.1064573453795046
1401.0,1.1010227168607567
1401.5,1.0954516044545037
1402.0,1.090055209257459
1402.5,1.0854213982352796
1403.0,1.0821729992988918
1403.5,1.080662746696624
1404.0,1.0807449462529772
1404.5,1.0817903088354324
1405.0,1.0829713476481504
1405.5,1.0835860035389064
1406.0,1.0833275196865262
1406.5,1.0823191337049414
1407.0,1.0810380102619679
1407.5,1.0800627176857833
1408.0,1.079862558741922
1408.5,1.0806421549555238
1409.0,1.0822998809828421
1409.5,1.0844975207239445
1410.0,1.086833413187194
1410.5,1.0890323630078098
1411.0,1.090997595698113
1411.5,1.0927796948536617
1412.0,1.0944860140552728
1412.5,1.0962162984434964
1413.0,1.0980236814848294
1413.5,1.0999215543647023
1414.0,1.1019014819848167
1414.5,1.1039559159323442
1415.0,1.1061050050363463
1415.5,1.1084085612199206
1416.0,1.111031893191381
1416.5,1.1142536759537018
1417.0,1.118476511034594
1417.5,1.1241557237071813
1418.0,1.131566102274268
1418.5,1.140587339209209
1419.0,1.1506105289740527
1419.5,1.1607073118699998
1420.0,1.1699538388176913
1420.5,1.1778131937011818
1421.0,1.1844525771542758
1421.5,1.1906910802646657
1422.0,1.1978720122649211
1422.5,1.2075041407294689
1423.0,1.2206540987386179
1423.5,1.2373884926215046
1424.0,1.2566040718979123
1424.5,1.2765913552807704
1425.0,1.2957982633022498
1425.5,1.3134026965351342
1426.0,1.3293844215761055
1426.5,1.3443038735614596
1427.0,1.3589439151857798
1427.5,1.3740315658102777
1428.0,1.389907872539037
1428.5,1.4064834432901592
1429.0,1.4232569771134038
1429.5,1.4395416610644738
1430.0,1.4545685590179724
1430.5,1.467648538957425
1431.0,1.4782405363688047
1431.5,1.4859353602376737
1432.0,1.4904873896854551
1432.5,1.4918833379670506
1433.0,1.4903534422282192
1433.5,1.4864758697954463
1434.0,1.481065228956374
1434.5,1.474981573993631
1435.0,1.4688255269695534
1435.5,1.4627862049925078
1436.0,1.456593094460907
1436.5,1.449611823463032
1437.0,1.4410832986312703
1437.5,1.4304637247300893
1438.0,1.4176498036462046
1438.5,1.4030431301640982
1439.0,1.3874749672478022
1439.5,1.3719821510465313
1440.0,1.3576046059020348
1440.5,1.3451957450832828
1441.0,1.335258530527557
1441.5,1.3277640882393276
1442.0,1.3221613211082248
1442.5,1.3176741851574996
1443.0,1.3135945921716128
1443.5,1.3094397342433286
1444.0,1.3049882086439635
1444.5,1.3002556642768475
1445.0,1.2954542789297965
1445.5,1.290914854364615
1446.0,1.286973431231083
1446.5,1.283827914440983
1447.0,1.281445046869037
1447.5,1.2794942729454823
1448.0,1.2774580409127367
1448.5,1.2747998596450163
1449.0,1.27116698458402
1449.5,1.2664664191839141
1450.0,1.2609512107113154
1450.5,1.2551207233120858
1451.0,1.24952775147763
1451.5,1.2446316684777754
1452.0,1.2406276492488284
1452.5,1.2373729015466228
1453.0,1.23443548198849
1453.5,1.231301799709433
1454.0,1.2275527661959058
1454.5,1.2230159039512363
1455.0,1.217892662993341
1455.5,1.2127203040117298
1456.0,1.2081893544287976
1456.5,1.2047440276961645
1457.0,1.2020852244290772
1457.5,1.1990655077174317
1458.0,1.1941341949878994
1458.5,1.186091251016705
1459.0,1.174430171223229
1459.5,1.1593385141530157
1460.0,1.1418251323365973
1460.5,1.1237710047280827
1461.0,1.1077170704892443
1461.5,1.0957723207564032
1462.0,1.0883846016645593
1462.5,1.0841756401162361
1463.0,1.080980690291697
1463.5,1.077155914818634
1464.0,1.0719162003047804
1464.5,1.0650359613637292
1465.0,1.0565872960451657
1465.5,1.0467032327368426
1466.0,1.0354881440130956
1466.5,1.0230859174872924
1467.0,1.0097659586115912
1467.5,0.9959554534821635
1468.0,0.982231494259157
1468.5,0.969284651706146
1469.0,0.957758445386764
1469.5,0.9480100548099525
1470.0,0.9400371718051352
1470.5,0.933599983411239
1471.0,0.9283824394412657
1471.5,0.9241124353664024
1472.0,0.9205945858000658
1472.5,0.9175659068063007
1473.0,0.9146126527709777
1473.5,0.9112279881184245
1474.0,0.906966881407745
1474.5,0.9016742865439773
1475.0,0.8955006502203852
1475.5,0.8889329556160503
1476.0,0.8826701243677505
1476.5,0.8774307132367523
1477.0,0.8736456224720239
1477.5,0.8712175982794589
1478.0,0.869605359022918
1478.5,0.8681726461448697
1479.0,0.8665456359246182
1479.5,0.864663455236004
1480.0,0.8626572862893895
1480.5,0.860663502205336
1481.0,0.8586756623035026
1481.5,0.8565314223417985
1482.0,0.8539805063435195
1482.5,0.8508301328709895
1483.0,0.8470099048851694
1483.5,0.8425924546695858
1484.0,0.8377494166934767
1484.5,0.8326579592417509
1485.0,0.8274333703110879
1485.5,0.8220873454894262
1486.0,0.8165934662302244
1486.5,0.8109491625993311
1487.0,0.8052313846131904
1487.5,0.7995611799240948
1488.0,0.7940283389466803
1488.5,0.7885716756462786
1489.0,0.782929806966228
1489.5,0.7766991752987585
1490.0,0.7694596761664707
1490.5,0.7609612866125398
1491.0,0.7512659250112987
1491.5,0.7407769402403872
1492.0,0.7301313468725183
1492.5,0.7200041234410571
1493.0,0.710879939940302
1493.5,0.7029428713111698
1494.0,0.6961209415632201
1494.5,0.690208528052304
1495.0,0.6848988579167703
1495.5,0.6799280904205143
1496.0,0.6750289795833728
1496.5,0.6698498633038625
1497.0,0.6640206980307803
1497.5,0.6572939658120572
1498.0,0.6496785193788815
1498.5,0.6413837405870331
1499.0,0.6328965491286936
1499.5,0.6248424707486735
1500.0,0.6178048050692965
1500.5,0.612141939208396
1501.0,0.6078080214043895
1501.5,0.6042787520867153
1502.0,0.6008348622005946
1502.5,0.5969838028345881
1503.0,0.5926129073478025
1503.5,0.5879245551960925
1504.0,0.5833792347336884
1504.5,0.5796218514180577
1505.0,0.5774927135688135
1505.5,0.5779814013610154
1506.0,0.5815588711757577
1506.5,0.5872897459173918
1507.0,0.5927086570510588
1507.5,0.5950868689492423
1508.0,0.5926363689316984
1508.5,0.5850151046187576
1509.0,0.5733133365812441
1509.5,0.5597437131978119
1510.0,0.5476536992041225
1510.5,0.5410552263471783
1511.0,0.5429406104322607
1511.5,0.5529637832847127
1512.0,0.5670657940786321
1512.5,0.5804022165079145
1513.0,0.5899241089960091
1513.5,0.5950043305186593
1514.0,0.5965136070716072
1514.5,0.5957847090092303
1515.0,0.5941399099434147
1515.5,0.5924152477422862
1516.0,0.5908941685150606
1516.5,0.589337890602679
1517.0,0.5872351069877321
1517.5,0.5841162360849912
1518.0,0.5798118931772275
1518.5,0.5745954556146156
1519.0,0.5691642749553036
1519.5,0.5644636014455059
1520.0,0.5613926350398495
1520.5,0.5605086257927903
1521.0,0.5617119304547438
1521.5,0.5641743460301532
1522.0,0.5666483340133889
1522.5,0.5680116603150868
1523.0,0.5677252442625702
1523.5,0.5659236929930656
1524.0,0.5633214734959163
1524.5,0.560991451136083
1525.0,0.5601115067606618
1525.5,0.5615801293977418
1526.0,0.5655353323487139
1526.5,0.5711904073143733
1527.0,0.5771955143925079
1527.5,0.5823347470756071
1528.0,0.5860077971694694
1528.5,0.5881481685616754
1529.0,0.5890502130183048
1529.5,0.5890998427601702
1530.0,0.5886890559953148
1530.5,0.5881462682293837
1531.0,0.5877302163936733
1531.5,0.5876792414381022
1532.0,0.5882625204678184
1532.5,0.5896402281864147
1533.0,0.5916382157887827
1533.5,0.5935877403999055
1534.0,0.594500251291437
1534.5,0.5934032800910398
1535.0,0.5896876171657458
1535.5,0.5833600069264804
1536.0,0.5750674114597408
1536.5,0.5660367502675296
1537.0,0.5579322022815019
1537.5,0.5524700239918663
1538.0,0.5507517896533496
1538.5,0.552722905886352
1539.0,0.5573351528403185
1539.5,0.5629329108116811
1540.0,0.5677061845777442
1540.5,0.5700615885000169
1541.0,0.5689928843385864
1541.5,0.564355677351672
1542.0,0.5568853985564142
1542.5,0.5482267377490525
1543.0,0.5405656205021352
1543.5,0.5362085031607025
1544.0,0.5368445509060722
1544.5,0.5426630290153924
1545.0,0.5521535986733696
1545.5,0.5629211018878921
1546.0,0.5729858109911476
1546.5,0.5813713439877191
1547.0,0.5880009341403458
1547.5,0.5933707839367686
1548.0,0.5981044867452109
1548.5,0.6026918988509053
1549.0,0.6072158919026843
1549.5,0.6112614932057794
1550.0,0.6140908282749853
1550.5,0.6150115079605145
1551.0,0.6137820136692582
1551.5,0.6107144902120738
1552.0,0.6066565177711004
1552.5,0.6027515948378266
1553.0,0.5999950879168268
1553.5,0.5988624390609583
1554.0,0.5989612166132389
1554.5,0.5990855262153687
1555.0,0.5976392254035966
1555.5,0.5934050358664446
1556.0,0.5861658362143064
1556.5,0.5768700251918607
1557.0,0.5676727973966306
1557.5,0.5617287515142018
1558.0,0.5622513617310463
1558.5,0.5703365676624622
1559.0,0.5831281690657939
1559.5,0.5950708889931398
1560.0,0.6012597434160616
1560.5,0.5993027378993158
1561.0,0.589287781039193
1561.5,0.5731915577274993
1562.0,0.5547424841168578
1562.5,0.5397639879563735
1563.0,0.535195546561511
1563.5,0.5449307977167415
1564.0,0.5657584235420963
1564.5,0.5896577048605327
1565.0,0.6101343122064459
1565.5,0.6246468791693384
1566.0,0.6332743323187919
1566.5,0.6371160793426982
1567.0,0.6375645711550364
1567.5,0.6361228465439388
1568.0,0.6343097626862712
1568.5,0.6333908651707785
1569.0,0.6340707261934826
1569.5,0.6360947930484375
1570.0,0.6384596053895041
1570.5,0.639929319541615
1571.0,0.6395834113373055
1571.5,0.6371857884931685
1572.0,0.6332748006879725
1572.5,0.6290184661734729
1573.0,0.6258634770387027
1573.5,0.625124498976365
1574.0,0.6274884602709025
1574.5,0.6327797657348526
1575.0,0.6402178878533645
1575.5,0.6487518537977333
1576.0,0.6570648419771217
1576.5,0.6636124004263123
1577.0,0.6670579768454804
1577.5,0.6667859799463502
1578.0,0.6630539816142573
1578.5,0.6569696181182174
1579.0,0.6505008201136021
1579.5,0.6461321599617177
1580.0,0.6463057930322068
1580.5,0.6523072838672146
1581.0,0.6633398094115852
1581.5,0.6766735627602014
1582.0,0.6891930413741032
1582.5,0.6990399782766461
1583.0,0.7059040857920016
1583.5,0.7104578151114892
1584.0,0.7136753199033286
1584.5,0.716427650087016
1585.0,0.7192164215970277
1585.5,0.7221692473910344
1586.0,0.7252256981713101
1586.5,0.7283412490283453
1587.0,0.7316524835643072
1587.5,0.7354678068965548
1588.0,0.7400959335173933
1588.5,0.7456249080260834
1589.0,0.7518166159985281
1589.5,0.758188424988422
1590.0,0.7642707038908921
1590.5,0.7698897437371519
1591.0,0.7753120774195292
1591.5,0.7810935096393281
1592.0,0.7877973254393251
1592.5,0.7956786618887584
1593.0,0.8045233444365866
1593.5,0.8137487451264773
1594.0,0.8226955732477351
1594.5,0.8309602786916406
1595.0,0.8386200977126745
1595.5,0.8462013023773164
1596.0,0.8544218807129995
1596.5,0.8637597934957457
1597.0,0.8743623338465429
1597.5,0.8860343164369003
1598.0,0.8984514422358547
1598.5,0.9113847150635033
1599.0,0.9247516335189594
1599.5,0.9386056030386165
1600.0,0.9529531640422041
1600.5,0.9676284055746689
1601.0,0.9823410934325217
1601.5,0.9968776789641867
1602.0,1.0112835989182374
1602.5,1.0259176350560149
1603.0,1.041284911121332
1603.5,1.0577871375557206
1604.0,1.075497691819479
1604.5,1.0941276716142239
1605.0,1.1132390229499447
1605.5,1.1325038453566665
1606.0,1.152014585759412
1606.5,1.172301105420964
1607.0,1.194007259407689
1607.5,1.2175042833352823
1608.0,1.2426229161015856
1608.5,1.268679026357309
1609.0,1.294826881401502
1609.5,1.3205849131369574
1610.0,1.3462202389606688
1610.5,1.3725470830777402
1611.0,1.4006148426695204
1611.5,1.4309623426658844
1612.0,1.463360898685702
1612.5,1.496924358690988
1613.0,1.5306328228550203
1613.5,1.5641962591430276
1614.0,1.5985412841804683
1614.5,1.6359308292265424
1615.0,1.6790413506846777
1615.5,1.7294572131744907
1616.0,1.786474713442008
1616.5,1.8469755270900263
1617.0,1.9069127393478411
1617.5,1.9632752387937558
1618.0,2.0155648058462194
1618.5,2.065544986415639
1619.0,2.116820049039186
1619.5,2.1743428409387136
1620.0,2.2430559312654865
1620.5,2.326337774074152
1621.0,2.4243891645241487
1621.5,2.534011039093799
1622.0,2.6503833662784135
1622.5,2.768974159706295
1623.0,2.8869305680216626
1623.5,3.001842288043447
1624.0,3.1124525877690288
1624.5,3.219291485699193
1625.0,3.3250513182278194
1625.5,3.4345035345723876
1626.0,3.5538188110662015
1626.5,3.6885728710741406
1627.0,3.84126336700449
1627.5,4.0093712729729285
1628.0,4.184755103595452
1628.5,4.357319942011956
1629.0,4.519533471762188
1629.5,4.669256224683582
1630.0,4.809416731599863
1630.5,4.945881863309388
1631.0,5.08439125606093
1631.5,5.228216572332439
1632.0,5.377004875155984
1632.5,5.527313264508557
1633.0,5.674725021117057
1633.5,5.816340554637928
1634.0,5.952408620672105
1634.5,6.084902028058234
1635.0,6.214524706540608
1635.5,6.339534504382939
1636.0,6.455550495808912
1636.5,6.5591251185425925
1637.0,6.649238721410591
1637.5,6.727446499609871
1638.0,6.7977804279987
1638.5,6.86592345902979
1639.0,6.937839696938827
1639.5,7.016723101035012
1640.0,7.100451469635923
1640.5,7.181567123470088
1641.0,7.252252611609898
1641.5,7.3091741757975015
1642.0,7.353963817640959
1642.5,7.390067732517331
1643.0,7.41972636421158
1643.5,7.443093056419649
1644.0,7.458853366246761
1644.5,7.465688062104855
1645.0,7.4644475486593835
1645.5,7.4582029048606575
1646.0,7.451008857848931
1646.5,7.445558281174323
1647.0,7.441557589043026
1647.5,7.436165688207842
1648.0,7.4253921151814914
1648.5,7.405724786622292
1649.0,7.375277521477999
1649.5,7.3343908311364405
1650.0,7.2868323531182435
1650.5,7.2377151397790405
1651.0,7.190969047443547
1651.5,7.147152221716046
1652.0,7.104281825834106
1652.5,7.062146812623614
1653.0,7.023027391502728
1653.5,6.988117871336798
1654.0,6.95496309949389
1654.5,6.91929069971763
1655.0,6.877023763084358
1655.5,6.824923358584072
1656.0,6.759917756633156
1656.5,6.680003405849841
1657.0,6.588317508298517
1657.5,6.496496958593687
1658.0,6.4193413769474175
1658.5,6.362585775908252
1659.0,6.319700646062648
1659.5,6.279925152517617
1660.0,6.234772168785222
1660.5,6.180598864552393
1661.0,6.117660392551357
1661.5,6.048632465891583
1662.0,5.976954213636525
1662.5,5.905544947148325
1663.0,5.836004637472386
1663.5,5.7679084630873785
1664.0,5.699426388213815
1664.5,5.628820008896856
1665.0,5.554876491701217
1665.5,5.4773376817273975
1666.0,5.396799702208733
1666.5,5.3141350004189745
1667.0,5.230060428498795
1667.5,5.144910827442906
1668.0,5.059300991622452
1668.5,4.974435586477095
1669.0,4.892125906830103
1669.5,4.814146793054418
1670.0,4.740975611455283
1670.5,4.671301532521902
1671.0,4.602545822634547
1671.5,4.531386661955392
1672.0,4.454946987507456
1672.5,4.371274907793395
1673.0,4.2805579327688985
1673.5,4.185355399399429
1674.0,4.0897380302404995
1674.5,3.997701353613603
1675.0,3.911694504498857
1675.5,3.8319516134318254
1676.0,3.7571901758335073
1676.5,3.685141110083451
1677.0,3.613815482917737
1677.5,3.5414183451025267
1678.0,3.4663998039753623
1678.5,3.387570156591965
1679.0,3.304613575161643
1679.5,3.2187882362769513
1680.0,3.132996787553261
1680.5,3.0506515114336827
1681.0,2.973681351574885
1681.5,2.901878153360397
1682.0,2.832823280017666
1682.5,2.7631539156150096
1683.0,2.690369556552531
1683.5,2.6149266993269924
1684.0,2.540135006139955
1684.5,2.469856987280481
1685.0,2.4054757472344903
1685.5,2.345355558526533
1686.0,2.2865740311961686
1686.5,2.225792490437277
1687.0,2.15956178575897
1687.5,2.085027326791441
1688.0,2.0020673230017487
1688.5,1.9162922502901771
1689.0,1.8369272684459899
1689.5,1.7712629692673052
1690.0,1.7198822806995735
1690.5,1.6775164741668684
1691.0,1.6386334211133597
1691.5,1.5994462303186572
1692.0,1.558091718793516
1692.5,1.514368983842699
1693.0,1.4690771501120174
1693.5,1.4238252393330928
1694.0,1.3801509709972493
1694.5,1.3391497220141984
1695.0,1.3014543734977484
1695.5,1.2673240100908687
1696.0,1.2366080158656119
1696.5,1.2085918755258551
1697.0,1.1821935354844093
1697.5,1.1565439769890498
1698.0,1.131700809948493
1698.5,1.10848747328938
1699.0,1.088115272235748
1699.5,1.0718546250704475
1700.0,1.0608658287149597
1700.5,1.0551715536568236
1701.0,1.0532891417090247
1701.5,1.0522689822933957
1702.0,1.0494697607910841
1702.5,1.043857017318879
1703.0,1.0364272497905949
1703.5,1.029776765840899
1704.0,1.0273564783178737
1704.5,1.0321706795767587
1705.0,1.044858823914024
1705.5,1.0630218859503142
1706.0,1.0828041661779402
1706.5,1.1011868079445377
1707.0,1.1169058303394346
1707.5,1.1301244471883427
1708.0,1.1418606574098282
1708.5,1.1534793642635197
1709.0,1.1662646435129531
1709.5,1.180988666839661
1710.0,1.1976940714029005
1710.5,1.215864186125669
1711.0,1.2347597408049855
1711.5,1.2538599687950498
1712.0,1.273002569819186
1712.5,1.2922289831032283
1713.0,1.311548024891642
1713.5,1.3308508620100057
1714.0,1.3499737623333998
1714.5,1.368932632972962
1715.0,1.3879998315961448
1715.5,1.4078118868933944
1716.0,1.4290890563747256
1716.5,1.452208425211059
1717.0,1.4767374738696908
1717.5,1.5012950850208866
1718.0,1.5240480780649053
1718.5,1.5432360142711392
1719.0,1.5576234453234123
1719.5,1.566920580966721
1720.0,1.5720717047532538
1720.5,1.5751378040376856
1721.0,1.5786396179293722
1721.5,1.5846964454393713
1722.0,1.5941134481933883
1722.5,1.6060098135117524
1723.0,1.6183948746129246
1723.5,1.6293070583432083
1724.0,1.6375025533510654
1724.5,1.6425791814891417
1725.0,1.6447264870331026
1725.5,1.644582011423913
1726.0,1.6429777325730774
1726.5,1.640805407286527
1727.0,1.638738530137207
1727.5,1.637132708030764
1728.0,1.6358932896653626
1728.5,1.6345324006570643
1729.0,1.6323494685816968
1729.5,1.628722891366245
1730.0,1.6233184945884331
1730.5,1.6163039200770357
1731.0,1.6082528159716156
1731.5,1.600130334660927
1732.0,1.5930702727082096
1732.5,1.5880685541366328
1733.0,1.5854552474507084
1733.5,1.5845187346465002
1734.0,1.5834879738737806
1734.5,1.580234989917292
1735.0,1.5731745005626356
1735.5,1.561862169878086
1736.0,1.546958362470883
1736.5,1.5300614940480162
1737.0,1.5134999494710208
1737.5,1.4997716959677292
1738.0,1.49070038785163
1738.5,1.4863177163577281
1739.0,1.4845539280645474
1739.5,1.4821147981102847
1740.0,1.4764506109601294
1740.5,1.4665835696575895
1741.0,1.4529030540826047
1741.5,1.436513915623319
1742.0,1.4187546609700323
1742.5,1.4009430206574076
1743.0,1.384093081248452
1743.5,1.3686757400462295
1744.0,1.35451317175573
1744.5,1.3408232709224714
1745.0,1.3267682846715574
1745.5,1.3118315960769775
1746.0,1.2960230073883778
1746.5,1.279723264395507
1747.0,1.263425498433285
1747.5,1.2475604445384383
1748.0,1.2324161554402766
1748.5,1.218086714581906
1749.0,1.2045318869554367
1749.5,1.1916427960421483
1750.0,1.1792509559468285
1750.5,1.1671765037782378
1751.0,1.1552176280304058
1751.5,1.143184370879581
1752.0,1.130934230014667
1752.5,1.1184976481198854
1753.0,1.1060783407502943
1753.5,1.0939976888434053
1754.0,1.082619819992519
1754.5,1.0721750017045983
1755.0,1.0625741249783625
1755.5,1.0532954099088827
1756.0,1.043527122154481
1756.5,1.0324328913102616
1757.0,1.0194598237448542
1757.5,1.0045339206557025
1758.0,0.9880562869826786
1758.5,0.9705902794648924
1759.0,0.9527527716661603
1759.5,0.9350510507186887
1760.0,0.9178581031856908
1760.5,0.9013244271322418
1761.0,0.885370684089013
1761.5,0.8697565037148108
1762.0,0.8541477680754181
1762.5,0.8381970351342339
1763.0,0.8216242611098212
1763.5,0.8042829404336732
1764.0,0.7862296868653855
1764.5,0.7677362536466438
1765.0,0.7492999859435915
1765.5,0.7315383811128753
1766.0,0.7149939615944514
1766.5,0.6999101377865315
1767.0,0.6861414683810215
1767.5,0.6731522994376826
1768.0,0.6603257413392651
1768.5,0.6472181804683296
1769.0,0.6337133992887323
1769.5,0.620059027177928
1770.0,0.6067492024315063
1770.5,0.5943593368065105
1771.0,0.5833139493843248
1771.5,0.5737123212043103
1772.0,0.5651688890033268
1772.5,0.5570351198230931
1773.0,0.5486156272890257
1773.5,0.5394685372340211
1774.0,0.5295261123993779
1774.5,0.5191173183210387
1775.0,0.5088746720710758
1775.5,0.49959618462115435
1776.0,0.4920826712890905
1776.5,0.4869166568554746
1777.0,0.48416189046521496
1777.5,0.48327513377155673
1778.0,0.48336313722511204
1778.5,0.4835064491649618
1779.0,0.4829882439703823
1779.5,0.4814427521037099
1780.0,0.4788619117893425
1780.5,0.4755392254395947
1781.0,0.47192602470505063
1781.5,0.46848615009355776
1782.0,0.46551802981253454
1782.5,0.4630415069563927
1783.0,0.46082012481716783
1783.5,0.45845039907620766
1784.0,0.45558875322679165
1784.5,0.4521299785950236
1785.0,0.44836928484589056
1785.5,0.44486621315105335
1786.0,0.4422051382506884
1786.5,0.44073004582620046
1787.0,0.44041796035430253
1787.5,0.44089522300051726
1788.0,0.4415570657586513
1788.5,0.44172768782390903
1789.0,0.44083893122452766
1789.5,0.43863649745928535
1790.0,0.4352715674012019
1790.5,0.4313014784042122
1791.0,0.4275323606803181
1791.5,0.42474206756241717
1792.0,0.423410580044595
1792.5,0.4234911155577035
1793.0,0.42437030968105005
1793.5,0.4250668181452884
1794.0,0.4246032233761998
1794.5,0.4222861498472998
1795.0,0.41792101929463776
1795.5,0.4119663257346401
1796.0,0.4055244335547823
1796.5,0.4000052293838
1797.0,0.3967071289417282
1797.5,0.39625693436323645
1798.0,0.39835940975442524
1798.5,0.40202201912386115
1799.0,0.4061586033052915
1799.5,0.40983607519435483
1800.0,0.4123684842622857
1800.5,0.41341278182901453
1801.0,0.4129735992296298
1801.5,0.4113740597898101
1802.0,0.40914917552561586
1802.5,0.4069442785591764
1803.0,0.40538630517437313
1803.5,0.404933976593788
1804.0,0.40574466366562556
1804.5,0.4076066187756459
1805.0,0.4099308186476658
1805.5,0.4119046159942952
1806.0,0.4127558144233323
1806.5,0.41203402847536225
1807.0,0.4097758571331134
1807.5,0.40644507976288075
1808.0,0.4027906962025489
1808.5,0.39956530388651945
1809.0,0.3972938144426659
1809.5,0.3961214373632234
1810.0,0.39579561829949905
1810.5,0.395820565312666
1811.0,0.39560559892359437
1811.5,0.3947001421066889
1812.0,0.3929196186946238
1812.5,0.39033281798756736
1813.0,0.38715892548217623
1813.5,0.38371483563469455
1814.0,0.38034949117161154
1814.5,0.3774023934109915
1815.0,0.375182373195471
1815.5,0.37392558455377095
1816.0,0.37371513996101413
1816.5,0.37438541583493173
1817.0,0.37551436318610204
1817.5,0.3765272522746992
1818.0,0.37687345989454524
1818.5,0.3762151772632828
1819.0,0.37454716560607604
1819.5,0.3721964587452159
1820.0,0.36969652043250933
1820.5,0.3675912438849906
1821.0,0.3662391432001982
1821.5,0.36572434863272313
1822.0,0.36587965457946464
1822.5,0.3664245534312105
1823.0,0.3671279265850067
1823.5,0.36783147524760046
1824.0,0.3684302873171168
1824.5,0.36880087284563834
1825.0,0.36877800121550475
1825.5,0.368152012752117
1826.0,0.36679907595418826
1826.5,0.3648189619841716
1827.0,0.36259313393269366
1827.5,0.3607091669946684
1828.0,0.35978677260627584
1828.5,0.36020566491166994
1829.0,0.36187156154778866
1829.5,0.36413664432872483
1830.0,0.366007206013928
1830.5,0.3665043956103479
1831.0,0.36501276275395106
1831.5,0.3614632188733192
1832.0,0.3563278003930933
1832.5,0.35045128672483017
1833.0,0.34486848389327074
1833.5,0.3406051081235483
1834.0,0.3384283723365379
1834.5,0.3386171199507805
1835.0,0.3408617697023134
1835.5,0.34440857719913326
1836.0,0.3482865047924504
1836.5,0.3515843925609725
1837.0,0.3536481251356238
1837.5,0.3541906197021679
1838.0,0.3533361128016166
1838.5,0.3515982254383104
1839.0,0.3497366738209531
1839.5,0.3485018912018323
1840.0,0.3484041075551119
1840.5,0.34958197587276313
1841.0,0.3518101897554665
1841.5,0.35462666496514417
1842.0,0.3574866188208266
1842.5,0.35987646831597764
1843.0,0.361391894026846
1843.5,0.3617481636223809
1844.0,0.36082191088353566
1844.5,0.35870109321351956
1845.0,0.355672934164141
1845.5,0.35218602424076517
1846.0,0.34884051484817735
1846.5,0.3463084953509804
1847.0,0.3451551719811077
1847.5,0.34563085276365857
1848.0,0.3475287899566895
1848.5,0.35015340687737734
1849.0,0.35255666656128903
1849.5,0.35399648240437986
1850.0,0.3541973817593318
1850.5,0.35334183088860216
1851.0,0.3518540851800612
1851.5,0.35014930423497315
1852.0,0.3484486770033635
1852.5,0.3467541469455883
1853.0,0.3449530501053024
1853.5,0.3429816521405685
1854.0,0.3409083074360065
1854.5,0.3389247049274463
1855.0,0.33726493268031993
1855.5,0.3360802742931751
1856.0,0.33537863075943564
1856.5,0.33504684671176954
1857.0,0.3349564153549298
1857.5,0.3350770250902275
1858.0,0.33552896204156696
1858.5,0.33650038698004386
1859.0,0.3381244816500182
1859.5,0.3403225865095309
1860.0,0.3427570722877423
1860.5,0.3449007826741518
1861.0,0.34625489122916897
1861.5,0.3465578638632063
1862.0,0.3459295454524738
1862.5,0.3448483670001769
1863.0,0.3439712152156817
1863.5,0.3438639077800136
1864.0,0.3447856402893705
1864.5,0.34656790201794063
1865.0,0.3487011824718755
1865.5,0.3504743378490758
1866.0,0.3513038394828801
1866.5,0.3509258873460739
1867.0,0.34945833306628443
1867.5,0.34734675304732154
1868.0,0.3451878849045815
1868.5,0.34352632888458173
1869.0,0.3426239282740276
1869.5,0.3424106214020447
1870.0,0.3425366296108129
1870.5,0.3425334200264098
1871.0,0.34201955129992634
1871.5,0.34086166948719965
1872.0,0.3392660256175742
1872.5,0.3377323927394698
1873.0,0.33690163096444364
1873.5,0.33727734197631326
1874.0,0.3389302933121015
1874.5,0.3414856074824152
1875.0,0.3442619497969056
1875.5,0.3465475163741574
1876.0,0.34785446194825315
1876.5,0.3480650306979146
1877.0,0.3474549500806516
1877.5,0.3465162501030007
1878.0,0.34585232832616825
1878.5,0.34597159681871603
1879.0,0.3470385729500278
1879.5,0.3489352431922709
1880.0,0.3513958981532117
1880.5,0.3541146399830379
1881.0,0.35674725676644736
1881.5,0.3589512141411624
1882.0,0.36037196688641027
1882.5,0.3606537535277813
1883.0,0.3595555537928773
1883.5,0.3570787333420979
1884.0,0.353531006996519
1884.5,0.3494996908012307
1885.0,0.34566875599249114
1885.5,0.34260434044631016
1886.0,0.34052869705512534
1886.5,0.3393058255530276
1887.0,0.33850982148702097
1887.5,0.3376574324687761
1888.0,0.3364653434812199
1888.5,0.3349570511430842
1889.0,0.3334205833388514
1889.5,0.33226488321739395
1890.0,0.331768113805131
1890.5,0.3320186013600008
1891.0,0.3329347605707179
1891.5,0.3344713186988443
1892.0,0.3366702686629895
1892.5,0.3396999510607517
1893.0,0.34374695165266733
1893.5,0.34870638885783384
1894.0,0.35402880453728014
1894.5,0.35883135090446966
1895.0,0.3621896795383324
1895.5,0.3635375975187873
1896.0,0.3629707011581209
1896.5,0.3612686563651136
1897.0,0.3595968484462827
1897.5,0.35905599183282544
1898.0,0.36028655647713714
1898.5,0.3631903975163491
1899.0,0.366983128124683
1899.5,0.37060608561856484
1900.0,0.3732005643412714
1900.5,0.3743794433733907
1901.0,0.3743584776345744
1901.5,0.37364723464227045
1902.0,0.372704236379486
1902.5,0.3716419554414609
1903.0,0.37018831325127416
1903.5,0.36788827474240693
1904.0,0.3643797653119779
1904.5,0.35967877695074585
1905.0,0.3542808832045585
1905.5,0.3490067714911407
1906.0,0.34475656462498655
1906.5,0.3421484292199341
1907.0,0.34140521846244537
1907.5,0.3424178606014538
1908.0,0.34488260502747636
1908.5,0.34844621051299896
1909.0,0.35274179405476536
1909.5,0.35744386343774065
1910.0,0.36222842850033743
1910.5,0.3667578009333412
1911.0,0.37072322164166815
1911.5,0.37392369157757405
1912.0,0.3762921201073582
1912.5,0.3779193158619632
1913.0,0.37898020042124925
1913.5,0.37963615577697746
1914.0,0.3799422789217493
1914.5,0.3798743061900147
1915.0,0.37934012009282364
1915.5,0.3782747539610032
1916.0,0.3767236910039635
1916.5,0.3748636866013336
1917.0,0.3729040494655915
1917.5,0.370975455832135
1918.0,0.36905058487359194
1918.5,0.3669327687101958
1919.0,0.3642820245500791
1919.5,0.3608585326824798
1920.0,0.3565669483553646
1920.5,0.35146831070055895
1921.0,0.3457998469901987
1921.5,0.3399642136961428
1922.0,0.33442947153125313
1922.5,0.3296614094549505
1923.0,0.32608360107447243
1923.5,0.32399039617351166
1924.0,0.3234996218341655
1924.5,0.32454976299119953
1925.0,0.32689781927391687
1925.5,0.3301082852427794
1926.0,0.3335766969188099
1926.5,0.33658202326739134
1927.0,0.33842377036837085
1927.5,0.33850182850689425
1928.0,0.3365965069105685
1928.5,0.33297968406902406
1929.0,0.3283590610135131
1929.5,0.32376558308046177
1930.0,0.3203680302108525
1930.5,0.3191842698227202
1931.0,0.3207131904999094
1931.5,0.3246096075068101
1932.0,0.3296993316178074
1932.5,0.33408167342750156
1933.0,0.33586788762570335
1933.5,0.3338948838705006
1934.0,0.3281183512510123
1934.5,0.3197512740755357
1935.0,0.3107922086648536
1935.5,0.3033704849662814
1936.0,0.2988748065482504
1936.5,0.29745364081019804
1937.0,0.2980141888190996
1937.5,0.29873032288681084
1938.0,0.2978424758359749
1938.5,0.29431387476633347
1939.0,0.28825845764617564
1939.5,0.28083247412851753
1940.0,0.27373662668489324
1940.5,0.26857317463728464
1941.0,0.2663415937401997
1941.5,0.26719178495487206
1942.0,0.2705118779870238
1942.5,0.275195602141691
1943.0,0.28002165281213437
1943.5,0.2839377656375573
1944.0,0.2862819546974488
1944.5,0.28683046110010246
1945.0,0.28586387300290617
1945.5,0.2842124489416313
1946.0,0.2831468582426554
1946.5,0.2839649550156692
1947.0,0.28756125023544576
1947.5,0.29391047571833223
1948.0,0.3018996322312934
1948.5,0.30961768491886255
1949.0,0.3150452840815649
1949.5,0.3167332212982462
1950.0,0.3143308795710118
1950.5,0.30873204215674555
1951.0,0.30177257468935625
1951.5,0.29546473268422785
1952.0,0.291197356982672
1952.5,0.2892521668550443
1953.0,0.28873015317534745
1953.5,0.2880390519951107
1954.0,0.2855624079519225
1954.5,0.2803088984553996
1955.0,0.2723236162654035
1955.5,0.2625273407363769
1956.0,0.2523066305347337
1956.5,0.24301878438943986
1957.0,0.2356122293413147
1957.5,0.2304117457961276
1958.0,0.2270683653593395
1958.5,0.22476315913122463
1959.0,0.22242825709378472
1959.5,0.21902848075749268
1960.0,0.21406487632516616
1960.5,0.20762725621235303
1961.0,0.20048899690314315
1961.5,0.1939044497050316
1962.0,0.1893322843027058
1962.5,0.18796633721046901
1963.0,0.19011614042229655
1963.5,0.1949936928322177
1964.0,0.20087924397344648
1964.5,0.20576863749412524
1965.0,0.20809347813516366
1965.5,0.20743252756456726
1966.0,0.2045277704386828
1966.5,0.2007855776699009
1967.0,0.1976657142165129
1967.5,0.1959306326820912
1968.0,0.19551103850814747
1968.5,0.19548794730895586
1969.0,0.19475006375897475
1969.5,0.1924025473332559
1970.0,0.18811246435018725
1970.5,0.1821674433001691
1971.0,0.1752547895136883
1971.5,0.16819438383673183
1972.0,0.16173849253812322
1972.5,0.15640820980168652
1973.0,0.1528177760305398
1973.5,0.15144233651263417
1974.0,0.15281912292060562
1974.5,0.15718012586623906
1975.0,0.16418352492783297
1975.5,0.1729741733827667
1976.0,0.1825083613226833
1976.5,0.1920013260809347
1977.0,0.20126172354338226
1977.5,0.2106394330614835
1978.0,0.22069701111139556
1978.5,0.23169501120860914
1979.0,0.24323187177151992
1979.5,0.25434212946676693
1980.0,0.26390050336126747
1980.5,0.2711375129500173
1981.0,0.27593894594783674
1981.5,0.27881746364346494
1982.0,0.2804822853959597
1982.5,0.2814333939075886
1983.0,0.2817290662442044
1983.5,0.28098839610638887
1984.0,0.27886053232110264
1984.5,0.27554530964436846
1985.0,0.2718578138902162
1985.5,0.26905005749893557
1986.0,0.26824674868139087
1986.5,0.2699167306886546
1987.0,0.27342024008654847
1987.5,0.27744966865193565
1988.0,0.2806703883626624
1988.5,0.28218814293769173
1989.0,0.28196441808593664
1989.5,0.28069921635046013
1990.0,0.2793628035105704
1990.5,0.2786088391724178
1991.0,0.2784136998061402
1991.5,0.27822484246880913
1992.0,0.2773171857829007
1992.5,0.2753971236646177
1993.0,0.27291586012588936
1993.5,0.27098321176765794
1994.0,0.2708127384698792
1994.5,0.27323305784474944
1995.0,0.2782930019185565
1995.5,0.285084994809524
1996.0,0.29217951409467746
1996.5,0.29811453842550656
1997.0,0.3018512015512675
1997.5,0.30304933467649803
1998.0,0.30202548182083083
1998.5,0.2994733665093071
1999.0,0.29605335268264954
1999.5,0.2922308060397806
2000.0,0.28827351462781986
2000.5,0.2842692629936083
2001.0,0.280327734483672
2001.5,0.2765375728940593
2002.0,0.2729900454373969
2002.5,0.26967187497487466
2003.0,0.26640943836811587
2003.5,0.2628236383639343
2004.0,0.2585009223622242
2004.5,0.25307206593985276
2005.0,0.24643300896272932
2005.5,0.2389372611302836
2006.0,0.2313415727357156
2006.5,0.22465379553068893
2007.0,0.21995815972992044
2007.5,0.21816152572090597
2008.0,0.21957711365224636
2008.5,0.2236623881353872
2009.0,0.2289237866071615
2009.5,0.23322187894377808
2010.0,0.2344090018853866
2010.5,0.23106209625930435
2011.0,0.22300799899256263
2011.5,0.2113993272775666
2012.0,0.1983062465057573
2012.5,0.18608887251606315
2013.0,0.1764806487779789
2013.5,0.17015301570355762
2014.0,0.16639072636871205
2014.5,0.16381724883984658
2015.0,0.1610334696336413
2015.5,0.15715589123412504
2016.0,0.15211440060293366
2016.5,0.14649018821011034
2017.0,0.14123879736471304
2017.5,0.13732735275457297
2018.0,0.1354935524501346
2018.5,0.13628135895679938
2019.0,0.1399657468005383
2019.5,0.14624835034055744
2020.0,0.15401856278722537
2020.5,0.16125869817297023
2021.0,0.16540208385890426
2021.5,0.16404215400471403
2022.0,0.15598856493831284
2022.5,0.14222730824063914
2023.0,0.12568912847760091
2023.5,0.11063012462703603
2024.0,0.10130371390192239
2024.5,0.1003443338322213
2025.0,0.10765578409639212
2025.5,0.12046498587618036
2026.0,0.13448164681665367
2026.5,0.1452744936987805
2027.0,0.14995062680751647
2027.5,0.14828308719483785
2028.0,0.14188758359916667
2028.5,0.13326345320981903
2029.0,0.12472149821531386
2029.5,0.11758993271355678
2030.0,0.11209217955212408
2030.5,0.10791888689729529
2031.0,0.10481093785822519
2031.5,0.10289590503436893
2032.0,0.10251632427625201
2032.5,0.10381440542025128
2033.0,0.10646159628915067
2033.5,0.10966320406676584
2034.0,0.11257965103644081
2034.5,0.11486760924354872
2035.0,0.11704483414953026
2035.5,0.12024446888802648
2036.0,0.1256674171757457
2036.5,0.13387924572220972
2037.0,0.14439019240627374
2037.5,0.15582790496217358
2038.0,0.1666436578396142
2038.5,0.17584601281060164
2039.0,0.1834200756034549
2039.5,0.19015699956072707
2040.0,0.19709990329718097
2040.5,0.20481088820895776
2041.0,0.21284239267549884
2041.5,0.2200518197748762
2042.0,0.22528396553718338
2042.5,0.22808787131917754
2043.0,0.22894158098703765
2043.5,0.22906963259816995
2044.0,0.229845986115216
2044.5,0.2320840363716753
2045.0,0.23564493889794694
2045.5,0.23956670252444934
2046.0,0.24261512499852209
2046.5,0.24398437421537914
2047.0,0.24377521414449366
2047.5,0.24300664260521057
2048.0,0.24310939157579428
2048.5,0.24525730717464828
2049.0,0.2498740148997166
2049.5,0.25640574468656085
2050.0,0.2636791012679929
2050.5,0.27041820893471036
2051.0,0.27575503267484613
2051.5,0.2794976612851324
2052.0,0.2820471901969879
2052.5,0.28418870060027573
2053.0,0.2866990645203748
2053.5,0.2900951734190818
2054.0,0.29447350740719574
2054.5,0.2994428132180656
2055.0,0.3044583559048992
2055.5,0.3088010155858704
2056.0,0.3116985701435265
2056.5,0.3125175982722487
2057.0,0.3108267516032086
2057.5,0.3065711685215744
2058.0,0.3001378406521815
2058.5,0.2925322476743673
2059.0,0.2851426019673433
2059.5,0.27947518858032155
2060.0,0.2768098158542849
2060.5,0.27786173365668443
2061.0,0.28263400200059285
2061.5,0.2904110688782108
2062.0,0.29997897772547
2062.5,0.30979997298450496
2063.0,0.31837261925453647
2063.5,0.32462710219702906
2064.0,0.32810970327729516
2064.5,0.329115471272847
2065.0,0.3284322050028987
2065.5,0.32705926153742654
2066.0,0.32576509837481554
2066.5,0.324788988858564
2067.0,0.3238463914783327
2067.5,0.3222809764804586
2068.0,0.31952169882757053
2068.5,0.3154944687557459
2069.0,0.31080992303229216
2069.5,0.30661082328684564
2070.0,0.3041974776514974
2070.5,0.3044124127322906
2071.0,0.3072394917192644
2071.5,0.31174038063983994
2072.0,0.31638800546950413
2072.5,0.3196156187668995
2073.0,0.32039324852881923
2073.5,0.3185815818505033
2074.0,0.3149386219553214
2074.5,0.31078235423124323
2075.0,0.3075146091252243
2075.5,0.30617235382488667
2076.0,0.3072324959501687
2076.5,0.3104297746800634
2077.0,0.3149987624862243
2077.5,0.3199282359871556
2078.0,0.32411185809833637
2078.5,0.3265886424713108
2079.0,0.3267662412800082
2079.5,0.32460858199340825
2080.0,0.32069328645450923
2080.5,0.31613207827612866
2081.0,0.31244242227053454
2081.5,0.31090687285899804
2082.0,0.3122546304397057
2082.5,0.31630544362972773
2083.0,0.3220273817430655
2083.5,0.32786632859280274
2084.0,0.3322930636399229
2084.5,0.3343969216228134
2085.0,0.3341080875344936
2085.5,0.3321278977292823
2086.0,0.32954281416973485
2086.5,0.3274096846686146
2087.0,0.3263296037520873
2087.5,0.32634663854782264
2088.0,0.3271376586988202
2088.5,0.32830560851647617
2089.0,0.32959974851186635
2089.5,0.33101965626359137
2090.0,0.3326759514782097
2090.5,0.3346184599488113
2091.0,0.33669963993675955
2091.5,0.33860222288861896
2092.0,0.3399903137972578
2092.5,0.3407063277876299
2093.0,0.340868476810702
2093.5,0.3407480228432357
2094.0,0.3405519469084707
2094.5,0.3402294344219617
2095.0,0.33940154553415025
2095.5,0.3374647476265981
2096.0,0.3339301395303026
2096.5,0.32872524059514113
2097.0,0.3223267097009506
2097.5,0.3156650910098849
2098.0,0.30982316446507147
2098.5,0.3055879342975236
2099.0,0.3032177422332885
2099.5,0.3023570214723076
2100.0,0.3022185071765812
2100.5,0.301908788617945
2101.0,0.30076986839574854
2101.5,0.2985877439055066
2102.0,0.2956107548101243
2102.5,0.2924244487599318
2103.0,0.2897925508482216
2103.5,0.2884185215609369
2104.0,0.28882186201779925
2104.5,0.2911819501336958
2105.0,0.29529384896319694
2105.5,0.3005795777098418
2106.0,0.306159461815719
2106.5,0.311080612778468
2107.0,0.31458265892223963
2107.5,0.3163123092407694
2108.0,0.3165125090279054
2108.5,0.3158971026015842
2109.0,0.3153939190981062
2109.5,0.31574871307564256
2110.0,0.3172984148240318
2110.5,0.3199117460166973
2111.0,0.3231243695514046
2111.5,0.3264224080432736
2112.0,0.3294913198613352
2112.5,0.3323369307809212
2113.0,0.3351549173867874
2113.5,0.33809239362556115
2114.0,0.3410436435196402
2114.5,0.3435419537199773
2115.0,0.3448649792914002
2115.5,0.34429895168221825
2116.0,0.34146207472959256
2116.5,0.33648841336921687
2117.0,0.330082038485803
2117.5,0.3233110022412387
2118.0,0.31720431164586116
2118.5,0.31246530388003524
2119.0,0.3093207464718744
2119.5,0.30749755899424513
2120.0,0.30640670944735926
2120.5,0.30541768383909673
2121.0,0.3041012049297485
2121.5,0.3023490291751699
2122.0,0.3004002325241987
2122.5,0.29869086375374615
2123.0,0.2976341964090684
2123.5,0.2974243871327056
2124.0,0.29788301971562225
2124.5,0.2984816507379498
2125.0,0.2985199875424348
2125.5,0.2974021605877937
2126.0,0.2949014793646797
2126.5,0.2913015159320225
2127.0,0.2873274904258627
2127.5,0.2838778170061408
2128.0,0.28164605860450964
2128.5,0.2808292216808026
2129.0,0.28098624856840104
2129.5,0.2812218919675273
2130.0,0.28062934301930964
2130.5,0.2787866915833532
2131.0,0.2759337643399281
2131.5,0.27289142156633756
2132.0,0.2707132650193264
2132.5,0.27007611109957486
2133.0,0.2708535614047725
2133.5,0.27207391118430685
2134.0,0.2721052288841998
2134.5,0.26923141606790346
2135.0,0.2624310402966722
2135.5,0.25180297096295257
2136.0,0.2384730681898718
2136.5,0.22427764994210572
2137.0,0.21128668094543118
2137.5,0.20117083183998183
2138.0,0.1948617236922312
2138.5,0.19247188228203813
2139.0,0.1933868402166237
2139.5,0.19642798615136148
2140.0,0.20010878323535963
2140.5,0.20293860045618098
2141.0,0.2037789678908209
2141.5,0.20209049704050486
2142.0,0.1982341981553425
2142.5,0.1934314514092137
2143.0,0.18946985044561887
2143.5,0.18808449221088086
2144.0,0.19013301393833287
2144.5,0.1951659056653383
2145.0,0.20143316089895327
2145.5,0.20639416284995638
2146.0,0.2077230513770097
2146.5,0.20411279221145123
2147.0,0.19590085440658644
2147.5,0.18483125792638538
2148.0,0.17357023974459995
2148.5,0.16458390652943017
2149.0,0.1590595660142573
2149.5,0.1567673709830162
2150.0,0.1563270319594497
2150.5,0.15587148181590044
2151.0,0.15373547133560228
2151.5,0.14899908414648227
2152.0,0.1416381660195537
2152.5,0.13216726602814166
2153.0,0.1213038472030088
2153.5,0.10968064502215374
2154.0,0.097772070407273
2154.5,0.08599561602939147
2155.0,0.07488878433799004
2155.5,0.0652458798659172
2156.0,0.057999013721945894
2156.5,0.05402101058510303
2157.0,0.054000265485560715
2157.5,0.05807277269078171
2158.0,0.06577061062679962
2158.5,0.07611694981313662
2159.0,0.08765630922567463
2159.5,0.09893982265819654
2160.0,0.10858299041413222
2160.5,0.11579468807616278
2161.0,0.12046712449774186
2161.5,0.1232899626815456
2162.0,0.12589491205868028
2162.5,0.13029585482729844
2163.0,0.13843737309017334
2163.5,0.1515369117642311
2164.0,0.1696562020923747
2164.5,0.19199101241865377
2165.0,0.21685724906474416
2165.5,0.2423505730536953
2166.0,0.2662422943246881
2166.5,0.28594238071137434
2167.0,0.2988724836735562
2167.5,0.30307147824880204
2168.0,0.2977884561945462
2168.5,0.2840662224473179
2169.0,0.2649546249844425
2169.5,0.2448968570315629
2170.0,0.228705038991452
2170.5,0.22017363920771665
2171.0,0.22073829819504698
2171.5,0.22907679859464208
2172.0,0.2416006162304842
2172.5,0.25384631118302386
2173.0,0.2619436353316399
2173.5,0.2639602462537278
2174.0,0.260342440972396
2174.5,0.2535573885238269
2175.0,0.24692989967628945
2175.5,0.24318333771077016
2176.0,0.24342441400676493
2176.5,0.24700034970568274
2177.0,0.2520477492430486
2177.5,0.2562181949756644
2178.0,0.25762148448287453
2178.5,0.25535680682945683
2179.0,0.2496921029631941
2179.5,0.24181457682214305
2180.0,0.2335105068664043
2180.5,0.2267640310893546
2181.0,0.2233606409087883
2181.5,0.2244504107580588
2182.0,0.23026455239883473
2182.5,0.23977565249718802
2183.0,0.2507134075358924
2183.5,0.26006901206152916
2184.0,0.26498002842941026
2184.5,0.26379632991480845
2185.0,0.2567569587614965
2185.5,0.24613570832969467
2186.0,0.2356558750021731
2186.5,0.229133858078166
2187.0,0.2291615601693745
2187.5,0.23607753770028783
2188.0,0.247947728442579
2188.5,0.2611859122361154
2189.0,0.2719318939100668
2189.5,0.2777161452364768
2190.0,0.2781003931308476
2190.5,0.27471372090592105
2191.0,0.27043035771363105
2191.5,0.268363971647571
2192.0,0.27064240902874187
2192.5,0.2778582985495126
2193.0,0.28907097336977833
2193.5,0.30229512982640383
2194.0,0.3150017336689235
2194.5,0.32491079314101434
2195.0,0.33059969607934814
2195.5,0.33161183825036106
2196.0,0.3283121590292573
2196.5,0.3216155436135384
2197.0,0.31266358795447363
2197.5,0.3025372870733521
2198.0,0.29231519534298767
2198.5,0.28302918358624674
2199.0,0.27553850035762795
2199.5,0.27051572975747185
2200.0,0.26827516312184607
2200.5,0.26870647653377944
2201.0,0.2710983323019417
2201.5,0.2742317329256901
2202.0,0.2766286829113871
2202.5,0.2770711430371277
2203.0,0.2750161489570343
2203.5,0.270799543373824
2204.0,0.26563257897529513
2204.5,0.26120257145134096
2205.0,0.2590652535596898
2205.5,0.2602215239113942
2206.0,0.26471444229527774
2206.5,0.2716618579075179
2207.0,0.27958880289036675
2207.5,0.2869955491037063
2208.0,0.29269217472398806
2208.5,0.2959986703346133
2209.0,0.29676871596427584
2209.5,0.2952357625407761
2210.0,0.29189237808938867
2210.5,0.2874006672562165
2211.0,0.28270135745724567
2211.5,0.27886987899959076
2212.0,0.2769455501333666
2212.5,0.27762410121085024
2213.0,0.2809690694200426
2213.5,0.28619338438441316
2214.0,0.29186240073378156
2214.5,0.2963713005743885
2215.0,0.2985322921390543
2215.5,0.29807500966672695
2216.0,0.2959067894556802
2216.5,0.2936074907261884
2217.0,0.29268931277468013
2217.5,0.2938783968556874
2218.0,0.29685423406036127
2218.5,0.3003710833103442
2219.0,0.3029364077733928
2219.5,0.3034617214923879
2220.0,0.3018454389885356
2220.5,0.29898879628257324
2221.0,0.2963843653719227
2221.5,0.2954210344148556
2222.0,0.2968228226360789
2222.5,0.30043634747466663
2223.0,0.30538988069951467
2223.5,0.310544050421885
2224.0,0.31497614988880224
2224.5,0.318281610957538
2225.0,0.320659427280811
2225.5,0.32258325193124837
2226.0,0.3246197539421194
2226.5,0.3272387481782515
2227.0,0.3307512281052923
2227.5,0.3353544784579308
2228.0,0.34112454019065225
2228.5,0.3480083882279043
2229.0,0.35560766280863504
2229.5,0.3631434874910989
2230.0,0.369602085622464
2230.5,0.37391560037447585
2231.0,0.37541994473939044
2231.5,0.37415348124088177
2232.0,0.3710234980926813
2232.5,0.3675480003694472
2233.0,0.3653332345376522
2233.5,0.36558432151878434
2234.0,0.36864742952236446
2234.5,0.3739488026943678
2235.0,0.3802089420358143
2235.5,0.3859401740342134
2236.0,0.3899303921976411
2236.5,0.39158022968939094
2237.0,0.39099341823540673
2237.5,0.388878565811667
2238.0,0.3862678382234242
2238.5,0.38417819967750727
2239.0,0.3833402004246039
2239.5,0.38411074304601345
2240.0,0.3863876267513884
2240.5,0.38965328490410167
2241.0,0.3931737996969276
2241.5,0.39612653848918106
2242.0,0.39779390638926587
2242.5,0.3977433831327385
2243.0,0.3959828973045585
2243.5,0.3928316658575702
2244.0,0.3887589628696208
2244.5,0.38424509011555613
2245.0,0.3796174073150541
2245.5,0.37501821118209583
2246.0,0.37051795793438175
2246.5,0.36621401402687187
2247.0,0.3623560209161337
2247.5,0.3593627692009923
2248.0,0.3576793068833024
2248.5,0.3575459012995017
2249.0,0.3588469234919358
2249.5,0.36106341075553605
2250.0,0.3633737756190008
2250.5,0.3649000618216234
2251.0,0.36502356790493284
2251.5,0.36356980593145205
2252.0,0.3608974150446368
2252.5,0.3577745289447426
2253.0,0.35513599026500575
2253.5,0.3537589438078323
2254.0,0.35405675417659044
2254.5,0.35596192457547027
2255.0,0.35896862313044137
2255.5,0.3623074243053347
2256.0,0.3651975201188117
2256.5,0.36708036190159715
2257.0,0.36785915910796624
2257.5,0.36791455977172055
2258.0,0.3679586015612523
2258.5,0.36882062365253804
2259.0,0.37114730350773706
2259.5,0.37506900859479564
2260.0,0.38008838176304893
2260.5,0.3851626056973533
2261.0,0.38901110492879665
2261.5,0.3904726505518434
2262.0,0.38891866686748683
2262.5,0.38450752904295316
2263.0,0.37815054234621215
2263.5,0.3712747499887089
2264.0,0.3654200874056327
2264.5,0.3618492882696107
2265.0,0.3611009616990946
2265.5,0.36289662690665325
2266.0,0.36629279420112343
2266.5,0.3699415706524495
2267.0,0.37249586765520143
2267.5,0.3729685187910055
2268.0,0.3709977559112917
2268.5,0.3669387320756772
2269.0,0.36166632658171705
2269.5,0.3563967657044918
2270.0,0.35226486793351663
2270.5,0.34997225659544484
2271.0,0.3496717708505366
2271.5,0.3509772377169938
2272.0,0.3531670571131029
2272.5,0.3554340490897731
2273.0,0.35717601356113327
2273.5,0.3581590731562294
2274.0,0.35851656295755824
2274.5,0.35862876775085417
2275.0,0.35892280635064405
2275.5,0.3597011271964574
2276.0,0.3610548488449624
2276.5,0.3628658781614797
2277.0,0.36489724063590373
2277.5,0.36691580186227196
2278.0,0.36873587893025594
2278.5,0.3702348915811211
2279.0,0.37138335552176827
2279.5,0.3722231567435293
2280.0,0.3728535127540874
2280.5,0.3734258406381444
2281.0,0.37412141053134107
2281.5,0.3750876730443548
2282.0,0.37639984513768937
2282.5,0.37800216860011865
2283.0,0.3797266150514651
2283.5,0.38134287521274635
2284.0,0.38271502735458807
2284.5,0.38390167505461814
2285.0,0.38516601533544775
2285.5,0.3868791028738734
2286.0,0.3893267669136894
2286.5,0.3925456500057068
2287.0,0.39623949788360413
2287.5,0.3998681505276097
2288.0,0.40285730474751946
2288.5,0.4048490766182668
2289.0,0.40587354794271036
2289.5,0.4063430959423458
2290.0,0.40688601956059717
2290.5,0.4080405838751546
2291.0,0.41003562556511275
2291.5,0.4126392782048017
2292.0,0.41524348929087174
2292.5,0.41712835320195957
2293.0,0.4177490264626652
2293.5,0.4169821251728374
2294.0,0.41515890142268175
2294.5,0.4129896356080732
2295.0,0.41135165678795454
2295.5,0.41098859432590384
2296.0,0.4123414488357334
2296.5,0.4153873458092671
2297.0,0.4196581825197724
2297.5,0.4243676252483264
2298.0,0.4286003615244315
2298.5,0.4315332169645084
2299.0,0.4326342827980811
2299.5,0.4318221394446899
2300.0,0.42953568953529186
2300.5,0.4266812981276643
2301.0,0.42439346338378603
2301.5,0.4237320172522242
2302.0,0.42537028798688237
2302.5,0.4293748494969136
2303.0,0.435178919388213
2303.5,0.4417620834920273
2304.0,0.4480220597917861
2304.5,0.4531072503870751
2305.0,0.45664112670185425
2305.5,0.4588200264501173
2306.0,0.4602257420517153
2306.5,0.46155908444739
2307.0,0.4633502478319732
2307.5,0.46579909423973315
2308.0,0.46876457256869575
2308.5,0.4718576327218593
2309.0,0.4746558165935203
2309.5,0.4768664057600417
2310.0,0.47841154678801545
2310.5,0.4795007757102814
2311.0,0.48044273362725526
2311.5,0.4815712276949038
2312.0,0.48312796514816325
2312.5,0.48517099705786215
2313.0,0.4875826962566905
2313.5,0.49006958612976775
2314.0,0.4922746692030274
2314.5,0.4939031403698747
2315.0,0.49483415936634934
2315.5,0.49522073323082844
2316.0,0.49545276433249874
2316.5,0.4960817917369318
2317.0,0.4975848713750731
2317.5,0.5001769886521265
2318.0,0.5036810640279406
2318.5,0.5075504791659902
2319.0,0.5110137139914892
2319.5,0.5134346828560061
2320.0,0.5145838377775341
2320.5,0.5146952009943654
2321.0,0.5144148933937336
2321.5,0.5145583161618656
2322.0,0.5157488965111545
2322.5,0.5182158409052825
2323.0,0.5216987456973072
2323.5,0.5256182861679348
2324.0,0.5291919112302165
2324.5,0.5318635953058161
2325.0,0.5334902563752165
2325.5,0.5341778333955266
2326.0,0.5342825004949902
2326.5,0.5340944341368381
2327.0,0.533715476007946
2327.5,0.5330264478194915
2328.0,0.5317716139015208
2328.5,0.5296811025096748
2329.0,0.5265936856485836
2329.5,0.5225090134173936
2330.0,0.5175893481645447
2330.5,0.512111623019956
2331.0,0.5064822201969824
2331.5,0.5012136384818072
2332.0,0.4968591027710658
2332.5,0.4939919124370328
2333.0,0.4929780100823307
2333.5,0.4938979775941326
2334.0,0.4964061456493602
2334.5,0.49980234285421055
2335.0,0.5031780293696203
2335.5,0.5056401338527144
2336.0,0.5066137121121184
2336.5,0.5060026634613212
2337.0,0.5042185460406337
2337.5,0.5020763627745939
2338.0,0.5003734802829038
2338.5,0.49969777751273253
2339.0,0.5002207437284572
2339.5,0.5017217740971969
2340.0,0.5037156872162998
2340.5,0.5057077816117683
2341.0,0.5073888866611523
2341.5,0.5087640885730595
2342.0,0.5101429420640436
2342.5,0.5120150364593916
2343.0,0.514814396172745
2343.5,0.5187428767167327
2344.0,0.5236654433459842
2344.5,0.5291179257926777
2345.0,0.5344395392940574
2345.5,0.5389820443598679
2346.0,0.5422977456328161
2346.5,0.5442442827340725
2347.0,0.5449851848414184
2347.5,0.5449202575092362
2348.0,0.5445144746473936
2348.5,0.5441386298434995
2349.0,0.5439621942714331
2349.5,0.543899861074388
2350.0,0.54371259613224
2350.5,0.5430387134456668
2351.0,0.5416168475549494
2351.5,0.539282256151242
2352.0,0.5360106781478156
2352.5,0.5319325077560083
2353.0,0.5273323643381415
2353.5,0.5226159991951209
2354.0,0.5182359752532858
2354.5,0.5145957356678945
2355.0,0.5118470072973014
2355.5,0.5098240063846713
2356.0,0.5080079956668268
2356.5,0.5056468462200305
2357.0,0.5020120756638066
2357.5,0.4966916962858845
2358.0,0.48982223559306953
2358.5,0.4820984981280323
2359.0,0.47464409328908025
2359.5,0.4686461709059272
2360.0,0.4649354496549279
2360.5,0.46369609451426685
2361.0,0.4643954674064884
2361.5,0.4659898456529843
2362.0,0.46721945529188647
2362.5,0.46701945929012645
2363.0,0.4648233729121095
2363.5,0.46070124978363836
2364.0,0.45530318551160004
2364.5,0.4496264151851952
2365.0,0.4447117404206495
2365.5,0.44136382185010786
2366.0,0.4400687024087164
2366.5,0.44089747037766125
2367.0,0.44356841099996225
2367.5,0.4474192760097753
2368.0,0.45159897629626927
2368.5,0.45527487311981885
2369.0,0.45778010902799166
2369.5,0.45880042724697495
2370.0,0.4584031774101691
2370.5,0.45700512761920076
2371.0,0.4551875195050028
2371.5,0.4535718918775695
2372.0,0.45266725871184
2372.5,0.452767515652047
2373.0,0.4540191285633192
2373.5,0.456416307264996
2374.0,0.4598537732792241
2374.5,0.4641389205900621
2375.0,0.46894668918325366
2375.5,0.47382643952090037
2376.0,0.47818560083115347
2376.5,0.4814331893880309
2377.0,0.4830885189818457
2377.5,0.4829418962110928
2378.0,0.4812156295177904
2378.5,0.478429333987886
2379.0,0.4753023313323848
2379.5,0.47254229200127457
2380.0,0.4706445548756936
2380.5,0.4697682360645242
2381.0,0.46971846255270555
2381.5,0.47002007139701824
2382.0,0.47009093812670744
2382.5,0.46941996415853354
2383.0,0.46768153323767025
2383.5,0.46481441558466535
2384.0,0.4609958483064409
2384.5,0.45658364587182876
2385.0,0.45199183148278876
2385.5,0.4476003944735741
2386.0,0.4436641052885901
2386.5,0.4402661271362682
2387.0,0.43733158075149164
2387.5,0.43465308658653107
2388.0,0.4319846908941844
2388.5,0.4291116040438957
2389.0,0.4259152506890112
2389.5,0.4224192658595048
2390.0,0.41877671411156947
2390.5,0.4152212253093167
2391.0,0.41201090899797216
2391.5,0.4093237041062159
2392.0,0.4072419076026965
2392.5,0.40574299026380395
2393.0,0.40470316540740436
2393.5,0.4039420751741509
2394.0,0.40326940177070086
2394.5,0.40251989257648263
2395.0,0.40158099135940317
2395.5,0.40042023385722736
2396.0,0.39909300141252435
2396.5,0.3977359178587512
2397.0,0.39652830651609255
2397.5,0.39564834583007696
2398.0,0.39520543698297667
2398.5,0.39517419892447225
2399.0,0.39541203054424684
2399.5,0.3956552418115822
2400.0,0.3955757838045256
2400.5,0.39490476289480453
2401.0,0.39349082280581116
2401.5,0.39135144746006534
2402.0,0.3886512507719231
2402.5,0.38568528760333554
2403.0,0.38278315480666775
2403.5,0.3802177470257362
2404.0,0.37822709966705315
2404.5,0.3769449227060331
2405.0,0.3763623363538498
2405.5,0.3763999914843824
2406.0,0.3769105379547062
2406.5,0.3776844485660967
2407.0,0.3784591557658468
2407.5,0.37898736039247977
2408.0,0.3790495684103181
2408.5,0.3785220910182062
2409.0,0.3773986589667967
2409.5,0.37579513476440857
2410.0,0.37391712697959584
2410.5,0.37200363056663976
2411.0,0.3702590404300431
2411.5,0.3687935184104877
2412.0,0.3676014887345683
2412.5,0.36657096308311987
2413.0,0.3655041948869115
2413.5,0.36420618858876186
2414.0,0.36255374814520314
2414.5,0.36053128839420745
2415.0,0.35827465047044826
2415.5,0.35603483727063673
2416.0,0.3541232599300455
2416.5,0.35283451132274724
2417.0,0.3523758697671795
2417.5,0.3528104486074114
2418.0,0.35397968796047724
2418.5,0.3555774475093825
2419.0,0.35722606161052817
2419.5,0.35854998113878733
2420.0,0.35926328270504193
2420.5,0.35923953697495603
2421.0,0.35853034902158365
2421.5,0.357351634407078
2422.0,0.35604122760201784
2422.5,0.3549806845298764
2423.0,0.35449269236336234
2423.5,0.3547662982984163
2424.0,0.3558153217695004
2424.5,0.35746070450677414
2425.0,0.3594009972726234
2425.5,0.36128708166871454
2426.0,0.3628446063329284
2426.5,0.36395411155658636
2427.0,0.36469085281695923
2427.5,0.36527062481707473
2428.0,0.36595969489106533
2428.5,0.3669622190114807
2429.0,0.36835605511980907
2429.5,0.37005918975444396
2430.0,0.37190241204784613
2430.5,0.3736679673886825
2431.0,0.37520247787361255
2431.5,0.376428501758776
2432.0,0.377363124674922
2432.5,0.3780283173592372
2433.0,0.37842307638717215
2433.5,0.37854361748822796
2434.0,0.3784050025897052
2434.5,0.37809116563837014
2435.0,0.3777862073184309
2435.5,0.3777160121987862
2436.0,0.3780657205613013
2436.5,0.3788747715391503
2437.0,0.3799935450593101
2437.5,0.3810946620359532
2438.0,0.38181044020062965
2438.5,0.38189303671799535
2439.0,0.3813179405612681
2439.5,0.3803190302668976
2440.0,0.3793069894386706
2440.5,0.3787012587215931
2441.0,0.3787601832929542
2441.5,0.37949549364225077
2442.0,0.38069291789031334
2442.5,0.38203840505571907
2443.0,0.3832524379128108
2443.5,0.3842129837959757
2444.0,0.38496978526352316
2444.5,0.3857138913818426
2445.0,0.3866136808518499
2445.5,0.38772915912634126
2446.0,0.38896549101203104
2446.5,0.39012530345590446
2447.0,0.3910006196433103
2447.5,0.39144358123412465
2448.0,0.39145384314130793
2448.5,0.39112203525513156
2449.0,0.3906302639343775
2449.5,0.390169091551213
2450.0,0.38987378289736235
2450.5,0.3898006139237732
2451.0,0.38990422023816845
2451.5,0.39004639069778735
2452.0,0.3900159123213096
2452.5,0.3895908898097742
2453.0,0.3886125705342124
2453.5,0.38702687481310905
2454.0,0.38499895816428187
2454.5,0.3828896739417472
2455.0,0.38114536502347734
2455.5,0.3801958642518654
2456.0,0.3802928789979882
2456.5,0.3814281710420343
2457.0,0.3832926861989189
2457.5,0.38541075410362063
2458.0,0.3872865305631358
2458.5,0.3885513499462824
2459.0,0.3891201690643561
2459.5,0.38912061336368897
2460.0,0.38880474304322993
2460.5,0.3884108131500559
2461.0,0.38808158707326434
2461.5,0.3878438353010097
2462.0,0.3876561901513029
2462.5,0.3874908123404016
2463.0,0.38738710962374484
2463.5,0.3874515042225502
2464.0,0.3877990232557723
2464.5,0.38847830339629974
2465.0,0.3894285580521724
2465.5,0.3904780042067884
2466.0,0.3914090995313318
2466.5,0.3920252202018868
2467.0,0.39221428432597594
2467.5,0.3919737901027241
2468.0,0.39137229360008
2468.5,0.39049437618437544
2469.0,0.3894180338858473
2469.5,0.38819542660118617
2470.0,0.3868835490378785
2470.5,0.3855512433004308
2471.0,0.38429471934786347
2471.5,0.3831905479289176
2472.0,0.38226364687471576
2472.5,0.3814433562332117
2473.0,0.3805673922695823
2473.5,0.3794541001879662
2474.0,0.37798839841457144
2474.5,0.37616904175494925
2475.0,0.37417424632023666
2475.5,0.37229495198685314
2476.0,0.3708442379910994
2476.5,0.37005621253705495
2477.0,0.370015943860057
2477.5,0.3706317066024988
2478.0,0.3716736894860597
2478.5,0.37285334382503954
2479.0,0.3738911062295026
2479.5,0.3745807203443673
2480.0,0.37480940808958474
2480.5,0.374567201302768
2481.0,0.3739494796246744
2481.5,0.3731091420069978
2482.0,0.3722575616679161
2482.5,0.37162337789533684
2483.0,0.37139413957198397
2483.5,0.3716735733680799
2484.0,0.3724310587725589
2484.5,0.3735103454269046
2485.0,0.3746220799778927
2485.5,0.37545651359935284
2486.0,0.3757953599575714
2486.5,0.3755592823124779
2487.0,0.37485270764552797
2487.5,0.373930597134189
2488.0,0.373123255211295
2488.5,0.3727299388032921
2489.0,0.3729212595613982
2489.5,0.37368889077152084
2490.0,0.3748536040208324
2490.5,0.37613287390306827
2491.0,0.3772482924624905
2491.5,0.3780339144637962
2492.0,0.378493672229298
2492.5,0.37880257015577595
2493.0,0.3792325115033232
2493.5,0.38003090233711856
2494.0,0.38132099785481594
2494.5,0.3830169818919082
2495.0,0.38486407869846523
2495.5,0.38652731163256043
2496.0,0.3877201918868951
2496.5,0.3883266957741114
2497.0,0.3884312145329186
2497.5,0.38829363981802484
2498.0,0.3882211550832251
2498.5,0.38842799732292627
2499.0,0.38896279689296354
2499.5,0.38964839572091226
2500.0,0.39021132570383676
2500.5,0.3903810068623184
2501.0,0.39001336316758495
2501.5,0.3891571646468759
2502.0,0.38801295559366555
2502.5,0.3868440818149805
2503.0,0.3858758884576558
2503.5,0.38521608892423165
2504.0,0.3848225591221774
2504.5,0.38453514521426313
2505.0,0.3841603935813642
2505.5,0.3835418347316604
2506.0,0.3826195266960158
2506.5,0.38143838541826613
2507.0,0.3801411684874382
2507.5,0.37891562388943256
2508.0,0.37794976056359103
2508.5,0.3773812581002973
2509.0,0.37724962620297736
2509.5,0.377494790470948
2510.0,0.3779577099148506
2510.5,0.37843069677989005
2511.0,0.37870831331578286
2511.5,0.3786782284966202
2512.0,0.3783835649471327
2512.5,0.37802176271782273
2513.0,0.3779072988284654
2513.5,0.37835775688680257
2514.0,0.37959098532302493
2514.5,0.3816179603998823
2515.0,0.3842266722333931
2515.5,0.3870446293747145
2516.0,0.38959530856055385
2516.5,0.39146370952354426
2517.0,0.39239413761191927
2517.5,0.39233267433667024
2518.0,0.39142440130965006
2518.5,0.3899718331226652
2519.0,0.3883287847644615
2519.5,0.38683399240937144
2520.0,0.38574065523372075
2520.5,0.38518930358577097
2521.0,0.38517227498073164
2521.5,0.385540481971764
2522.0,0.3860547787332219
2522.5,0.3864373280886487
2523.0,0.3864451938195554
2523.5,0.3859260101823617
2524.0,0.38487249051678296
2524.5,0.3834345529149019
2525.0,0.3818699332702848
2525.5,0.3805313313908535
2526.0,0.3797208418452555
2526.5,0.37963242649192397
2527.0,0.3803232601633937
2527.5,0.38169324126962934
2528.0,0.38352763453019967
2528.5,0.3855148985546579
2529.0,0.3873291757715872
2529.5,0.3887133983637705
2530.0,0.389528940997236
2530.5,0.38981101003253615
2531.0,0.38976640930913076
2531.5,0.3897191051428224
2532.0,0.3900054213220038
2532.5,0.39087468221742083
2533.0,0.39238365106061024
2533.5,0.3943716660702179
2534.0,0.3964910390776475
2534.5,0.39833003394957367
2535.0,0.399561241998649
2535.5,0.40004151839390895
2536.0,0.3998639027373968
2536.5,0.3993089200945796
2537.0,0.3987548967522153
2537.5,0.3985290511954684
2538.0,0.39883315699186356
2538.5,0.39969420847771137
2539.0,0.4009907347921856
2539.5,0.40249803307719934
2540.0,0.4039969654836226
2540.5,0.4053363833748862
2541.0,0.40643882285842464
2541.5,0.40730211426148555
2542.0,0.4079757240867139
2542.5,0.40853954605194387
2543.0,0.40908091868525626
2543.5,0.409676554421975
2544.0,0.41037853476224445
2544.5,0.4112084052567385
2545.0,0.41214905961678483
2545.5,0.4131630844600208
2546.0,0.4142083909422982
2546.5,0.41526151402721845
2547.0,0.41632766701168356
2547.5,0.4174130540750561
2548.0,0.41851041020179097
2548.5,0.4195649069747417
2549.0,0.42047663864433865
2549.5,0.4211506906809622
2550.0,0.42153176276055815
2550.5,0.42168145576282945
2551.0,0.421785514223935
2551.5,0.422136170560937
2552.0,0.4230291878918307
2552.5,0.42465807015766854
2553.0,0.42700452631174324
2553.5,0.42980095572730503
2554.0,0.4325959050466267
2554.5,0.43489859738608594
2555.0,0.43627293762014085
2555.5,0.43648387377868597
2556.0,0.4355557056948438
2556.5,0.4337750848150717
2557.0,0.4315816203201995
2557.5,0.42947485422344484
2558.0,0.4278986405000556
2558.5,0.4271387771032559
2559.0,0.427259287860973
2559.5,0.4281177458207006
2560.0,0.4294157643182007
2560.5,0.43076290111967375
2561.0,0.43178741941491977
2561.5,0.43222290390367724
2562.0,0.4319655616636129
2562.5,0.4310727565967254
2563.0,0.4297305956141745
2563.5,0.4281916135032253
2564.0,0.4266778959104205
2564.5,0.42534839835144767
2565.0,0.42427343484127467
2565.5,0.4234660210171317
2566.0,0.42290370593092974
2566.5,0.4225603608528379
2567.0,0.42241345646189404
2567.5,0.42243985080728247
2568.0,0.422600398252575
2568.5,0.4228386738650896
2569.0,0.42309503603367166
2569.5,0.42331891709592406
2570.0,0.4234882473668468
2570.5,0.42360370012459503
2571.0,0.42366814887709314
2571.5,0.4236639727802412
2572.0,0.4235457889357891
2572.5,0.42324355740259123
2573.0,0.4227027310140969
2573.5,0.42191545606884917
2574.0,0.42094773617655257
2574.5,0.41992112448060775
2575.0,0.41898576076354416
2575.5,0.4182684394895039
2576.0,0.41783347683451644
2576.5,0.4176814226233597
2577.0,0.41775743142200916
2577.5,0.4179906084872336
2578.0,0.418320766999
2578.5,0.41869112762573546
2579.0,0.4190365010955105
2579.5,0.4192696935451754
2580.0,0.4192903660728775
2580.5,0.41902083314050453
2581.0,0.4184420929598856
2581.5,0.4176341311035204
2582.0,0.4167521839658576
2582.5,0.41598322764562284
2583.0,0.415486618198319
2583.5,0.4153146723595442
2584.0,0.415409517988931
2584.5,0.4156343722347966
2585.0,0.4158425871435891
2585.5,0.41594766054396326
2586.0,0.4159422852738017
2586.5,0.4158897566337898
2587.0,0.4158763988336382
2587.5,0.4159519961137489
2588.0,0.4160920140765574
2588.5,0.4162490328960881
2589.0,0.41637565500405993
2589.5,0.41648207565518
2590.0,0.4166437688854412
2590.5,0.41696898568032736
2591.0,0.4175450399798059
2591.5,0.4183767736811203
2592.0,0.41936311890021205
2592.5,0.42032563566594655
2593.0,0.42106785120464596
2593.5,0.42148581895705234
2594.0,0.4215858991501566
2594.5,0.4214879037313072
2595.0,0.42135459375199746
2595.5,0.42135076845958197
2596.0,0.42157427234827344
2596.5,0.42204924106727587
2597.0,0.422740346625256
2597.5,0.4235895045753773
2598.0,0.4245426271158492
2598.5,0.42555291731647704
2599.0,0.42658116761093734
2599.5,0.4275753126485589
2600.0,0.4284781053997399
2600.5,0.42924126530738504
2601.0,0.4298385272670103
2601.5,0.43027835362649336
2602.0,0.4305981777718476
2602.5,0.4308473251458879
2603.0,0.43106669588529073
2603.5,0.43126105405494136
2604.0,0.43142035948297325
2604.5,0.4315311325480734
2605.0,0.4316102991055386
2605.5,0.4317073844979466
2606.0,0.4319023160330281
2606.5,0.4322615436014628
2607.0,0.4328103395368802
2607.5,0.4335144013644523
2608.0,0.43428602107676556
2608.5,0.43500795587859387
2609.0,0.43558321032509045
2609.5,0.43595770747840634
2610.0,0.43613242082472875
2610.5,0.4361565419808989
2611.0,0.4361212778097193
2611.5,0.4361320907389318
2612.0,0.4362863632258383
2612.5,0.4366656873370252
2613.0,0.4373150583973554
2613.5,0.4382179031215325
2614.0,0.43930001406254704
2614.5,0.4404388707808721
2615.0,0.4414849956769444
2615.5,0.4423039410855026
2616.0,0.44281934441201054
2616.5,0.4430345731449657
2617.0,0.4430226817621113
2617.5,0.44289445078260103
2618.0,0.4427599337519056
2618.5,0.44267952117966114
2619.0,0.4426566804254888
2619.5,0.4426435053212381
2620.0,0.4425696109800542
2620.5,0.4423881040919469
2621.0,0.44208772468374175
2621.5,0.44169554579224846
2622.0,0.4412705898538068
2622.5,0.44087963816133696
2623.0,0.44058584824583835
2623.5,0.44043867379125196
2624.0,0.4404739237805362
2624.5,0.4406905466546419
2625.0,0.44104550455508584
2625.5,0.44144637773105955
2626.0,0.4417722915465563
2626.5,0.4418996082005492
2627.0,0.4417542101710573
2627.5,0.44134741351649115
2628.0,0.4407819080688302
2628.5,0.44023099304380875
2629.0,0.4398833628022055
2629.5,0.4398669089956312
2630.0,0.4402140413215209
2630.5,0.44085574640366004
2631.0,0.4416666388609616
2631.5,0.44250979136201063
2632.0,0.4432983475724479
2632.5,0.44400924711633183
2633.0,0.4446669154910344
2633.5,0.44530817574139847
2634.0,0.4459365018816682
2634.5,0.4465209197048685
2635.0,0.4470063627007316
2635.5,0.4473544872136626
2636.0,0.4475808582904761
2636.5,0.4477641022460658
2637.0,0.44801762263653994
2637.5,0.4484467078060098
2638.0,0.44911500593751724
2638.5,0.4500105626012104
2639.0,0.45106061469961234
2639.5,0.4521531458167664
2640.0,0.4531703956701238
2640.5,0.45400327049978484
2641.0,0.45457205049097227
2641.5,0.4548322938189185
2642.0,0.4547737478118147
2642.5,0.4544261392292722
2643.0,0.4538659673031382
2643.5,0.4532124585456606
2644.0,0.45260276611153827
2644.5,0.4521694541372355
2645.0,0.45199122749359855
2645.5,0.4520858945931046
2646.0,0.4524044543542072
2646.5,0.4528690149474994
2647.0,0.45342129328587505
2647.5,0.4540345246726444
2648.0,0.454739237786447
2648.5,0.4555857312261491
2649.0,0.4566029691462311
2649.5,0.4577594052536034
2650.0,0.4589625916386383
2650.5,0.46008097541054294
2651.0,0.46099718250085164
2651.5,0.46164318376998326
2652.0,0.4620216322838886
2652.5,0.4621863846642677
2653.0,0.4622109693838155
2653.5,0.46214748015284346
2654.0,0.46201131422159514
2654.5,0.4617877171859208
2655.0,0.4614597933711656
2655.5,0.46103299306528944
2656.0,0.4605579163957685
2656.5,0.46010638578299123
2657.0,0.45974273818489203
2657.5,0.45949545492380983
2658.0,0.4593327636464407
2658.5,0.45917263354369997
2659.0,0.4589183268996288
2659.5,0.45849594974136737
2660.0,0.45786962670053866
2660.5,0.4570670151789424
2661.0,0.4561539335492183
2661.5,0.4552003967779413
2662.0,0.45425437625009457
2662.5,0.4533282995085435
2663.0,0.45241330349995046
2663.5,0.4514929097831518
2664.0,0.4505550236869749
2664.5,0.4496091132934882
2665.0,0.44867142510988856
2665.5,0.44776868942827425
2666.0,0.4469163402609902
2666.5,0.4461218226871617
2667.0,0.4453762850730308
2667.5,0.4446596390110182
2668.0,0.4439529354549288
2668.5,0.4432362238233739
2669.0,0.4425021968049793
2669.5,0.4417561141958268
2670.0,0.4410160345923585
2670.5,0.4403076093593022
2671.0,0.43966521940059855
2671.5,0.43910751935478776
2672.0,0.43864294828545625
2672.5,0.4382694839844053
2673.0,0.43796567178552537
2673.5,0.4377105716070271
2674.0,0.43748950729092795
2674.5,0.4372957975342473
2675.0,0.4371438544558102
2675.5,0.437046563148897
2676.0,0.4370090666486084
2676.5,0.43701778036535505
2677.0,0.43703516427946787
2677.5,0.43701143600275244
2678.0,0.4368963990378747
2678.5,0.43664824387426726
2679.0,0.4362610416987762
2679.5,0.4357685219168509
2680.0,0.4352372379701875
2680.5,0.43475902898634183
2681.0,0.43443007986617027
2681.5,0.43433064780948594
2682.0,0.434495634404371
2682.5,0.4348941550957673
2683.0,0.4354242612798159
2683.5,0.4359366259485697
2684.0,0.43628094582958254
2684.5,0.4363410954616202
2685.0,0.4360855444178162
2685.5,0.4355712992926938
2686.0,0.4349478461602671
2686.5,0.43439599916758176
2687.0,0.43408267716510995
2687.5,0.43410402976720874
2688.0,0.4344502815314292
2688.5,0.4350266694814112
2689.0,0.43570470859526034
2689.5,0.4363561686188857
2690.0,0.4369056190329925
2690.5,0.4373354221955593
2691.0,0.4376800835725678
2691.5,0.4379934932009062
2692.0,0.4383309129204254
2692.5,0.4387252972096999
2693.0,0.4391850582366763
2693.5,0.4396919399155433
2694.0,0.4402179759255034
2694.5,0.44073122325519576
2695.0,0.44119649876063916
2695.5,0.44157874149766396
2696.0,0.44185351590803185
2696.5,0.44201494386984985
2697.0,0.44207417049008857
2697.5,0.44206541361682605
2698.0,0.44202612132114505
2698.5,0.44198936534060806
2699.0,0.44196502473918275
2699.5,0.44195552369997376
2700.0,0.44193995394333563
2700.5,0.4419120668811709
2701.0,0.441890477666801
2701.5,0.4419208647467563
2702.0,0.44205348290129176
2702.5,0.4423194532791792
2703.0,0.44269971474717684
2703.5,0.4431347892454336
2704.0,0.44353150301210464
2704.5,0.443813601675195
2705.0,0.4439448890834657
2705.5,0.4439629269375199
2706.0,0.4439637388544627
2706.5,0.44407393639926257
2707.0,0.44440219068503
2707.5,0.4450016491926818
2708.0,0.44585472571445667
2708.5,0.4468812686350523
2709.0,0.4479557269159218
2709.5,0.44896281352789097
2710.0,0.4497942041307901
2710.5,0.4503896943034439
2711.0,0.4507331380048553
2711.5,0.45085331820300445
2712.0,0.45080570218422406
2712.5,0.4506603878189005
2713.0,0.45050689836755553
2713.5,0.4504056019064004
2714.0,0.4503999749802142
2714.5,0.4505100358674748
2715.0,0.45070987985861
2715.5,0.4509699455529287
2716.0,0.4512636882220449
2716.5,0.4515784426776928
2717.0,0.4519166200776431
2717.5,0.45226957648620447
2718.0,0.45261836817867646
2718.5,0.4529037672946262
2719.0,0.45305627166662993
2719.5,0.4530105919309898
2720.0,0.4527432862476566
2720.5,0.45229103611897153
2721.0,0.45175915182734994
2721.5,0.4512825143979277
2722.0,0.4509875027766241
2722.5,0.4509583920362242
2723.0,0.45120601843076635
2723.5,0.4516926174621553
2724.0,0.4523464755955751
2724.5,0.4530909289144245
2725.0,0.45387764640252387
2725.5,0.4546759575448188
2726.0,0.4554575206827008
2726.5,0.4561940345340342
2727.0,0.4568339501055149
2727.5,0.4573248606085145
2728.0,0.45763661532161504
2728.5,0.4577878164403828
2729.0,0.4578356485265868
2729.5,0.45786385436412347
2730.0,0.4579625111701453
2730.5,0.4581847865836961
2731.0,0.4585483542419738
2731.5,0.45903726793578475
2732.0,0.45962764121720734
2732.5,0.46030136962879065
2733.0,0.4610536982758058
2733.5,0.46190229516929393
2734.0,0.4628518573683652
2734.5,0.4638859728161995
2735.0,0.46495529752308873
2735.5,0.4659830266031114
2736.0,0.46688595548879963
2736.5,0.46759223806011574
2737.0,0.4680599775985374
2737.5,0.46827241166923395
2738.0,0.468232893674159
2738.5,0.4679793545633624
2739.0,0.4675534127315272
2739.5,0.46701588655148185
2740.0,0.4664389193811923
2740.5,0.4658848002242645
2741.0,0.46540191357173455
2741.5,0.4649906731318549
2742.0,0.46462231008024424
2742.5,0.46423690421585134
2743.0,0.4637755512391849
2743.5,0.4632182294546402
2744.0,0.46259818212811776
2744.5,0.4619910456825298
2745.0,0.46149626990684417
2745.5,0.4611925443864353
2746.0,0.46110182681043854
2746.5,0.461177969007603
2747.0,0.4613291668232141
2747.5,0.46144688863661404
2748.0,0.4614515181954192
2748.5,0.461319564506466
2749.0,0.4610905937393808
2749.5,0.46084721605098256
2750.0,0.4606825401925758
2750.5,0.4606602076481023
2751.0,0.4608009065362787
2751.5,0.4610786822818168
2752.0,0.4614367122232074
2752.5,0.4618095751516836
2753.0,0.46213907239018726
2753.5,0.4623851479155504
2754.0,0.46251425679586883
2754.5,0.46250454709770716
2755.0,0.46233064414701797
2755.5,0.4619774278382002
2756.0,0.4614350625218555
2756.5,0.4607182002370562
2757.0,0.4598776845551035
2757.5,0.4589890878457235
2758.0,0.45814992778652147
2758.5,0.45746003632876714
2759.0,0.4569879064404212
2759.5,0.4567507098664312
2760.0,0.456700856545686
2760.5,0.4567379448779035
2761.0,0.4567339969547826
2761.5,0.45658216974601906
2762.0,0.4562303633701151
2762.5,0.4557084892246038
2763.0,0.4551216259474451
2763.5,0.45461375126096093
2764.0,0.4543219155981694
2764.5,0.45432657602140447
2765.0,0.4546369896917387
2765.5,0.4551843972710773
2766.0,0.45586094987738923
2766.5,0.45656311309190223
2767.0,0.45721698207121064
2767.5,0.4578122084141343
2768.0,0.45838709937453104
2768.5,0.45901584013307994
2769.0,0.4597610928435833
2769.5,0.46066118650717275
2770.0,0.4617166507695565
2770.5,0.4628830302091782
2771.0,0.46409010978050536
2771.5,0.465252662386731
2772.0,0.46628742067035167
2772.5,0.4671309790285237
2773.0,0.46775313122125883
2773.5,0.4681753764801567
2774.0,0.46845617708158116
2774.5,0.4686808024518915
2775.0,0.4689250018633164
2775.5,0.4692413309001375
2776.0,0.4696340157580867
2776.5,0.47006537641963453
2777.0,0.4704870838060612
2777.5,0.47086481407258834
2778.0,0.47119965880928594
2778.5,0.4715294265499792
2779.0,0.4719009710228338
2779.5,0.47234501901429743
2780.0,0.47284899709085876
2780.5,0.4733603625029271
2781.0,0.4738025753644982
2781.5,0.47412374871087715
2782.0,0.47434089736891305
2782.5,0.4745348988117868
2783.0,0.47481834634266495
2783.5,0.47529095330226967
2784.0,0.47598781031244164
2784.5,0.4768606930079081
2785.0,0.477792354024054
2785.5,0.47865417495331064
2786.0,0.4793551667856493
2786.5,0.47988186295208396
2787.0,0.48029670252413226
2787.5,0.4806995705225383
2788.0,0.48117993696990685
2788.5,0.48176255164326004
2789.0,0.4823884715170699
2789.5,0.4829487130215206
2790.0,0.4833223248785401
2790.5,0.4834246760920762
2791.0,0.48324442165030146
2791.5,0.4828453727036073
2792.0,0.4823357588713791
2792.5,0.4818459604819309
2793.0,0.4814963040729729
2793.5,0.4813724204660501
2794.0,0.4815142420553765
2794.5,0.48191814162800417
2795.0,0.48254092260135373
2795.5,0.4832804354115975
2796.0,0.4840101143320531
2796.5,0.4845901812744148
2797.0,0.4848913122827838
2797.5,0.4848474695361449
2798.0,0.4844681638744567
2798.5,0.48385873045190164
2799.0,0.48318471424344606
2799.5,0.48262669937872044
2800.0,0.4823333000579107
2800.5,0.48236946303121825
2801.0,0.4826961576028829
2801.5,0.4831920834586312
2802.0,0.48369130823263773
2802.5,0.48404151064918916
2803.0,0.48414175038833074
2803.5,0.4839836547057249
2804.0,0.4836520568580711
2804.5,0.4832956327001325
2805.0,0.4830876693654676
2805.5,0.48317795681670017
2806.0,0.48364784616583945
2806.5,0.48449136524729763
2807.0,0.48560230315910574
2807.5,0.48682505564577006
2808.0,0.48796429335591984
2808.5,0.4888545725765512
2809.0,0.4893927037013673
2809.5,0.48958456142047924
2810.0,0.4895100358399944
2810.5,0.4893144319183399
2811.0,0.489162472714589
2811.5,0.4891971355385953
2812.0,0.48950336893580193
2812.5,0.49009094234480954
2813.0,0.49089599420883595
2813.5,0.4918077036076197
2814.0,0.49269775061761767
2814.5,0.49345974764755973
2815.0,0.4940405198543043
2815.5,0.494448423070046
2816.0,0.4947444037980789
2816.5,0.495017408658348
2817.0,0.4953449421800949
2817.5,0.49576593133736807
2818.0,0.49628705019839026
2818.5,0.49688261913463266
2819.0,0.497528123335533
2819.5,0.49822278812220067
2820.0,0.49900017977525263
2820.5,0.4999159713515036
2821.0,0.5010109289350838
2821.5,0.5022806320516521
2822.0,0.5036385241830826
2822.5,0.5049303761300579
2823.0,0.5060038984789047
2823.5,0.5067452811875088
2824.0,0.5071432825090916
2824.5,0.5072970409438855
2825.0,0.5073901991419384
2825.5,0.5076249399843037
2826.0,0.508155482692454
2826.5,0.5090424705519591
2827.0,0.510246009861356
2827.5,0.5116547404833458
2828.0,0.513136331093774
2828.5,0.5145885641543353
2829.0,0.5159641513606466
2829.5,0.5172643215490608
2830.0,0.5185112713872732
2830.5,0.5197362428831575
2831.0,0.5209452298592989
2831.5,0.5221280139971904
2832.0,0.5232630935597771
2832.5,0.5243186754773405
2833.0,0.525263212423905
2833.5,0.5260656445148867
2834.0,0.5267025967516257
2834.5,0.5271710860749297
2835.0,0.5275123682463513
2835.5,0.5278297627433682
2836.0,0.5282713949406486
2836.5,0.5290033909061281
2837.0,0.530148583991643
2837.5,0.5317312428690665
2838.0,0.5336574858970422
2838.5,0.535740112561193
2839.0,0.5377437233465384
2839.5,0.5394878604958087
2840.0,0.5408993029991843
2840.5,0.5420457791598474
2841.0,0.5431006228329914
2841.5,0.5442784507056996
2842.0,0.5457535120206245
2842.5,0.54759892340225
2843.0,0.5497806303397195
2843.5,0.5521739564571151
2844.0,0.5546171641184479
2844.5,0.5569693732933189
2845.0,0.5591422237909176
2845.5,0.5611150640885133
2846.0,0.5629147507731855
2846.5,0.5646056015706246
2847.0,0.5662626671770172
2847.5,0.5679485021129165
2848.0,0.5697098995089945
2848.5,0.5715403285687974
2849.0,0.573368327350312
2849.5,0.575064554443182
2850.0,0.5764360761740353
2850.5,0.5773053676644948
2851.0,0.5775344885949484
2851.5,0.5771002730821886
2852.0,0.5761018933237964
2852.5,0.574750779059638
2853.0,0.5733265579865953
2853.5,0.5720958987261869
2854.0,0.5712563565124158
2854.5,0.5709037600735379
2855.0,0.5710320313174042
2855.5,0.5715494595008771
2856.0,0.5723228701534337
2856.5,0.5732189537995843
2857.0,0.5741222378264036
2857.5,0.5749566056704551
2858.0,0.5757001173013584
2858.5,0.5763809838371267
2859.0,0.5770709853266622
2859.5,0.577868827823857
2860.0,0.578868321196273
2860.5,0.5801232206330986
2861.0,0.5816321651870524
2861.5,0.5833301374963265
2862.0,0.5851065601092429
2862.5,0.5868692019777787
2863.0,0.5885608424416144
2863.5,0.5901931972940586
2864.0,0.5918421130600686
2864.5,0.593597928527458
2865.0,0.5955296400661823
2865.5,0.5976416017879554
2866.0,0.5998770732881086
2866.5,0.6021482712980578
2867.0,0.6043580325803952
2867.5,0.6064659751667391
2868.0,0.6084840173911132
2868.5,0.610471723695226
2869.0,0.612497958365318
2869.5,0.6146109728777466
2870.0,0.616822548542389
2870.5,0.619097650355158
2871.0,0.621386382929498
2871.5,0.6236573178869239
2872.0,0.6259133625156508
2872.5,0.6282043204054409
2873.0,0.6306086106641601
2873.5,0.6332101798611256
2874.0,0.6360800326328976
2874.5,0.6392422051013223
2875.0,0.6426873280172141
2875.5,0.6463447015196977
2876.0,0.6501112152592328
2876.5,0.6538588383951943
2877.0,0.6574672719687027
2877.5,0.6608484559120916
2878.0,0.6639570473324656
2878.5,0.6668129013212013
2879.0,0.6694858357426146
2879.5,0.6720972435882769
2880.0,0.6747703834656834
2880.5,0.6776063711298597
2881.0,0.680654527887272
2881.5,0.6838963988767818
2882.0,0.6872568167499093
2882.5,0.6906114918771128
2883.0,0.6938364618792174
2883.5,0.6968292702670812
2884.0,0.6995242591373374
2884.5,0.7019136098231323
2885.0,0.7040350742327917
2885.5,0.7059541711218335
2886.0,0.7077307242540689
2886.5,0.7093904545661549
2887.0,0.7109256456526313
2887.5,0.7122797898235376
2888.0,0.7133890489924919
2888.5,0.7142025132112547
2889.0,0.7147394884004097
2889.5,0.7151031139816679
2890.0,0.7154880681787767
2890.5,0.7161318277487327
2891.0,0.7172454855717845
2891.5,0.7189621876394254
2892.0,0.7212932649246184
2892.5,0.7241293320197615
2893.0,0.7272670288577702
2893.5,0.730461838588227
2894.0,0.7335049906729253
2894.5,0.7362720841578463
2895.0,0.7387431191114476
2895.5,0.7410014438683514
2896.0,0.7431895568515346
2896.5,0.7454799545624536
2897.0,0.7479992676974463
2897.5,0.7507819187058637
2898.0,0.7537608688515376
2898.5,0.7567310857355133
2899.0,0.7594139423076828
2899.5,0.7615243128878717
2900.0,0.7628664306171449
2900.5,0.7634123804840768
2901.0,0.763318118775121
2901.5,0.7629359873128075
2902.0,0.7627296387790337
2902.5,0.7631392265169873
2903.0,0.7645078858318406
2903.5,0.7668913554554855
2904.0,0.7701277290756396
2904.5,0.7738557769025451
2905.0,0.7776325920615977
2905.5,0.7810635772059399
2906.0,0.7838730219987808
2906.5,0.7859724775311794
2907.0,0.787462780617947
2907.5,0.7885875971415945
2908.0,0.7896588088650597
2908.5,0.7909752624634048
2909.0,0.7927466804405445
2909.5,0.7950375652349033
2910.0,0.7977311705920676
2910.5,0.80056646750579
2911.0,0.8032002516221542
2911.5,0.8053112430061802
2912.0,0.8066937403156452
2912.5,0.8073610958040005
2913.0,0.8075449107272908
2913.5,0.8076129559612775
2914.0,0.8079606795012542
2914.5,0.8088906502407417
2915.0,0.8105033610262325
2915.5,0.8126827957929237
2916.0,0.8151628952834145
2916.5,0.8176352102127982
2917.0,0.8198414639203084
2917.5,0.821653652900018
2918.0,0.8230579076372024
2918.5,0.8240831703369578
2919.0,0.8247391246319379
2919.5,0.8249811821897769
2920.0,0.8247520740206483
2920.5,0.8240184346922597
2921.0,0.822847067459836
2921.5,0.8214241228405771
2922.0,0.8200155657776371
2922.5,0.8188890636710586
2923.0,0.8182257991812706
2923.5,0.8180594382992623
2924.0,0.8182676290299138
2924.5,0.8186375797031528
2925.0,0.818940649356858
2925.5,0.8190055300469983
2926.0,0.8187633784232888
2926.5,0.818239754635531
2927.0,0.8175429756120873
2927.5,0.8168075641160701
2928.0,0.8161645511435902
2928.5,0.8157298703104137
2929.0,0.8155710412043241
2929.5,0.8156974095767243
2930.0,0.8160502119622031
2930.5,0.8164898952793394
2931.0,0.816829823420362
2931.5,0.8168973151952803
2932.0,0.8165964454012103
2932.5,0.8159482747685174
2933.0,0.8151173937724554
2933.5,0.8143403460584971
2934.0,0.8138417438708554
2934.5,0.8137342969939558
2935.0,0.8139571935959145
2935.5,0.8142776332335144
2936.0,0.8143768100062361
2936.5,0.8139603724286355
2937.0,0.8128668589789171
2937.5,0.8111308445083764
2938.0,0.808984995382644
2938.5,0.8067683735706328
2939.0,0.8048520042364058
2939.5,0.8035343640695671
2940.0,0.8029814944836585
2940.5,0.8032100835244813
2941.0,0.8041014160211263
2941.5,0.8054631196955198
2942.0,0.8070487641206034
2942.5,0.8086110412912487
2943.0,0.8099420526975918
2943.5,0.8109224798710095
2944.0,0.8115687064741998
2944.5,0.811992440547319
2945.0,0.8123865238556012
2945.5,0.8129801215172867
2946.0,0.8139353099675579
2946.5,0.8152733876846767
2947.0,0.8168521981564396
2947.5,0.8183986811177435
2948.0,0.8195606141704714
2948.5,0.8200418611714329
2949.0,0.8196603779915335
2949.5,0.8184002746540372
2950.0,0.816385215317418
2950.5,0.8138249303434932
2951.0,0.8109336878432947
2951.5,0.8078437990309936
2952.0,0.8046235041974789
2952.5,0.8012778228124086
2953.0,0.7978137546610646
2953.5,0.7942946929271042
2954.0,0.7908529266371929
2954.5,0.7876342077139108
2955.0,0.7847549186321034
2955.5,0.7822366585067433
2956.0,0.7799588929781753
2956.5,0.77767306524623
2957.0,0.7750901076564719
2957.5,0.77197041112676
2958.0,0.7682366427558168
2958.5,0.7639901933411708
2959.0,0.759494068486564
2959.5,0.755080763742613
2960.0,0.7510229251726066
2960.5,0.7474395427578043
2961.0,0.744254163135966
2961.5,0.7412279222273899
2962.0,0.7380466094180662
2962.5,0.7344473239291851
2963.0,0.7303462335243507
2963.5,0.7258918632623457
2964.0,0.7214494653786989
2964.5,0.717511459254793
2965.0,0.7145791234527389
2965.5,0.7130293751100314
2966.0,0.7129474916178788
2966.5,0.7140857238327534
2967.0,0.7158977555237169
2967.5,0.7176129258244714
2968.0,0.7184468009799758
2968.5,0.7177929844315863
2969.0,0.7154253740067895
2969.5,0.7115460146984531
2970.0,0.706792410834697
2970.5,0.702130676907948
2971.0,0.6984851945913215
2971.5,0.696512270884627
2972.0,0.6964210911440735
2972.5,0.6979365296694655
2973.0,0.7003957887616786
2973.5,0.7030011304243096
2974.0,0.7050977219693997
2974.5,0.7063085642421048
2975.0,0.7066284103446435
2975.5,0.706334272557545
2976.0,0.7058175667933304
2976.5,0.7053986914871826
2977.0,0.7052214459655414
2977.5,0.7052544484526193
2978.0,0.7053543512435965
2978.5,0.7053892798891863
2979.0,0.7052951551811536
2979.5,0.7051251383114268
2980.0,0.7049809381414198
2980.5,0.7049506728723531
2981.0,0.7050535512760534
2981.5,0.7052369741480886
2982.0,0.7054098875978863
2982.5,0.7054908261494567
2983.0,0.7054230191201424
2983.5,0.7051945800314424
2984.0,0.7047873527530264
2984.5,0.7041766756152364
2985.0,0.7033102461315208
2985.5,0.702153264666552
2986.0,0.7007404097580374
2986.5,0.6991966352938945
2987.0,0.6976984579862022
2987.5,0.6964273632467586
2988.0,0.6954633220085948
2988.5,0.6947620140537056
2989.0,0.6941600113760757
2989.5,0.693472164753381
2990.0,0.6925732508091889
2990.5,0.6914766345674882
2991.0,0.6903204395824504
2991.5,0.6893042499741584
2992.0,0.6885621772108482
2992.5,0.6880859199539492
2993.0,0.687707477141056
2993.5,0.6871724921152644
2994.0,0.6862374837319768
2994.5,0.6847810511824364
2995.0,0.6828349633530222
2995.5,0.6805558703276436
2996.0,0.6781402118985751
2996.5,0.6757389591461046
2997.0,0.6734154602583934
2997.5,0.6711453015770751
2998.0,0.6688446932213041
2998.5,0.6664623873037314
2999.0,0.6639914722342553
2999.5,0.6614191194957687
3000.0,0.6586932298556522
3000.5,0.6556983192543359
3001.0,0.6522932463198302
3001.5,0.6483713349536564
3002.0,0.6439580006999659
3002.5,0.6392453044466723
3003.0,0.6345488488958513
3003.5,0.6302270761939829
3004.0,0.626555414800013
3004.5,0.6236055122692578
3005.0,0.6212509515726735
3005.5,0.6192167863029918
3006.0,0.617225597396891
3006.5,0.6151285354290468
3007.0,0.6129015126333206
3007.5,0.610659479676922
3008.0,0.6085361204892095
3008.5,0.606579072155855
3009.0,0.6047110982152301
3009.5,0.6027120886693407
3010.0,0.6003281663779343
3010.5,0.5973674133981546
3011.0,0.5938023279262652
3011.5,0.5898789944104198
3012.0,0.5859346054397957
3012.5,0.582400663495577
3013.0,0.5796327967697683
3013.5,0.5778477782257362
3014.0,0.5770703458441984
3014.5,0.5771339534471172
3015.0,0.5777292864412611
3015.5,0.5784836567134111
3016.0,0.5790560807291416
3016.5,0.5791955054119438
3017.0,0.5788189733474342
3017.5,0.5780134676375891
3018.0,0.5769898589541078
3018.5,0.5760114894481158
3019.0,0.5752791663071906
3019.5,0.5748576563688661
3020.0,0.5745940291724417
3020.5,0.574182658205338
3021.0,0.5732615087237719
3021.5,0.5715346240364587
3022.0,0.5689034111191311
3022.5,0.5655030955011284
3023.0,0.5616844377726088
3023.5,0.5579490182156432
3024.0,0.5547646062906693
3024.5,0.5524913083245194
3025.0,0.5511955176486433
3025.5,0.5507494493545841
3026.0,0.5508464870410199
3026.5,0.5510913666387459
3027.0,0.5511240362103805
3027.5,0.550671327855545
3028.0,0.5495868613696095
3028.5,0.5478558103039158
3029.0,0.5455825953339997
3029.5,0.5429435538521132
3030.0,0.5401574416904521
3030.5,0.53745558840401
3031.0,0.5350361360858059
3031.5,0.5330380728312888
3032.0,0.531526009882062
3032.5,0.5304569071379927
3033.0,0.5297108607015069
3033.5,0.5291212829540205
3034.0,0.528537687998366
3034.5,0.5278656731688458
3035.0,0.5271145385052296
3035.5,0.5264006917736958
3036.0,0.5259103348786871
3036.5,0.5258239441034649
3037.0,0.526243582541838
3037.5,0.5271059954907358
3038.0,0.5281817756034785
3038.5,0.5291184588497201
3039.0,0.5295431945328283
3039.5,0.5291933181530625
3040.0,0.5279916205543713
3040.5,0.5261009844573606
3041.0,0.5238593474647174
3041.5,0.5216934291439367
3042.0,0.5199917096849672
3042.5,0.5189775613369944
3043.0,0.5186450173010432
3043.5,0.5187754776915714
3044.0,0.5190013281901341
3044.5,0.5189223666350655
3045.0,0.518212586650083
3045.5,0.5167263882052604
3046.0,0.5145452393156951
3046.5,0.5119343188755832
3047.0,0.5093339645094813
3047.5,0.5072046495598697
3048.0,0.5059050015719477
3048.5,0.5056101608776578
3049.0,0.5062541424229035
3049.5,0.5075703300851893
3050.0,0.5091363147602279
3050.5,0.5105153542097957
3051.0,0.5113557360507288
3051.5,0.5114646343694642
3052.0,0.5108952068284169
3052.5,0.5098124391590567
3053.0,0.5084479977905509
3053.5,0.5070095990254749
3054.0,0.5056595309169682
3054.5,0.5045125410334043
3055.0,0.5036507775619399
3055.5,0.5031414040203636
3056.0,0.5030317357703634
3056.5,0.5033163853999295
3057.0,0.5038928223506817
3057.5,0.5045577471144527
3058.0,0.5050504753530983
3058.5,0.5051247152086485
3059.0,0.5046464406184715
3059.5,0.5036528578741246
3060.0,0.5023393984309347
3060.5,0.5009782869581787
3061.0,0.49980536930646313
3061.5,0.49893547434973434
3062.0,0.49831315245673535
3062.5,0.4977549675238322
3063.0,0.49704598523666726
3063.5,0.4960147287439256
3064.0,0.4946310510930664
3064.5,0.49299266878709885
3065.0,0.49128954662267477
3065.5,0.4897511281976126
3066.0,0.48858679287534146
3066.5,0.4879810988809629
3067.0,0.48807993916868375
3067.5,0.48898426962341135
3068.0,0.49067243347585676
3068.5,0.49294724556053837
3069.0,0.49544103115416116
3069.5,0.49762042069075707
3070.0,0.49893052870811105
3070.5,0.498973361736888
3071.0,0.4976805654405238
3071.5,0.4953544542064434
3072.0,0.4926124775182756
3072.5,0.49021311580051585
3073.0,0.48877641484988554
3073.5,0.48860225038939337
3074.0,0.4896214344949646
3074.5,0.4914679021284731
3075.0,0.49363078901690793
3075.5,0.495688867191949
3076.0,0.4974433985234008
3076.5,0.4989024228782539
3077.0,0.5002048346689758
3077.5,0.5014948522767517
3078.0,0.5027729170113602
3078.5,0.5038863727283179
3079.0,0.5046014671828751
3079.5,0.5047100370291282
3080.0,0.5041121645756927
3080.5,0.5028920635456045
3081.0,0.5012797664765346
3081.5,0.49956002145032374
3082.0,0.4980257099943136
3082.5,0.4969394294930062
3083.0,0.49648634056291463
3083.5,0.49674869178782144
3084.0,0.4977111344587788
3084.5,0.49920924429153823
3085.0,0.5009048079275247
3085.5,0.5023374979264564
3086.0,0.5029950085155809
3086.5,0.5024570761617911
3087.0,0.5005362141269434
3087.5,0.4974169646564321
3088.0,0.49363882961261013
3088.5,0.48993332905017517
3089.0,0.48705589925803183
3089.5,0.48552337490517283
3090.0,0.48549180349338705
3090.5,0.48671881693729235
3091.0,0.48866801167753815
3091.5,0.49072428137695123
3092.0,0.4923547903536659
3092.5,0.49334845209223566
3093.0,0.49379498815517864
3093.5,0.49403137859889046
3094.0,0.49448343982564014
3094.5,0.4955000706810374
3095.0,0.49723149378658354
3095.5,0.49957682764238204
3096.0,0.5021953756851603
3096.5,0.5046041607640626
3097.0,0.5063245727380381
3097.5,0.5070239462853368
3098.0,0.5065993485591912
3098.5,0.5052439558407696
3099.0,0.5034153586146651
3099.5,0.5017178995083766
3100.0,0.5007368622485796
3100.5,0.5008885145926103
3101.0,0.5022797453761928
3101.5,0.5046736511668586
3102.0,0.5075708140184088
3102.5,0.5103986515370923
3103.0,0.5126338764726889
3103.5,0.5139969239301168
3104.0,0.5145107467884342
3104.5,0.5144666703558022
3105.0,0.5142938345721945
3105.5,0.5144042452020421
3106.0,0.5150146652940065
3106.5,0.5160973708735019
3107.0,0.5174129548372686
3107.5,0.5186126923778123
3108.0,0.5194040801454353
3108.5,0.5196603991614751
3109.0,0.5194670252523466
3109.5,0.5190919033518562
3110.0,0.5188785662109157
3110.5,0.5191191192551763
3111.0,0.5199512832357307
3111.5,0.521327026106758
3112.0,0.5230463592922965
3112.5,0.5248438364449367
3113.0,0.5264964001074124
3113.5,0.5278970842244831
3114.0,0.5290942524575857
3114.5,0.5302272875444758
3115.0,0.5314473899587796
3115.5,0.5328221707062353
3116.0,0.5342897653633457
3116.5,0.5356453624548678
3117.0,0.5366029202003144
3117.5,0.5368702558879379
3118.0,0.5362829570694414
3118.5,0.5348519013297821
3119.0,0.5328469045773161
3119.5,0.5307112722837994
3120.0,0.5289758650551055
3120.5,0.5280977444321974
3121.0,0.5283207336418609
3121.5,0.5295757846952626
3122.0,0.5314793973209333
3122.5,0.5334240534651715
3123.0,0.534771635226956
3123.5,0.535064185863019
3124.0,0.534194667784436
3124.5,0.5324598154647187
3125.0,0.5304571570872663
3125.5,0.5288935230944956
3126.0,0.5283236926330663
3126.5,0.5289675844958264
3127.0,0.5306600210137559
3127.5,0.5329453274909195
3128.0,0.5352982769751747
3128.5,0.5373491258443945
3129.0,0.5390160032077076
3129.5,0.5404960594984031
3130.0,0.5421362376935561
3130.5,0.5442359248594983
3131.0,0.5468814151603771
3131.5,0.5499003982929418
3132.0,0.5529272984027215
3132.5,0.5555315882765468
3133.0,0.5574298079321456
3133.5,0.5585509215325661
3134.0,0.5590338237335455
3134.5,0.5591221826970454
3135.0,0.5590746577503959
3135.5,0.559104062740584
3136.0,0.5593369964623259
3136.5,0.5598270741198821
3137.0,0.5605887029335261
3137.5,0.5616005474012107
3138.0,0.5627690221245895
3138.5,0.5639072144238276
3139.0,0.5647507622354371
3139.5,0.5650140456528469
3140.0,0.5644719922596397
3140.5,0.563078294596423
3141.0,0.5610109460266619
3141.5,0.5586239625409075
3142.0,0.5563739594054138
3142.5,0.5546659057198106
3143.0,0.5537656046974389
3143.5,0.553746610203298
3144.0,0.5545424214724515
3144.5,0.5560118950806526
3145.0,0.5579780943903119
3145.5,0.5602610599928683
3146.0,0.5626663937428434
3146.5,0.5649669318374828
3147.0,0.5668909858278997
3147.5,0.5681909715163989
3148.0,0.5687269348000227
3148.5,0.5685378912656699
3149.0,0.5678697646111652
3149.5,0.5671076088956531
3150.0,0.5666300988927297
3150.5,0.5666940370279746
3151.0,0.5673443237072269
3151.5,0.5684359220712931
3152.0,0.5697034833878794
3152.5,0.5708877169618837
3153.0,0.5718223828274476
3153.5,0.5724503297039871
3154.0,0.572777223621284
3154.5,0.5727983864014549
3155.0,0.5724849193246793
3155.5,0.5717928669936004
3156.0,0.5707332986529585
3156.5,0.569454467738999
3157.0,0.5682474470177741
3157.5,0.5674913789765823
3158.0,0.5675330974206542
3158.5,0.5685384998177057
3159.0,0.5703889072746122
3159.5,0.5726829417525571
3160.0,0.5748705203135376
3160.5,0.5764463811271537
3161.0,0.5771247535919398
3161.5,0.5769270142189451
3162.0,0.5761601258597301
3162.5,0.5752858191087121
3163.0,0.5747585094713267
3163.5,0.574874114614461
3164.0,0.5756814724339488
3164.5,0.5770051606834341
3165.0,0.5785320825018782
3165.5,0.579942914936027
3166.0,0.581025034736501
3166.5,0.581732303424318
3167.0,0.5821845094357647
3167.5,0.5825949180075288
3168.0,0.5831958245444508
3168.5,0.5841308511160487
3169.0,0.5854033955511766
3169.5,0.5869000008705711
3170.0,0.5884394911876519
3170.5,0.5898485778859254
3171.0,0.5910510552020269
3171.5,0.5920493925335432
3172.0,0.5929051279344348
3172.5,0.5936389287277583
3173.0,0.5941994012087912
3173.5,0.5943980577152194
3174.0,0.5939820175293196
3174.5,0.5927632178507294
3175.0,0.5907496948219265
3175.5,0.5882061494188917
3176.0,0.5856468923235718
3176.5,0.5837049633697485
3177.0,0.5828982887133105
3177.5,0.5834441284887695
3178.0,0.5851423108330386
3178.5,0.5873865128706562
3179.0,0.5893146927798861
3179.5,0.5900962658759571
3180.0,0.589197670393668
3180.5,0.5865204805271027
3181.0,0.582472665575251
3181.5,0.5779606930962429
3182.0,0.5740825668781397
3182.5,0.5718338242602921
3183.0,0.5718347127583152
3183.5,0.5741673541644465
3184.0,0.578284974455213
3184.5,0.583182503161015
3185.0,0.5876795568206926
3185.5,0.5906936686304696
3186.0,0.5915793228269565
3186.5,0.5904327111957539
3187.0,0.5880154654757527
3187.5,0.5854762968508707
3188.0,0.5839543735013996
3188.5,0.5842159190187463
3189.0,0.5863451408895102
3189.5,0.589716609557033
3190.0,0.5932258130414779
3190.5,0.5957086675958502
3191.0,0.5964305207324594
3191.5,0.5953627179385075
3192.0,0.5932279747971025
3192.5,0.5912500358190099
3193.0,0.5907006411701877
3193.5,0.5924380940733328
3194.0,0.5965401068225304
3194.5,0.6023393668784289
3195.0,0.6085682361469329
3195.5,0.6137805822250278
3196.0,0.6168538259757383
3196.5,0.6172615984717345
3197.0,0.6151997565279469
3197.5,0.6113704985557626
3198.0,0.6067850780527742
3198.5,0.6024233349772766
3199.0,0.5989550090428745
3199.5,0.5967225302483554
3200.0,0.5956694230712227
3200.5,0.5955585373825822
3201.0,0.5961095334954005
3201.5,0.5970940612491902
3202.0,0.598381308565302
3202.5,0.5998969246234724
3203.0,0.6015796366061351
3203.5,0.6033510602410154
3204.0,0.6051285916750535
3204.5,0.6068469402340262
3205.0,0.6084969994972856
3205.5,0.6101689280791235
3206.0,0.6120273809658278
3206.5,0.614253681703266
3207.0,0.6169814492535269
3207.5,0.6202274445332192
3208.0,0.6238331914720323
3208.5,0.6274802796832826
3209.0,0.6307427772978194
3209.5,0.63319751008674
3210.0,0.6345043035681898
3210.5,0.6345085950618684
3211.0,0.6333143544563931
3211.5,0.6312271071732242
3212.0,0.6287859533908052
3212.5,0.6266356503158287
3213.0,0.6254194817986728
3213.5,0.6255497501151117
3214.0,0.6271342022017334
3214.5,0.6299098571773587
3215.0,0.6332737578333417
3215.5,0.6364602086694313
3216.0,0.6387798051590479
3216.5,0.6398525193672151
3217.0,0.6397855358104334
3217.5,0.639158331300986
3218.0,0.6388348305210126
3218.5,0.6396482298518348
3219.0,0.6420200601279278
3219.5,0.6457715828438482
3220.0,0.6501074347185941
3220.5,0.6538740354431144
3221.0,0.6559213586909102
3221.5,0.6555335436338975
3222.0,0.652716584129886
3222.5,0.6481902276390288
3223.0,0.6431933912408773
3223.5,0.6391271779368021
3224.0,0.6371301996556734
3224.5,0.6378206777736309
3225.0,0.6411511520901303
3225.5,0.6465665487712846
3226.0,0.6530564472860297
3226.5,0.6594049997758005
3227.0,0.6644928809863841
3227.5,0.667441532669178
3228.0,0.6677631876931927
3228.5,0.6654771728339495
3229.0,0.6612203748325425
3229.5,0.6561356166756789
3230.0,0.6516262084865014
3230.5,0.6490416163666604
3231.0,0.6492348764741892
3231.5,0.6522407193577848
3232.0,0.6572266159703831
3232.5,0.6627269886190676
3233.0,0.667118559403425
3233.5,0.6691687497201168
3234.0,0.6684860676922276
3234.5,0.6656242514360748
3235.0,0.6618809671419092
3235.5,0.658795101284321
3236.0,0.6575466392669107
3236.5,0.6585649256938125
3237.0,0.661404164524044
3237.5,0.6649606768326473
3238.0,0.667928266897498
3238.5,0.6692715600128021
3239.0,0.6686004799247459
3239.5,0.6662519329087635
3240.0,0.6632074855222336
3240.5,0.6606903533090727
3241.0,0.6596621318634736
3241.5,0.6605980105060056
3242.0,0.6633378686596978
3242.5,0.6671988757672672
3243.0,0.671147790843192
3243.5,0.6741565217745209
3244.0,0.6755131955731355
3244.5,0.6749891231877337
3245.0,0.6729099341385477
3245.5,0.6700424533951692
3246.0,0.6673555235048033
3246.5,0.6657127126657153
3247.0,0.6656035464289487
3247.5,0.6669935206618591
3248.0,0.6693386678966219
3248.5,0.6717696964134391
3249.0,0.673375590127518
3249.5,0.6735755224141113
3250.0,0.6723418297601798
3250.5,0.6701843244285166
3251.0,0.6679982693568357
3251.5,0.666774972286563
3252.0,0.6672374860801537
3252.5,0.6696031243048581
3253.0,0.6734945096370712
3253.5,0.6780827258212934
3254.0,0.6823244664379415
3254.5,0.6853857859817835
3255.0,0.686893752564629
3255.5,0.6869723936875884
3256.0,0.6861642545899909
3256.5,0.6851624695661599
3257.0,0.6845818051689274
3257.5,0.6847030494926798
3258.0,0.685438811448634
3258.5,0.6864264337897024
3259.0,0.6872533539239979
3259.5,0.6876732937886261
3260.0,0.6877194576305374
3260.5,0.6877011482009352
3261.0,0.6880068462917047
3261.5,0.6888992262632796
3262.0,0.6903394994324792
3262.5,0.6919082264772545
3263.0,0.692996428645196
3263.5,0.6930523098788034
3264.0,0.6918408875644161
3264.5,0.6895727961324886
3265.0,0.6868806861355725
3265.5,0.6846244762532314
3266.0,0.6835450768994219
3266.5,0.6840499248766562
3267.0,0.6860888417383872
3267.5,0.6890993510806361
3268.0,0.6923511741522094
3268.5,0.695201813776926
3269.0,0.6973104985060151
3269.5,0.6986651738050895
3270.0,0.6995281076027513
3270.5,0.7002643472625693
3271.0,0.7011694342421565
3271.5,0.7023826737412234
3272.0,0.703854792202897
3272.5,0.7054209682060324
3273.0,0.7068982473904015
3273.5,0.7081230633860139
3274.0,0.7089624637010944
3274.5,0.7092888669417695
3275.0,0.7089912145947793
3275.5,0.7079437422676438
3276.0,0.706115027578434
3276.5,0.7036700087283891
3277.0,0.7009780167878674
3277.5,0.6985765700917619
3278.0,0.697076719672251
3278.5,0.6969563620606067
3279.0,0.698410985743398
3279.5,0.7012220344886901
3280.0,0.7048647112775509
3280.5,0.708516588617089
3281.0,0.7113763906305942
3281.5,0.7129312224325588
3282.0,0.7130390262392712
3282.5,0.7119828591552652
3283.0,0.7103495743246364
3283.5,0.7088625571225506
3284.0,0.7081504148984122
3284.5,0.7085623939544183
3285.0,0.7101072157456556
3285.5,0.7124567383520115
3286.0,0.7150837392526032
3286.5,0.7174265369983843
3287.0,0.7190869279891028
3287.5,0.7199489877774671
3288.0,0.7202184562020741
3288.5,0.7203647661171513
3289.0,0.7209730991544605
3289.5,0.722578153485099
3290.0,0.7254471438000014
3290.5,0.7294795927529766
3291.0,0.7342207640840088
3291.5,0.7389649222713646
3292.0,0.7429537386353382
3292.5,0.7455822824208307
3293.0,0.7465993207250614
3293.5,0.7461903812358515
3294.0,0.7449145344642444
3294.5,0.7435696523887549
3295.0,0.7428576752260788
3295.5,0.7431826087430864
3296.0,0.7445083336192273
3296.5,0.7463778022323289
3297.0,0.7480763032234934
3297.5,0.7488687345156086
3298.0,0.7482707827895833
3298.5,0.7462089609629518
3299.0,0.7430451848022465
3299.5,0.7394278342868313
3300.0,0.7360960325738197
3300.5,0.7336953441510692
3301.0,0.7326150843973509
3301.5,0.732960909455204
3302.0,0.7346100485155601
3302.5,0.7373255522742199
3303.0,0.7407994811647095
3303.5,0.7447161362959246
3304.0,0.7487813820187106
3304.5,0.7526636012558353
3305.0,0.7560708020913272
3305.5,0.7587710595507227
3306.0,0.7606725973980396
3306.5,0.7618778464214636
3307.0,0.7626563981898472
3307.5,0.7633639739093653
3308.0,0.7642883229527331
3308.5,0.7655134438118449
3309.0,0.7668736422766946
3309.5,0.7680147403099197
3310.0,0.7685388121904447
3310.5,0.7681784838547153
3311.0,0.7669371274317408
3311.5,0.7651070870799875
3312.0,0.7631816897266432
3312.5,0.7616884322798821
3313.0,0.7610129923058387
3313.5,0.7612736829452382
3314.0,0.76228884266593
3314.5,0.7636456102830483
3315.0,0.7648483681926068
3315.5,0.7654789458854626
3316.0,0.7653203296779886
3316.5,0.7644338428854496
3317.0,0.7631493331448632
3317.5,0.7619590578194972
3318.0,0.7613671955839761
3318.5,0.7617333340254878
3319.0,0.7631478748056398
3319.5,0.7653695370014063
3320.0,0.7678921538784418
3320.5,0.7700894192049768
3321.0,0.7714141133479456
3321.5,0.7716058223062925
3322.0,0.770790883602066
3322.5,0.7694042172796244
3323.0,0.7680330885529301
3323.5,0.7671700111812753
3324.0,0.7670308682643113
3324.5,0.7674646386618925
3325.0,0.7680541257265324
3325.5,0.7682871766012987
3326.0,0.7677953253401798
3326.5,0.7665275576769567
3327.0,0.7647756386567468
3327.5,0.7630565993700709
3328.0,0.7619213101237339
3328.5,0.7617582826008817
3329.0,0.7626683495993414
3329.5,0.7644474815818249
3330.0,0.7666946367057798
3330.5,0.7689600415310303
3331.0,0.7708661514509716
3331.5,0.7722000594388305
3332.0,0.7729369704449646
3332.5,0.773211183242424
3333.0,0.7732739131817036
3333.5,0.7734028534599522
3334.0,0.7738431949159416
3334.5,0.774711548900291
3335.0,0.7759659743018023
3335.5,0.7773392756041646
3336.0,0.7784172781964133
3336.5,0.7787535869369565
3337.0,0.7780438277463709
3337.5,0.7762675092988526
3338.0,0.7737558403714633
3338.5,0.7711375478009224
3339.0,0.7691166572874251
3339.5,0.7682530312809871
3340.0,0.7687517990538468
3340.5,0.7704019768626805
3341.0,0.7726637169133577
3341.5,0.7749026250730644
3342.0,0.7766109113650075
3342.5,0.7775364842181216
3343.0,0.7777132493492036
3343.5,0.7773095307041865
3344.0,0.776489400287604
3344.5,0.7753050938156015
3345.0,0.7737214677835393
3345.5,0.7717319525611561
3346.0,0.7694605696102905
3346.5,0.7672769096103778
3347.0,0.7656999712376817
3347.5,0.7652260685078468
3348.0,0.7661287297785524
3348.5,0.7682126497785263
3349.0,0.7709324077479293
3349.5,0.7735523176222108
3350.0,0.7754518838645711
3350.5,0.7763747743732198
3351.0,0.7765336880235572
3351.5,0.776499433938005
3352.0,0.7769626693857571
3352.5,0.7784270242331159
3353.0,0.780985024401443
3353.5,0.7842766886275111
3354.0,0.7876627012215537
3354.5,0.7904464961423946
3355.0,0.7920844316918149
3355.5,0.7923648646600269
3356.0,0.7913872791628207
3356.5,0.7894433514584432
3357.0,0.7868617569156495
3357.5,0.7839614255179229
3358.0,0.7809931809726735
3358.5,0.7781945143859076
3359.0,0.7758386069811626
3359.5,0.7742028229222604
3360.0,0.7735005716397857
3360.5,0.7737659385944342
3361.0,0.7747925296607738
3361.5,0.7761210494752045
3362.0,0.7771833257816841
3362.5,0.7775261496417499
3363.0,0.7769801344044938
3363.5,0.7757076276982757
3364.0,0.7741353704727536
3364.5,0.7727689852859144
3365.0,0.7719743130779178
3365.5,0.7718263833068039
3366.0,0.7721219599555751
3366.5,0.772494626904443
3367.0,0.772606966974591
3367.5,0.7723220945896243
3368.0,0.7717467948946046
3368.5,0.7711850568344868
3369.0,0.7709778352518931
3369.5,0.7713580223926109
3370.0,0.7723763790166055
3370.5,0.7739297889647507
3371.0,0.7758686558293131
3371.5,0.778059799695173
3372.0,0.7804471620544972
3372.5,0.7830055759162595
3373.0,0.7856551677389104
3373.5,0.7881917366101093
3374.0,0.7903051130055914
3374.5,0.7916908223783998
3375.0,0.7922113252642863
3375.5,0.7920444533729285
3376.0,0.791653719309483
3376.5,0.7916286499773038
3377.0,0.7924348809682562
3377.5,0.7941870085366369
3378.0,0.7965499302584058
3378.5,0.7988509869268076
3379.0,0.8003391188061799
3379.5,0.8005024912088979
3380.0,0.79927812651011
3380.5,0.7970946236834481
3381.0,0.7946823421632998
3381.5,0.7927755911440206
3382.0,0.7918031827450525
3382.5,0.7917440473170889
3383.0,0.7921778319958448
3383.5,0.7925018358098351
3384.0,0.7922228954743162
3384.5,0.7911748639855556
3385.0,0.7895775248245196
3385.5,0.7879309561975778
3386.0,0.7868138329429974
3386.5,0.7866342801134227
3387.0,0.7875171538295139
3387.5,0.7892891807190816
3388.0,0.7915778291439346
3388.5,0.7939363539389038
3389.0,0.7960372845831045
3389.5,0.7977456406205471
3390.0,0.7991156205080578
3390.5,0.8003167137866506
3391.0,0.8015902668564501
3391.5,0.8031477601410024
3392.0,0.8051392446268678
3392.5,0.8075688422021001
3393.0,0.8102976550233196
3393.5,0.8130462174440823
3394.0,0.8154262625825953
3394.5,0.8170517308302044
3395.0,0.8176407244935063
3395.5,0.8171089611196881
3396.0,0.8155999982732702
3396.5,0.813473199796397
3397.0,0.8111939305772262
3397.5,0.8091994499043195
3398.0,0.8077423983942155
3398.5,0.8068449634753722
3399.0,0.8063022813405949
3399.5,0.8057550867100104
3400.0,0.804822973320452
3400.5,0.8032180165443159
3401.0,0.8008361311272528
3401.5,0.7977942817323751
3402.0,0.7944189159007383
3402.5,0.7911853273728607
3403.0,0.7885576789853324
3403.5,0.7869053279561316
3404.0,0.7864234630487645
3404.5,0.7870898766319177
3405.0,0.7886606510256239
3405.5,0.7907323695969724
3406.0,0.7928530647148853
3406.5,0.7946344236908214
3407.0,0.7958292882905438
3407.5,0.796376072661953
3408.0,0.7963822085186348
3408.5,0.7960550146264798
3409.0,0.7956506494587028
3409.5,0.7954177964739224
3410.0,0.7955973090013421
3410.5,0.7963764297173735
3411.0,0.7978149042023022
3411.5,0.7998319581091253
3412.0,0.8021311213676441
3412.5,0.8042084598582486
3413.0,0.8054578105932908
3413.5,0.8053507367331159
3414.0,0.8036374155216055
3414.5,0.8004996309202612
3415.0,0.7965841959299594
3415.5,0.7928483041831851
3416.0,0.7901548214530076
3416.5,0.7890352292559479
3417.0,0.7894368755242585
3417.5,0.7907940390652313
3418.0,0.7922601679808317
3418.5,0.7931214260783841
3419.0,0.793060702902921
3419.5,0.792295427033111
3420.0,0.7914321639428156
3420.5,0.791133398600971
3421.0,0.7917454882498018
3421.5,0.793101736832198
3422.0,0.7946018251739523
3422.5,0.7954668277344779
3423.0,0.7951615830853678
3423.5,0.7936860452928659
3424.0,0.7916649286569338
3424.5,0.7901288388817935
3425.0,0.7901213329771011
3425.5,0.7922718400601853
3426.0,0.7965654138948404
3426.5,0.8023626125129492
3427.0,0.8087016881805218
3427.5,0.8145665951908262
3428.0,0.819256241799239
3428.5,0.8224668635816856
3429.0,0.8243119553241769
3429.5,0.825102561942114
3430.0,0.8251221150704372
3430.5,0.8245734594260128
3431.0,0.823561973239983
3431.5,0.8221732237080013
3432.0,0.8205393705863026
3432.5,0.8188282837351267
3433.0,0.8171804198298902
3433.5,0.8156581655619458
3434.0,0.8142120892901912
3434.5,0.8127337524369275
3435.0,0.8111609662563811
3435.5,0.8095684997123446
3436.0,0.8081390622382235
3436.5,0.8071262358587385
3437.0,0.8066654234140125
3437.5,0.806624256906229
3438.0,0.8065896819693105
3438.5,0.8060623893473868
3439.0,0.8046645102739617
3439.5,0.8023664284441344
3440.0,0.7995960296132145
3440.5,0.7971595555934735
3441.0,0.7959004558916081
3441.5,0.7964875515772716
3442.0,0.7990836615597064
3442.5,0.8032550688148073
3443.0,0.8080799908388325
3443.5,0.8126345394201683
3444.0,0.8162096403998392
3444.5,0.81848747029772
3445.0,0.8195643452751433
3445.5,0.8197683719323025
3446.0,0.8194790435672187
3446.5,0.8189566898754842
3447.0,0.8183411223447847
3447.5,0.8177120969011836
3448.0,0.817177548930995
3448.5,0.8168618661621733
3449.0,0.8168763779754583
3449.5,0.8171605206006893
3450.0,0.8173685431572022
3450.5,0.8168842062260436
3451.0,0.8150076841949322
3451.5,0.8113101749928722
3452.0,0.8058850846845286
3452.5,0.7994605357220883
3453.0,0.7932381349558454
3453.5,0.7884386818838875
3454.0,0.7859633289979588
3454.5,0.7860144910894699
3455.0,0.7880434496904504
3455.5,0.790934415028134
3456.0,0.7934116590384745
3456.5,0.7946166498655556
3457.0,0.7943355012268575
3457.5,0.7930517243952598
3458.0,0.7916543375931878
3458.5,0.7910637134254143
3459.0,0.791826366235874
3459.5,0.793922514338512
3460.0,0.7968206121034397
3460.5,0.799703427045105
3461.0,0.8017740251942918
3461.5,0.802527400054253
3462.0,0.8018786165752199
3462.5,0.8001355246802211
3463.0,0.7978555790826665
3463.5,0.7956683102237442
3464.0,0.7941173826643726
3464.5,0.7935335991529604
3465.0,0.7939540709227667
3465.5,0.7951157853618828
3466.0,0.7965242189449585
3466.5,0.797562128805363
3467.0,0.7976610814830074
3467.5,0.7964873022340049
3468.0,0.7941352314544288
3468.5,0.7911532389274404
3469.0,0.7884307188587693
3469.5,0.7869606277273542
3470.0,0.7874509605759211
3470.5,0.7900822433930572
3471.0,0.7943647556094781
3471.5,0.7993074144199431
3472.0,0.8036862083492992
3472.5,0.8064185317503633
3473.0,0.8069142247126883
3473.5,0.8052072866797743
3474.0,0.8018477249409891
3474.5,0.7976889491246058
3475.0,0.7936404740115862
3475.5,0.7904202558825718
3476.0,0.7884488426070736
3476.5,0.7878870178968229
3477.0,0.7887057998283857
3477.5,0.7907475368513349
3478.0,0.7937301667925935
3478.5,0.79727460981657
3479.0,0.8008819149904765
3479.5,0.803980645173705
3480.0,0.8060955153627739
3480.5,0.8069594911908393
3481.0,0.8066096429515429
3481.5,0.8053730885248754
3482.0,0.8037447555399283
3482.5,0.8021651534902878
3483.0,0.8008575653452374
3483.5,0.7997599343293609
3484.0,0.798582503574983
3484.5,0.7970036809238439
3485.0,0.7948858075080578
3485.5,0.7923859918279124
3486.0,0.7899469841448471
3486.5,0.7881415434550955
3487.0,0.7874415499927471
3487.5,0.7880071227410087
3488.0,0.7896234813165589
3488.5,0.7917678240113237
3489.0,0.7937965384374022
3489.5,0.7951573499941618
3490.0,0.7955408055989452
3490.5,0.7949617133951826
3491.0,0.7936814997863426
3491.5,0.7921363229221181
3492.0,0.7907771595938617
3492.5,0.7899159737558612
3493.0,0.7896641254468635
3493.5,0.7899005065600897
3494.0,0.7903369124630772
3494.5,0.7905779090417653
3495.0,0.7902110422210744
3495.5,0.7889731706768173
3496.0,0.7867799692650552
3496.5,0.7838431595080512
3497.0,0.7805850255899504
3497.5,0.777519291319626
3498.0,0.7750891765514246
3498.5,0.7735088439366488
3499.0,0.772696941670805
3499.5,0.7723047015040133
3500.0,0.7718764233087527
3500.5,0.771035023490158
3501.0,0.7696739604928127
3501.5,0.7680144553454896
3502.0,0.7665329632316514
3502.5,0.7657472876857541
3503.0,0.7659671495618794
3503.5,0.767156409069683
3504.0,0.7688841588748219
3504.5,0.7704696750692593
3505.0,0.7712122079960287
3505.5,0.770656455379161
3506.0,0.7687326194587004
3506.5,0.7657684945506941
3507.0,0.7623646258781221
3507.5,0.7591746247263353
3508.0,0.756683395890418
3508.5,0.7550844947156466
3509.0,0.7542639737479893
3509.5,0.7538859651989099
3510.0,0.7534974433087098
3510.5,0.7527274668269981
3511.0,0.7513281409415671
3511.5,0.7491890401440197
3512.0,0.7463726979628572
3512.5,0.7430939925906053
3513.0,0.7397065325286988
3513.5,0.7366455171051963
3514.0,0.7343504042656446
3514.5,0.7331713980235519
3515.0,0.7332770736035533
3515.5,0.7345942545684722
3516.0,0.736814339067412
3516.5,0.739455513891331
3517.0,0.7419655361440282
3517.5,0.7438387332564628
3518.0,0.7447396988167319
3518.5,0.7445981283137677
3519.0,0.743579073620261
3519.5,0.742038603936164
3520.0,0.7404391696385756
3520.5,0.7392104238985446
3521.0,0.7386638578533591
3521.5,0.7389291028113955
3522.0,0.7399432047631734
3522.5,0.741455915153885
3523.0,0.7430766502877696
3523.5,0.7444270285313497
3524.0,0.7451728004501786
3524.5,0.7451445687965155
3525.0,0.7443258765777387
3525.5,0.7428483963151657
3526.0,0.740916888117039
3526.5,0.7387461616753336
3527.0,0.7365182573752399
3527.5,0.7343244247944604
3528.0,0.7322023166718441
3528.5,0.7301622103536879
3529.0,0.7282221951137793
3529.5,0.7264050287454563
3530.0,0.7247331681126736
3530.5,0.7231895498417938
3531.0,0.7216766033620469
3531.5,0.7200422809957476
3532.0,0.7181237062288248
3532.5,0.7158117088228624
3533.0,0.713128318847357
3533.5,0.7102175753365334
3534.0,0.7073079061003097
3534.5,0.7046043147961639
3535.0,0.7022427168234435
3535.5,0.7002629668159523
3536.0,0.6986155544645689
3536.5,0.6972543674266639
3537.0,0.6962044631728574
3537.5,0.6955718384300814
3538.0,0.6955189618648838
3538.5,0.6961662263246606
3539.0,0.697511605551194
3539.5,0.6993520403412145
3540.0,0.7013294923782881
3540.5,0.7030458278321425
3541.0,0.7041823195600994
3541.5,0.7046397304949568
3542.0,0.704576223324787
3542.5,0.7043484346154608
3543.0,0.7043877546456083
3543.5,0.7050227650592237
3544.0,0.7063919646627073
3544.5,0.7083708747459552
3545.0,0.7105875996486601
3545.5,0.7125159097805578
3546.0,0.7136111746165504
3546.5,0.7134653679304153
3547.0,0.7118942059458521
3547.5,0.7090157584328003
3548.0,0.7052551696213731
3548.5,0.7012039098400682
3549.0,0.6975298180649085
3549.5,0.6947942166502563
3550.0,0.6932943991270465
3550.5,0.6929149783307581
3551.0,0.6931928776610896
3551.5,0.6934843892014554
3552.0,0.6931816198797214
3552.5,0.6919396725004522
3553.0,0.6898202284295164
3553.5,0.6872388056372432
3554.0,0.6848283102895237
3554.5,0.683182238123459
3555.0,0.6826354947970869
3555.5,0.6831193385500474
3556.0,0.684146854101086
3556.5,0.6850046443446852
3557.0,0.6850528677096339
3557.5,0.6839581389712349
3558.0,0.6818378797031223
3558.5,0.6792011814899261
3559.0,0.6766930407015637
3559.5,0.6748233158002769
3560.0,0.6737805059804489
3560.5,0.673412937330218
3561.0,0.6732593671534383
3561.5,0.6728066523251433
3562.0,0.671697608560108
3562.5,0.6698853191724435
3563.0,0.6676735374518632
3563.5,0.6656936470707917
3564.0,0.6646270840979313
3564.5,0.6650326246189492
3565.0,0.6672276807573385
3565.5,0.671186274767623
3566.0,0.6763645565573864
3566.5,0.6818148212905928
3567.0,0.6863485918023486
3567.5,0.6888036941767268
3568.0,0.6884130925312067
3568.5,0.6850798517011341
3569.0,0.6794455450365423
3569.5,0.6727264138446627
3570.0,0.6664978891569956
3570.5,0.6622774440591727
3571.0,0.6610517516271373
3571.5,0.6629304731348498
3572.0,0.6671563054113527
3572.5,0.672424995551169
3573.0,0.677384716174157
3573.5,0.6810529915813701
3574.0,0.6829300012451306
3574.5,0.6829714461555687
3575.0,0.6813974078547335
3575.5,0.6785660615110227
3576.0,0.6748635840903685
3576.5,0.6706271879677805
3577.0,0.6661673775331616
3577.5,0.6617414608292151
3578.0,0.6576057028211055
3578.5,0.6539703160964043
3579.0,0.6509596281501512
3579.5,0.6485764042604447
3580.0,0.6466548185306884
3580.5,0.6448905984653417
3581.0,0.6429373068764672
3581.5,0.640534245027712
3582.0,0.637609802638001
3582.5,0.634340935654705
3583.0,0.6311566597185044
3583.5,0.6285983650101591
3584.0,0.6271685007138086
3584.5,0.6272268726368003
3585.0,0.6288758483137039
3585.5,0.6319179678747227
3586.0,0.6358498168131835
3586.5,0.6399222333744689
3587.0,0.6432523311948207
3587.5,0.6449947384151752
3588.0,0.6445856977655792
3588.5,0.6419339642079908
3589.0,0.6373910353576077
3589.5,0.6317448359178224
3590.0,0.6260389502203646
3590.5,0.6214279192616664
3591.0,0.6187947784909903
3591.5,0.618548609193212
3592.0,0.6204615542461296
3592.5,0.6236777379889124
3593.0,0.6269893871007843
3593.5,0.6292469024536078
3594.0,0.6296732266696827
3594.5,0.6280558881643186
3595.0,0.6247831656086696
3595.5,0.6207173967885354
3596.0,0.6169430691088038
3596.5,0.6144553084595071
3597.0,0.6138795902899297
3597.5,0.6152879185796502
3598.0,0.6181244980536817
3598.5,0.6213713692312275
3599.0,0.6238801856052595
3599.5,0.6246888505166706
3600.0,0.6233778449968743
3600.5,0.6201562387697963
3601.0,0.6158005035394076
3601.5,0.6113283878276774
3602.0,0.6077149823537662
3602.5,0.6056774760798876
3603.0,0.6054580878893198
3603.5,0.6068031945873558
3604.0,0.6090770496412033
3604.5,0.6114401540786237
3605.0,0.6131907482760046
3605.5,0.6139755377715992
3606.0,0.6138610333679313
3606.5,0.6131878867666254
3607.0,0.6123612853028408
3607.5,0.6115984154731208
3608.0,0.610799103626428
3608.5,0.6095678417800532
3609.0,0.6074073771125097
3609.5,0.6039586506345662
3610.0,0.5991879530855412
3610.5,0.5934810874210927
3611.0,0.5875580064252416
3611.5,0.5822130622376708
3612.0,0.5780150873247121
3612.5,0.5750832864101999
3613.0,0.572922811468128
3613.5,0.5707596498541769
3614.0,0.5678283040023578
3614.5,0.563756442807715
3615.0,0.5587443674810034
3615.5,0.5535175640177361
3616.0,0.549122065044406
3616.5,0.5465747227474032
3617.0,0.5465232818293745
3617.5,0.5489432531399545
3618.0,0.5529488135291741
3618.5,0.5572612552534305
3619.0,0.5605145382094618
3619.5,0.561711249561898
3620.0,0.5604917401503773
3620.5,0.557218825763869
3621.0,0.5528144976518237
3621.5,0.5484519812623146
3622.0,0.5452624454598617
3622.5,0.5438888009983491
3623.0,0.5442354730712342
3623.5,0.5454666815912323
3624.0,0.5463501974050894
3624.5,0.545792111062699
3625.0,0.5432997002196598
3625.5,0.5392330886970649
3626.0,0.534603310268029
3626.5,0.5309041990241211
3627.0,0.5295573242686132
3627.5,0.5313138002464318
3628.0,0.5357257551282246
3628.5,0.5410300545196163
3629.0,0.5447704726390351
3629.5,0.5447855558687308
3630.0,0.5401055319063354
3630.5,0.5313589466237741
3631.0,0.5203980783791083
3631.5,0.5101981888957505
3632.0,0.5039425507236905
3632.5,0.5040464864102882
3633.0,0.510998610367186
3633.5,0.5227814971714362
3634.0,0.535960935176498
3634.5,0.5474036973404205
3635.0,0.5556291632808767
3635.5,0.5607468850809101
3636.0,0.5637194136972342
3636.5,0.5657546644631717
3637.0,0.5678665697957561
3637.5,0.5706725884684567
3638.0,0.5742988646043277
3638.5,0.5784769756625352
3639.0,0.5827716154820257
3639.5,0.5867779856862076
3640.0,0.5902259849819981
3640.5,0.5929778304660535
3641.0,0.5949378308223082
3641.5,0.5959996253181605
3642.0,0.5960192716966874
3642.5,0.5949221460569881
3643.0,0.5928273588366293
3643.5,0.5900772741286221
3644.0,0.587229202737182
3644.5,0.5849529655570429
3645.0,0.5837444049231282
3645.5,0.5837724983489188
3646.0,0.5847399642607156
3646.5,0.5860017821006992
3647.0,0.5867382164588429
3647.5,0.586352046238097
3648.0,0.5847192770977839
3648.5,0.5821813802965997
3649.0,0.5792864296068012
3649.5,0.5763981385195498
3650.0,0.573509483899493
3650.5,0.5701689708630423
3651.0,0.5658239875602247
3651.5,0.5600951721755622
3652.0,0.5530278131927499
3652.5,0.5453493902203783
3653.0,0.5384436818394462
3653.5,0.5340645632943083
3654.0,0.5335549447686248
3654.5,0.5372705231617363
3655.0,0.5442205698917619
3655.5,0.552367571793133
3656.0,0.5595464112182145
3656.5,0.5640867297243043
3657.0,0.5652136053782256
3657.5,0.5630240379348268
3658.0,0.558336833438894
3658.5,0.5524998055872078
3659.0,0.5468573013536566
3659.5,0.5425940390436045
3660.0,0.540396912176147
3660.5,0.5402832232802908
3661.0,0.5416403775612811
3661.5,0.5435794733050806
3662.0,0.54526693653223
3662.5,0.5459999061081025
3663.0,0.545218130394184
3663.5,0.5424729991859342
3664.0,0.5374952681164338
3664.5,0.5302851426972557
3665.0,0.5212983627990256
3665.5,0.5114185059718857
3666.0,0.5018371537151315
3666.5,0.4937985656421695
3667.0,0.48837797427995033
3667.5,0.4862006204811111
3668.0,0.48719221472921526
3668.5,0.49051747555844755
3669.0,0.4945715919879583
3669.5,0.49725183979686427
3670.0,0.49655979847736575
3670.5,0.4913298331485591
3671.0,0.48170941128734285
3671.5,0.4690455484767029
3672.0,0.4557675648745868
3672.5,0.444888387733815
3673.0,0.43932999378625115
3673.5,0.4410912509361451
3674.0,0.4502212614583918
3674.5,0.46449978289258725
3675.0,0.4800056301716644
3675.5,0.49280378400620095
3676.0,0.5003852827008454
3676.5,0.502042917713136
3677.0,0.49860671548654156
3677.5,0.49199897601644893
3678.0,0.4847294369406755
3678.5,0.4793190310923669
3679.0,0.4776747691026946
3679.5,0.4803222992178884
3680.0,0.4860066559019378
3680.5,0.49228240133760137
3681.0,0.4970089678938416
3681.5,0.49917827451832003
3682.0,0.4988289958059229
3682.5,0.4965011262757141
3683.0,0.4927960047966717
3683.5,0.4882178860627884
3684.0,0.4831455413130276
3684.5,0.47793049194586135
3685.0,0.47294359112418205
3685.5,0.46861270488288226
3686.0,0.46535159178074637
3686.5,0.46342314720753613
3687.0,0.462855301667445
3687.5,0.46335316229088797
3688.0,0.4643617619537803
3688.5,0.46523697161078265
3689.0,0.4654205095620602
3689.5,0.46462025213186375
3690.0,0.4628398123343192
3690.5,0.4604071839968112
3691.0,0.45784275657572926
3691.5,0.45573620157656336
3692.0,0.4545976084955311
3692.5,0.454679940139719
3693.0,0.4559159897699302
3693.5,0.4580287809663982
3694.0,0.46073392076127223
3694.5,0.46375837629012556
3695.0,0.46683418840733065
3695.5,0.46959387431732
3696.0,0.4715076735429772
3696.5,0.47202460936659096
3697.0,0.47079571517756813
3697.5,0.467815255731646
3698.0,0.4634800467411641
3698.5,0.4585486902455108
3699.0,0.45398750128908155
3699.5,0.450611999676201
3700.0,0.44891775059483097
3700.5,0.4488786934573094
3701.0,0.44992981948093047
3701.5,0.45116723692730953
3702.0,0.45166888328009114
3702.5,0.45085144586478165
3703.0,0.44866624788914355
3703.5,0.4455987166538163
3704.0,0.44249103381546584
3704.5,0.44024748705707506
3705.0,0.4395036941624103
3705.5,0.4403517155973721
3706.0,0.44224128935285234
3706.5,0.4441706991639619
3707.0,0.44501974381456844
3707.5,0.4439635728803802
3708.0,0.4407722908895846
3708.5,0.43588228265536183
3709.0,0.43024414180501336
3709.5,0.4250826407674711
3710.0,0.4215284758757448
3710.5,0.42027891759274605
3711.0,0.42132053197343206
3711.5,0.4238986675198198
3712.0,0.42677354504156156
3712.5,0.4286495106241665
3713.0,0.42866230635584057
3713.5,0.4266400226483693
3714.0,0.42316838680057234
3714.5,0.41946249439768707
3715.0,0.4168970463069391
3715.5,0.4165353199304809
3716.0,0.4186799958753633
3716.5,0.4227867281895167
3717.0,0.42775848873427774
3717.5,0.43252300514329733
3718.0,0.4364118480947933
3718.5,0.4392020256437621
3719.0,0.44102895327505276
3719.5,0.4421566493711505
3720.0,0.44279330308410103
3720.5,0.4430007485350552
3721.0,0.4427566725147929
3721.5,0.4420668625062673
3722.0,0.4410381364597167
3722.5,0.43996920806640055
3723.0,0.4393011766085376
3723.5,0.4395099240043835
3724.0,0.44093350865327474
3724.5,0.44361518038902137
3725.0,0.44722127439571946
3725.5,0.4510295351117246
3726.0,0.4541823004985418
3726.5,0.4559649739795282
3727.0,0.4560675874475693
3727.5,0.45464713900892056
3728.0,0.4522735735773059
3728.5,0.4497394412193745
3729.0,0.4478034048926235
3729.5,0.4469471397316229
3730.0,0.4472887384792721
3730.5,0.4485711291675967
3731.0,0.4502053291948577
3731.5,0.45153124657906407
3732.0,0.4520130211154496
3732.5,0.45134514322035485
3733.0,0.44944001725096205
3733.5,0.44639958728216395
3734.0,0.4424309894883206
3734.5,0.4376157066233346
3735.0,0.4322251289155052
3735.5,0.426790668558199
3736.0,0.4220883856071998
3736.5,0.41902890693717754
3737.0,0.41830891323057
3737.5,0.42024284910837273
3738.0,0.4246822201240798
3738.5,0.4310801432512151
3739.0,0.43841369749582254
3739.5,0.44506522635456364
3740.0,0.44940091024497675
3740.5,0.45027792879086753
3741.0,0.44765445515884494
3741.5,0.4427541748153139
3742.0,0.43761887500187824
3742.5,0.43436725368615253
3743.0,0.43427201297010337
3743.5,0.43705827353806787
3744.0,0.44077698929985815
3744.5,0.4427003645471158
3745.0,0.44061813705358277
3745.5,0.43357278394352267
3746.0,0.42226028362524026
3746.5,0.40889971763081295
3747.0,0.3967488242819962
3747.5,0.3892932020239522
3748.0,0.3890111522667785
3748.5,0.3960764200179057
3749.0,0.40767240784710246
3749.5,0.41953627844067715
3750.0,0.42850633456193404
3750.5,0.43347138222817005
3751.0,0.4349455751711461
3751.5,0.43399324062763284
3752.0,0.4318113769175617
3752.5,0.42938659279810126
3753.0,0.4273897420024625
3753.5,0.4262442078966197
3754.0,0.4260760938117015
3754.5,0.4268663042316594
3755.0,0.42866997099569326
3755.5,0.4316100245198814
3756.0,0.4357771310058703
3756.5,0.4409595882202728
3757.0,0.4466684528752316
3757.5,0.45223353357000096
3758.0,0.45704982324866134
3758.5,0.460634785339731
3759.0,0.46256908433060506
3759.5,0.46245873362648177
3760.0,0.4600459518468676
3760.5,0.4554089606984084
3761.0,0.44905705679813357
3761.5,0.4420137022496109
3762.0,0.4355677599572242
3762.5,0.43105551833017475
3763.0,0.4294491960363898
3763.5,0.43099644417466115
3764.0,0.43500393995493236
3764.5,0.4398822043437679
3765.0,0.44372114352972447
3765.5,0.4450022522769643
3766.0,0.4431967279491398
3766.5,0.43896298540008216
3767.0,0.4336913231854407
3767.5,0.42910312954399815
3768.0,0.42662082659337935
3768.5,0.4269264431073231
3769.0,0.4296464264161266
3769.5,0.4334819390869216
3770.0,0.4367656106255822
3770.5,0.43820146704795493
3771.0,0.43738099031048117
3771.5,0.4348487348701685
3772.0,0.4317845269143382
3772.5,0.42952814165405706
3773.0,0.4290977660570811
3773.5,0.43080367270553804
3774.0,0.4341098265461015
3774.5,0.43788789252979327
3775.0,0.44096242013825443
3775.5,0.44260442243473835
3776.0,0.44273614583562815
3776.5,0.4418504188248278
3777.0,0.44069772066227336
3777.5,0.4399557990320743
3778.0,0.4399588910076261
3778.5,0.4405558986275524
3779.0,0.44115503393965194
3779.5,0.44097803089892734
3780.0,0.4393962954926822
3780.5,0.4361900211775072
3781.0,0.4316845389061019
3781.5,0.4267236980797897
3782.0,0.4224102596176268
3782.5,0.41981166868454944
3783.0,0.41962388293606295
3783.5,0.4218996243764894
3784.0,0.4260132179744542
3784.5,0.4308799182632016
3785.0,0.43537873249292863
3785.5,0.4386945680484139
3786.0,0.44049286508701385
3786.5,0.44090036542320565
3787.0,0.440389736341102
3787.5,0.43958829444447656
3788.0,0.4391542848746788
3788.5,0.4396092518056552
3789.0,0.44119923705543046
3789.5,0.44382223548157135
3790.0,0.4470701313239045
3790.5,0.4503254869790516
3791.0,0.45285651032566926
3791.5,0.45399249248597573
3792.0,0.4533019417190539
3792.5,0.4507462269003828
3793.0,0.44679865671440905
3793.5,0.44233621514618154
3794.0,0.43839201539045364
3794.5,0.4358066069921955
3795.0,0.43491582343609536
3795.5,0.43536631454248276
3796.0,0.436204225883689
3796.5,0.4362291307068927
3797.0,0.43445085166218156
3797.5,0.43050402938499444
3798.0,0.4248332817864676
3798.5,0.4186575668676946
3799.0,0.4136635760537554
3799.5,0.4114468624885569
3800.0,0.4129305353521775
3800.5,0.41771761813535707
3801.0,0.42403896061038765
3801.5,0.4293369895363103
3802.0,0.43148219562666873
3802.5,0.4295150896846322
3803.0,0.4238187312180829
3803.5,0.41609815144316653
3804.0,0.40888641733252007
3804.5,0.4048738682971987
3805.0,0.40608343565314325
3805.5,0.41282236716008996
3806.0,0.423285565450239
3806.5,0.4340079594012686
3807.0,0.4419526166819406
3807.5,0.44559445986152363
3808.0,0.4449437960711165
3808.5,0.4410690487021618
3809.0,0.4355340498946183
3809.5,0.43001336881358254
3810.0,0.42578350858711544
3810.5,0.42345965528000357
3811.0,0.42279449285661336
3811.5,0.4228520703311399
3812.0,0.42259668871465644
3812.5,0.4215685400010414
3813.0,0.42017522478654584
3813.5,0.4193442371175192
3814.0,0.42001060729247663
3814.5,0.4224764666065652
3815.0,0.4259291094477339
3815.5,0.4286721595002094
3816.0,0.428878973332997
3816.5,0.42532741906506305
3817.0,0.41789801366825813
3817.5,0.4077393284555677
3818.0,0.3970932469662103
3818.5,0.3887589029845316
3819.0,0.385534815226768
3819.5,0.3893416864468841
3820.0,0.39998427561237926
3820.5,0.41485820107878413
3821.0,0.43014683537965687
3821.5,0.44237872767487113
3822.0,0.4494724098462054
3822.5,0.45110461040990674
3823.0,0.4483861660442421
3823.5,0.4434214454425495
3824.0,0.4387247317629287
3824.5,0.4366540643717477
3825.0,0.4386909029102488
3825.5,0.44473236509809444
3826.0,0.4530584504980004
3826.5,0.46121160387200394
3827.0,0.4671782483286239
3827.5,0.4700065832859226
3828.0,0.4697847068677311
3828.5,0.4673340236605154
3829.0,0.4638283789271813
3829.5,0.46040396190361643
3830.0,0.4579021341627727
3830.5,0.4566331465190072
3831.0,0.4563435840924671
3831.5,0.45637502654025697
3832.0,0.4560014937890054
3832.5,0.4547374403444328
3833.0,0.45248000968268315
3833.5,0.4495215955181022
3834.0,0.4463831882594317
3834.5,0.44365581843994606
3835.0,0.44186894604482035
3835.5,0.4413850947222079
3836.0,0.44233938664295414
3836.5,0.44462786277299005
3837.0,0.44787846728381453
3837.5,0.45142146079278533
3838.0,0.454412129305927
3838.5,0.45608917752041755
3839.0,0.4559850954711686
3839.5,0.45415415808285
3840.0,0.4512821185882653
3840.5,0.4485442850773764
3841.0,0.4473186526968268
3841.5,0.44867521157025414
3842.0,0.45296547436582957
3842.5,0.4594488499056632
3843.0,0.46647465176841524
3843.5,0.47212459824622544
3844.0,0.4748273924423148
3844.5,0.4738872908835849
3845.0,0.4695718443328014
3845.5,0.46294561807908874
3846.0,0.4555533532120405
3846.5,0.4488405344867426
3847.0,0.4438776727014186
3847.5,0.4409011312660073
3848.0,0.439397812904736
3848.5,0.43831608497310265
3849.0,0.4365422407927805
3849.5,0.43335890354686024
3850.0,0.4287498565058273
3850.5,0.4235307156906152
3851.0,0.41914433320335454
3851.5,0.4172924570071128
3852.0,0.41930033115549015
3852.5,0.42532039815406875
3853.0,0.4339189936902337
3853.5,0.44253335814184397
3854.0,0.4485505153740751
3854.5,0.4501643130830463
3855.0,0.44692299840215466
3855.5,0.43992425147636566
3856.0,0.4313678644507412
3856.5,0.424196684115648
3857.0,0.42130884270133584
3857.5,0.4241976851868035
3858.0,0.4318902251641297
3858.5,0.44156145163958177
3859.0,0.4503842279406167
3859.5,0.45670612528517524
3860.0,0.4599962922630214
3860.5,0.4604968098347901
3861.0,0.4585531469949907
3861.5,0.4546281046019388
3862.0,0.44941727252288577
3862.5,0.4438260417368908
3863.0,0.4388010551147209
3863.5,0.4349636103618383
3864.0,0.4323629763983281
3864.5,0.43037736399039306
3865.0,0.4280788717304689
3865.5,0.42468218880332087
3866.0,0.4199685669043889
3866.5,0.4145681314998507
3867.0,0.40995055951049836
3867.5,0.40804037793476067
3868.0,0.4103935454587441
3868.5,0.4173891801267382
3869.0,0.42752547679123554
3869.5,0.43796944976599594
3870.0,0.44569502340628914
3870.5,0.4487959181891604
3871.0,0.44714168986709835
3871.5,0.4421786735029049
3872.0,0.43642524161488805
3872.5,0.4326427861876435
3873.0,0.4329099058483892
3873.5,0.43792537142680626
3874.0,0.44606304212233927
3874.5,0.45439874396556107
3875.0,0.4599249910364239
3875.5,0.4611765182560458
3876.0,0.4584020866219053
3876.5,0.45311828475507987
3877.0,0.44732258214881165
3877.5,0.4428284981541352
3878.0,0.4408141964312336
3878.5,0.4414874341352942
3879.0,0.44407304929914293
3879.5,0.4471198726039867
3880.0,0.4490499157754941
3880.5,0.44868819876718485
3881.0,0.4455304617135313
3881.5,0.43986568782631386
3882.0,0.4327317011634173
3882.5,0.4257109159004791
3883.0,0.42054963897431874
3883.5,0.41865613000443064
3884.0,0.4206255878412145
3884.5,0.42574782237300823
3885.0,0.4320984561714469
3885.5,0.4372968773849674
3886.0,0.43938112739758906
3886.5,0.4375036910599213
3887.0,0.4320144161823323
3887.5,0.42441056620627543
3888.0,0.4167363083859428
3888.5,0.4110408517742239
3889.0,0.408847105168205
3889.5,0.4105757958433211
3890.0,0.41534172352562043
3890.5,0.42120692686038264
3891.0,0.4260729202285955
3891.5,0.42839934150537673
3892.0,0.42750463045983345
3892.5,0.4235465748200061
3893.0,0.41739609567430397
3893.5,0.41040586561079917
3894.0,0.40412453553747285
3894.5,0.4000162608831755
3895.0,0.39904710274898825
3895.5,0.4013498970174436
3896.0,0.40616712330045496
3896.5,0.412238645432944
3897.0,0.41829261746148083
3897.5,0.42338307622898674
3898.0,0.42706027351368614
3898.5,0.429236514707546
3899.0,0.43004631292415313
3899.5,0.42971653760754713
3900.0,0.42856977362156723
3900.5,0.42704544253119026
3901.0,0.42569329430156416
3901.5,0.4250900484276654
3902.0,0.4257519586559349
3902.5,0.4279210902064785
3903.0,0.43141396618770333
3903.5,0.43560067241844713
3904.0,0.439581146189231
3904.5,0.4425070090687513
3905.0,0.44389864424362213
3905.5,0.44384029386133755
3906.0,0.44294267527122716
3906.5,0.44208168646408985
3907.0,0.4420820823016952
3907.5,0.4433838283996264
3908.0,0.44588568135605855
3908.5,0.4489775441362043
3909.0,0.4518845066772772
3909.5,0.45403938710058395
3910.0,0.4552139581640273
3910.5,0.4555144920667349
3911.0,0.45513247900888176
3911.5,0.45415464524267113
3912.0,0.45248471097088544
3912.5,0.4499544481602895
3913.0,0.4465290124180722
3913.5,0.44242539234041284
3914.0,0.4382296500044399
3914.5,0.43475573815612695
3915.0,0.4327232951145228
3915.5,0.4325810555302391
3916.0,0.4342922334484811
3916.5,0.43739075518095744
3917.0,0.44112799313204726
3917.5,0.4447702877898671
3918.0,0.44780981065965775
3918.5,0.4500358378882753
3919.0,0.4515198814758369
3919.5,0.45247792400613973
3920.0,0.4531481527325314
3920.5,0.4537055396540325
3921.0,0.4542353330306118
3921.5,0.45479836727775946
3922.0,0.45547644868307113
3922.5,0.4563363337668376
3923.0,0.457324306961158
3923.5,0.45821761333250216
3924.0,0.4586476771075521
3924.5,0.45816757579142997
3925.0,0.45651458998289707
3925.5,0.45376063215387075
3926.0,0.45031310800015784
3926.5,0.4468533597425411
3927.0,0.4441178168054849
3927.5,0.4426844760807581
3928.0,0.44268938597646956
3928.5,0.443851372431094
3929.0,0.4456443596922983
3929.5,0.44745514710927886
3930.0,0.4488567894860388
3930.5,0.44970551612303356
3931.0,0.45003618083939256
3931.5,0.44991982313081696
3932.0,0.4493713892025399
3932.5,0.44836174296041176
3933.0,0.44686647829480564
3933.5,0.4449985548867264
3934.0,0.44306890363569135
3934.5,0.4415329064229804
3935.0,0.4408479828753158
3935.5,0.4413207864506892
3936.0,0.44295313279165627
3936.5,0.4452962145458633
3937.0,0.44767202897341013
3937.5,0.4493409349518128
3938.0,0.4497656303776845
3938.5,0.4487936184460526
3939.0,0.4466940946501603
3939.5,0.4440696470231605
3940.0,0.44162817324988624
3940.5,0.44001417935876386
3941.0,0.4396640734217855
3941.5,0.44056681764464867
3942.0,0.44241855449107736
3942.5,0.44468361647890164
3943.0,0.44682539654110764
3943.5,0.4484626142944344
3944.0,0.4494896702933106
3944.5,0.45007402833225757
3945.0,0.4505696193103049
3945.5,0.45138993163905394
3946.0,0.4528229065323195
3946.5,0.45492177256960653
3947.0,0.4575088367179406
3947.5,0.46021901987056935
3948.0,0.4626198828059157
3948.5,0.46434494834787643
3949.0,0.46515951976904213
3949.5,0.46494161016256613
3950.0,0.4637088077568267
3950.5,0.46162502368917435
3951.0,0.458955513304839
3951.5,0.4560817162948263
3952.0,0.45345507294158827
3952.5,0.4515279803531219
3953.0,0.4506528935659482
3953.5,0.4509399635885784
3954.0,0.4522142652442173
3954.5,0.453963195527855
3955.0,0.45549496361606123
3955.5,0.45617013338752604
3956.0,0.4555738269229321
3956.5,0.45369072749203787
3957.0,0.45091480401701645
3957.5,0.4479268487406469
3958.0,0.4454839218415372
3958.5,0.44414120837603627
3959.0,0.4441048385247409
3959.5,0.4451735847101318
3960.0,0.4468304115046615
3960.5,0.4484291828796757
3961.0,0.44943666084215766
3961.5,0.4495808587526851
3962.0,0.44890203877175017
3962.5,0.4477017385507628
3963.0,0.4464102946407959
3963.5,0.4454277349736656
3964.0,0.44499046723811714
3964.5,0.4451377684921398
3965.0,0.44572969035901044
3965.5,0.4465155964561462
3966.0,0.44719539397845287
3966.5,0.4475447843075497
3967.0,0.4474474397983817
3967.5,0.4469269123904336
3968.0,0.4461193966374198
3968.5,0.44523802474471713
3969.0,0.4444836802472684
3969.5,0.444007736433555
3970.0,0.44387492075901624
3970.5,0.44405410258484923
3971.0,0.4444354730797384
3971.5,0.44484820833182703
3972.0,0.4451241862988084
3972.5,0.445135328198604
3973.0,0.4448055640893119
3973.5,0.4441327776803872
3974.0,0.44316722148709325
3974.5,0.4419876485442156
3975.0,0.44067473606210994
3975.5,0.43929649828580336
3976.0,0.4379135263397479
3976.5,0.436570759030269
3977.0,0.4353642765856111
3977.5,0.4344392477088008
3978.0,0.4339819585319634
3978.5,0.4341984565566369
3979.0,0.4352341817597993
3979.5,0.4371031160110785
3980.0,0.4396388351877504
3980.5,0.4424891815273213
3981.0,0.44519643900068306
3981.5,0.4472888100179201
3982.0,0.44847701828093406
3982.5,0.44872840626887767
3983.0,0.4482599015693417
3983.5,0.44745284128570456
3984.0,0.44670243982015106
3984.5,0.44626558763982194
3985.0,0.4461533213197482
3985.5,0.44615581896423734
3986.0,0.4459537575165823
3986.5,0.4452732809393057
3987.0,0.4440054628800679
3987.5,0.442270080371636
3988.0,0.44034769318170436
3988.5,0.43856516276896557
3989.0,0.4371371124758389
3989.5,0.43613184177055225
3990.0,0.43546029030446964
3990.5,0.43499398735417977
3991.0,0.4346638522251651
3991.5,0.43452426341448647
3992.0,0.4347607423518454
3992.5,0.43559585734585554
3993.0,0.4371831956194284
3993.5,0.4395058337271123
3994.0,0.4423237492582479
3994.5,0.44526338342396055
3995.0,0.44788226369724277
3995.5,0.449822770647684
3996.0,0.4509276716266046
3996.5,0.451211331714068
3997.0,0.45083906715400646
3997.5,0.45004362410286447
3998.0,0.44907235237942456
3998.5,0.4481226180918064
3999.0,0.4472954718702013
3999.5,0.4468211774380354
