650.0,0.9596939827037921
650.5,0.9552156164336539
651.0,0.9555878846351723
651.5,0.959841144180406
652.0,0.9668179291901557
652.5,0.9752548112712011
653.0,0.9825010737900649
653.5,0.9859718210673962
654.0,0.9859171530669038
654.5,0.9870162811933002
655.0,0.9934633131613344
655.5,1.00328116482545
656.0,1.0093200155785556
656.5,1.0072240619200714
657.0,1.0004823818838366
657.5,0.9963369190826245
658.0,0.9977657311084318
658.5,1.0010993994319484
659.0,1.001024859970729
659.5,0.9961979355983586
660.0,0.9899461116929054
660.5,0.9868411190375379
661.0,0.989239155767409
661.5,0.9967739311530981
662.0,1.0078194729083707
662.5,1.0197964476469443
663.0,1.029658521987857
663.5,1.0363281912180649
664.0,1.0427824219480466
664.5,1.0583165985323237
665.0,1.0923690745203871
665.5,1.120207379375622
666.0,1.1239711921489786
666.5,1.117142270404421
667.0,1.111962453660918
667.5,1.1196893594839843
668.0,1.1473131990588896
668.5,1.1706335202624383
669.0,1.1731715045818334
669.5,1.1657659707067989
670.0,1.1570060868361507
670.5,1.1518149382571035
671.0,1.1529621642962247
671.5,1.160276329211882
672.0,1.170486136992326
672.5,1.1789980916478862
673.0,1.181974599077551
673.5,1.178970281443136
674.0,1.174115166378613
674.5,1.1729749778654162
675.0,1.177105919571403
675.5,1.1837006567995254
676.0,1.1901506828289783
676.5,1.1967591679917087
677.0,1.2040702496968623
677.5,1.209946152283667
678.0,1.2116634494765657
678.5,1.2100035679234735
679.0,1.2086951875357368
679.5,1.2101443501033222
680.0,1.2134337056184048
680.5,1.215769811550645
681.0,1.214994418017228
681.5,1.2114273415159769
682.0,1.2078463496538474
682.5,1.2072512496459686
683.0,1.209949058066927
683.5,1.213025390040215
684.0,1.2134186958039859
684.5,1.211332256050809
685.0,1.209654110337803
685.5,1.2100179707731809
686.0,1.2104355659711448
686.5,1.207203187356352
687.0,1.1989691564889786
687.5,1.1889140139487548
688.0,1.182164466172172
688.5,1.1808656426802455
689.0,1.1824892082627134
689.5,1.1828745806526142
690.0,1.1799047791264794
690.5,1.1741638080001904
691.0,1.1674751201143485
691.5,1.1615394930813083
692.0,1.157313540734702
692.5,1.1542128844464776
693.0,1.1503546519525973
693.5,1.1443705233987915
694.0,1.1365039972919908
694.5,1.127627874042764
695.0,1.1182496733993865
695.5,1.109104048929418
696.0,1.1017830269527793
696.5,1.097864046960375
697.0,1.097219037448345
697.5,1.0976263681300316
698.0,1.0961644334934841
698.5,1.091330221898575
699.0,1.0839674378920325
699.5,1.0759969425438813
700.0,1.0685576902236618
700.5,1.0615702239294764
701.0,1.0549900924785327
701.5,1.0494949182263071
702.0,1.0449559637235628
702.5,1.039131361659032
703.0,1.029710345063037
703.5,1.0174808138560378
704.0,1.0061478029676825
704.5,0.9988702208351969
705.0,0.9956539471290335
705.5,0.9940585700652927
706.0,0.991364432142294
706.5,0.9862054229042944
707.0,0.9791655453769367
707.5,0.9722514857544458
708.0,0.9671074106459897
708.5,0.9634846921220589
709.0,0.959911303587612
709.5,0.9556484558204721
710.0,0.9515378344505442
710.5,0.9488117857796646
711.0,0.9478023899113089
711.5,0.9483633283387848
712.0,0.9511373322312526
712.5,0.9573945742457929
713.0,0.9677017697757715
713.5,0.9810527032288938
714.0,0.9959223654601178
714.5,1.0121321300263328
715.0,1.031314418348678
715.5,1.0554509684227633
716.0,1.085220411158699
716.5,1.1192881563028783
717.0,1.154870334188178
717.5,1.189464380857959
718.0,1.222894160363369
718.5,1.2571096236268693
719.0,1.2932812705150858
719.5,1.328965443045119
720.0,1.3585411582627356
720.5,1.3763941029232016
721.0,1.3797937542952081
721.5,1.368821581434315
722.0,1.3452109580740759
722.5,1.311801714300299
723.0,1.2721894200818584
723.5,1.229473052397084
724.0,1.1857370300966106
724.5,1.1429394869798797
725.0,1.1036213875363456
725.5,1.0704254983989716
726.0,1.0447542460811972
726.5,1.0261275491817743
727.0,1.013123308568474
727.5,1.005018952176922
728.0,1.0026076801532084
728.5,1.0069766984203419
729.0,1.0176556678030955
729.5,1.0326777904360935
730.0,1.0501849824380316
730.5,1.069206653714594
731.0,1.088458368098153
731.5,1.1048672905681718
732.0,1.1146928140852714
732.5,1.1149566320955604
733.0,1.10427298430144
733.5,1.0836330176516493
734.0,1.0564944032556605
734.5,1.0272228660086864
735.0,0.9986752586815207
735.5,0.9720598876676665
736.0,0.9487494995851053
736.5,0.9312917031162076
737.0,0.9220335376461507
737.5,0.9210644491675412
738.0,0.9261767986944376
738.5,0.9343706534729533
739.0,0.9433198513139942
739.5,0.9524630603966443
740.0,0.9632733863005015
740.5,0.9775196549062231
741.0,0.9947970489897019
741.5,1.0124882886177922
742.0,1.0278849174911782
742.5,1.039591378980391
743.0,1.0473993354837132
743.5,1.0524035075019154
744.0,1.0573534082978526
744.5,1.0650259330821048
745.0,1.0752699471127454
745.5,1.0845410334284526
746.0,1.0895409125329383
746.5,1.09019519975415
747.0,1.0888464200960133
747.5,1.0878436262753464
748.0,1.0880509359857107
748.5,1.0885975776246075
749.0,1.0881032381341538
749.5,1.0859074813166412
750.0,1.0818612590498013
750.5,1.075235985522821
751.0,1.0648886611820172
751.5,1.0513055699544664
752.0,1.0375363843600356
752.5,1.0263522927957427
753.0,1.0162545429922747
753.5,1.0026151427390915
754.0,0.9823504219881928
754.5,0.9571000133006831
755.0,0.9314531579347665
755.5,0.9086912958600791
756.0,0.8881785050872787
756.5,0.8672202302269492
757.0,0.8443546011774717
757.5,0.8205838764111073
758.0,0.7977990372177902
758.5,0.7769351397105034
759.0,0.757791028139597
759.5,0.7399312596890282
760.0,0.7231458648397617
760.5,0.7070384738654054
761.0,0.6911993224957024
761.5,0.6758603834824037
762.0,0.6616371983066294
762.5,0.648504032754485
763.0,0.6358084696941727
763.5,0.623455525546968
764.0,0.612592292848311
764.5,0.6044644877030849
765.0,0.5985809162779687
765.5,0.5928795501634677
766.0,0.5860251659648434
766.5,0.5790866524395266
767.0,0.5742493931607495
767.5,0.572281972434684
768.0,0.5713471729124014
768.5,0.5686817629197791
769.0,0.5632259494609818
769.5,0.5563275722390139
770.0,0.5500664142046189
770.5,0.545666459806545
771.0,0.5432060613466773
771.5,0.5421054671017357
772.0,0.5416196505157184
772.5,0.5413703117345042
773.0,0.5415785248369945
773.5,0.5425823456939437
774.0,0.5440069865771773
774.5,0.545036046226085
775.0,0.5455680650425373
775.5,0.5464746710840447
776.0,0.5483395045262047
776.5,0.5506401755581468
777.0,0.5524183901460402
777.5,0.5534547595806745
778.0,0.5542534766504981
778.5,0.5552151437299887
779.0,0.5563636149888934
779.5,0.557764546231822
780.0,0.5596332664645973
780.5,0.5620772707618783
781.0,0.5650365432795065
781.5,0.5684245124199107
782.0,0.5721585408019533
782.5,0.5758468597717566
783.0,0.5787267835739056
783.5,0.5804620377215948
784.0,0.5820237063238016
784.5,0.5851813523953188
785.0,0.5906570002371287
785.5,0.5970237623382794
786.0,0.6021138506459726
786.5,0.6058080101431024
787.0,0.6103823331070273
787.5,0.6176877304194359
788.0,0.6269081145537118
788.5,0.6358137577067016
789.0,0.6434561457851408
789.5,0.6508421962042982
790.0,0.6589240508635146
790.5,0.6670372365274477
791.0,0.6737352025653313
791.5,0.678743291846157
792.0,0.6834200462126241
792.5,0.6893727446209698
793.0,0.6967851306758439
793.5,0.7045989014957305
794.0,0.7123278385132521
794.5,0.7212380096173624
795.0,0.7329379777924682
795.5,0.7470295763321736
796.0,0.7612195069699076
796.5,0.7743300224151127
797.0,0.7880935024345226
797.5,0.8051434957712003
798.0,0.8257745409817459
798.5,0.8475433154708509
799.0,0.8678541480810328
799.5,0.8862993721527321
800.0,0.9045919266604701
800.5,0.9247611796889755
801.0,0.9476675838895493
801.5,0.9727323609272264
802.0,0.9988530513045585
802.5,1.0255859206416955
803.0,1.0534591077913165
803.5,1.0831469439594863
804.0,1.114764057946707
804.5,1.1480904507412037
805.0,1.183253356449918
805.5,1.2210071354513201
806.0,1.2619328019541722
806.5,1.3052589298745092
807.0,1.3490310888352832
807.5,1.392279476292845
808.0,1.4367090690584852
808.5,1.485723647996456
809.0,1.5408743141073045
809.5,1.5994582065625704
810.0,1.656422142900911
810.5,1.70902772826816
811.0,1.759155228343586
811.5,1.8109944969185128
812.0,1.8667387943355491
812.5,1.9250535174780614
813.0,1.9835590636408398
813.5,2.04172776436808
814.0,2.1006520939410485
814.5,2.1607023193094297
815.0,2.220460332008046
815.5,2.2778097788311316
816.0,2.332040355358983
816.5,2.3848060581449237
817.0,2.4390571884450174
817.5,2.49612205565688
818.0,2.5539165936141246
818.5,2.608976478580034
819.0,2.660435290959221
819.5,2.710418716038706
820.0,2.7602266544527834
820.5,2.808273649707203
821.0,2.853130573624028
821.5,2.8963044126478987
822.0,2.940317428743043
822.5,2.9852391556251057
823.0,3.028443785363291
823.5,3.067471596598554
824.0,3.102225885855555
824.5,3.134454288330642
825.0,3.1660239488320205
825.5,3.1977905081771647
826.0,3.2296192844582716
826.5,3.260968287829309
827.0,3.2911236873074334
827.5,3.3188759253850018
828.0,3.342944115306293
828.5,3.363619943551125
829.0,3.3829677049800813
829.5,3.4023727371324806
830.0,3.4207102623200507
830.5,3.435730134210316
831.0,3.446177604667306
831.5,3.4521288338414533
832.0,3.4541468083902274
832.5,3.4530009972626634
833.0,3.449577505365467
833.5,3.4446348000922553
834.0,3.4389401485429465
834.5,3.433280411921844
835.0,3.4270630653208656
835.5,3.417837191522135
836.0,3.403946236188835
836.5,3.3871313636108593
837.0,3.3706921664280007
837.5,3.3554997963515607
838.0,3.339396678007404
838.5,3.320021670270181
839.0,3.2966478887335664
839.5,3.2696649001531166
840.0,3.240402859892048
840.5,3.2115783723340945
841.0,3.1852531309869385
841.5,3.1606077941424364
842.0,3.134851625983965
842.5,3.1065766539502553
843.0,3.077193206713274
843.5,3.0490935130124774
844.0,3.0223002990735583
844.5,2.9946614154941797
845.0,2.964671937513967
845.5,2.9331180848490845
846.0,2.901125372157233
846.5,2.867882680823639
847.0,2.831953924235716
847.5,2.794576506241742
848.0,2.7593900548540007
848.5,2.7280480160599256
849.0,2.697830434442618
849.5,2.6651103511993086
850.0,2.6294478471090885
850.5,2.592741463844193
851.0,2.5559231226638355
851.5,2.518759992540879
852.0,2.4816514805344596
852.5,2.445591639541566
853.0,2.4103766582877575
853.5,2.374722178375391
854.0,2.3382324957610034
854.5,2.3020533575832993
855.0,2.267671064487865
855.5,2.2357566622284586
856.0,2.205528445860768
856.5,2.175128139920043
857.0,2.143360995691396
857.5,2.111229909905482
858.0,2.081032624193075
858.5,2.053604223542395
859.0,2.0270746039421734
859.5,1.9988068176877611
860.0,1.9681278418921204
860.5,1.936761185638666
861.0,1.9071284645230906
861.5,1.8805747894759197
862.0,1.8562628941507482
862.5,1.8314189607417932
863.0,1.8036426335438498
863.5,1.7733774031971927
864.0,1.7435041783261274
864.5,1.7165934524983042
865.0,1.6928807354446582
865.5,1.670881210844815
866.0,1.6493385027214924
866.5,1.6281886085312811
867.0,1.6079340290053343
867.5,1.588365952892193
868.0,1.5681306373942419
868.5,1.5458217286011224
869.0,1.5217997117069972
869.5,1.4981747359034305
870.0,1.4764737478838719
870.5,1.4557993873343078
871.0,1.4341834300034544
871.5,1.4109298014198863
872.0,1.3869689256904225
872.5,1.3634701123839637
873.0,1.341301962946398
873.5,1.3214734806317712
874.0,1.3044902094795203
874.5,1.2891070892044392
875.0,1.27292257627513
875.5,1.2543783563138229
876.0,1.233939475194887
876.5,1.2135284099037686
877.0,1.1950327666806064
877.5,1.1791223326865528
878.0,1.1647775249648278
878.5,1.1501092564125948
879.0,1.1342915178481368
879.5,1.1185558801471165
880.0,1.1045331774997593
880.5,1.0918990810810565
881.0,1.078846570185186
881.5,1.0647404040531394
882.0,1.0509291591947172
882.5,1.0387695148411225
883.0,1.0278360214980458
883.5,1.016564832027782
884.0,1.0041065115728987
884.5,0.9909379663300575
885.0,0.9781848689662688
885.5,0.966840741086999
886.0,0.9572041898376202
886.5,0.9486772382296778
887.0,0.9403744906088204
887.5,0.932151165075044
888.0,0.9246678096726485
888.5,0.9184761266897067
889.0,0.9132497973518059
889.5,0.9081643962244267
890.0,0.9028067437433355
890.5,0.8974007825721614
891.0,0.8920327191625755
891.5,0.8862266304596669
892.0,0.8794612886434023
892.5,0.8719227545794789
893.0,0.8644634241758438
893.5,0.8577263105539221
894.0,0.8515983206680536
894.5,0.8456986230283401
895.0,0.8400646747748894
895.5,0.8348523314314875
896.0,0.8296243042923596
896.5,0.8235616731427559
897.0,0.81658663663728
897.5,0.8095982067865776
898.0,0.8033567868496809
898.5,0.7975335385691513
899.0,0.791488670005879
899.5,0.785405807441599
900.0,0.7799402386413199
900.5,0.7749188906025803
901.0,0.7692660073486731
901.5,0.7624980692607441
902.0,0.7557202867361714
902.5,0.7506642682699084
903.0,0.7477750519097953
903.5,0.7456173075721395
904.0,0.7424510833934064
904.5,0.7379066175315115
905.0,0.732850228880228
905.5,0.7281255725542463
906.0,0.7240986820188753
906.5,0.7211595283477007
907.0,0.7196631819199769
907.5,0.7189523084080368
908.0,0.7174868392310224
908.5,0.7147003583474641
909.0,0.7118384107688183
909.5,0.710321456674624
910.0,0.7098770630525036
910.5,0.70906877203822
911.0,0.7074226652958263
911.5,0.7059382471261738
912.0,0.705617943575374
912.5,0.7062708925741812
913.0,0.70679408595893
913.5,0.7061208290824671
914.0,0.7040184709867428
914.5,0.7013668738635047
915.0,0.6993525269888491
915.5,0.6981311199954086
916.0,0.696652935648689
916.5,0.6941963974996033
917.0,0.6915115273931509
917.5,0.6897887698676685
918.0,0.6888168562611693
918.5,0.6869151558766903
919.0,0.6827610040299644
919.5,0.6768892092871536
920.0,0.6712911636794443
920.5,0.6677076925339634
921.0,0.6659799253951894
921.5,0.6639418658613723
922.0,0.6593198211241121
922.5,0.6520240389830881
923.0,0.6444108202417749
923.5,0.6390304060510863
924.0,0.6362643513914524
924.5,0.6343053174880909
925.0,0.6313168131296608
925.5,0.627019672298036
926.0,0.6226827069051717
926.5,0.6197965289761174
927.0,0.6186599187364625
927.5,0.6180588069182927
928.0,0.6165271523907577
928.5,0.6139659064777931
929.0,0.6117081426018681
929.5,0.611135082363507
930.0,0.6123865384630837
930.5,0.6143971100135291
931.0,0.6159411883496649
931.5,0.6166469407907442
932.0,0.617199353718112
932.5,0.6185767658379082
933.0,0.6209279532552012
933.5,0.6234041911355226
934.0,0.6253594904044454
934.5,0.6273492667313721
935.0,0.6303393647617352
935.5,0.634269183742044
936.0,0.6381153839802683
936.5,0.6411983258695042
937.0,0.6438694357663155
937.5,0.6467857366673969
938.0,0.650073223033919
938.5,0.6532976955151254
939.0,0.6560359509677461
939.5,0.6582128071101614
940.0,0.6601245710113117
940.5,0.6621882126221649
941.0,0.6644990224668519
941.5,0.6666188937103611
942.0,0.6680583654517672
942.5,0.6688503299389402
943.0,0.669388061988645
943.5,0.6698088170674097
944.0,0.6697783152737817
944.5,0.6689221969406991
945.0,0.6672683194056018
945.5,0.6652381407224081
946.0,0.6632093574680508
946.5,0.6612238095721281
947.0,0.6591829589505214
947.5,0.6572991584384289
948.0,0.6559917140844205
948.5,0.6552162504186538
949.0,0.6542048462393508
949.5,0.6522968500436779
950.0,0.6499629132073991
950.5,0.6485742442748582
951.0,0.6489462230901675
951.5,0.6504629834491591
952.0,0.6518406261770698
952.5,0.652463717476989
953.0,0.6528968885899861
953.5,0.6542560667310036
954.0,0.6572199380938867
954.5,0.6614924344520299
955.0,0.6660921720869089
955.5,0.6702471214930719
956.0,0.674071964088322
956.5,0.678440189834511
957.0,0.6841875851532817
957.5,0.6914017372566388
958.0,0.699448882022774
958.5,0.7077421711582803
959.0,0.7163399962957918
959.5,0.7257383893875177
960.0,0.7360362260926915
960.5,0.7466826537880005
961.0,0.7573124690720536
961.5,0.7685130561471872
962.0,0.7810212579893813
962.5,0.7945897596985099
963.0,0.8081746699765905
963.5,0.8213487584044907
964.0,0.8348894889664878
964.5,0.8497585362283571
965.0,0.8658424626705643
965.5,0.8822146052583497
966.0,0.8981685168254252
966.5,0.9136247948775932
967.0,0.9287528951234141
967.5,0.9437037982206773
968.0,0.958663327901697
968.5,0.9739567323230863
969.0,0.9899050991805474
969.5,1.0065492661843372
970.0,1.0233324149124496
970.5,1.0393625906948945
971.0,1.054212916659261
971.5,1.068306436745655
972.0,1.082318229366684
972.5,1.0965046198240587
973.0,1.1109162757529223
973.5,1.1259289871278166
974.0,1.141883251140881
974.5,1.1582566491888269
975.0,1.1738456723936426
975.5,1.1881679479894862
976.0,1.2020472513988019
976.5,1.2167552576920908
977.0,1.2328434488048028
977.5,1.2499149258739326
978.0,1.2673269020971345
978.5,1.2850326971061283
979.0,1.3034688305795514
979.5,1.3227954128350405
980.0,1.342455238399818
980.5,1.3616308607934413
981.0,1.3801182914720846
981.5,1.398548056849533
982.0,1.4177506095666945
982.5,1.4380047715787763
983.0,1.458998689345206
983.5,1.4801063286500062
984.0,1.5008126199306744
984.5,1.5210933123370807
985.0,1.541387582145679
985.5,1.5619302892428693
986.0,1.582384790538539
986.5,1.6022540554858682
987.0,1.6215225838952028
987.5,1.6405545280428573
988.0,1.6594228157656423
988.5,1.6777033276216042
989.0,1.6949981271316137
989.5,1.711287530448066
990.0,1.726996754319707
990.5,1.7428600888644377
991.0,1.7593338383223454
991.5,1.7758708786344133
992.0,1.7912027769637922
992.5,1.8044960336679672
993.0,1.8160549876351102
993.5,1.8267512067436633
994.0,1.8371292955717666
994.5,1.8472467616583526
995.0,1.8569625825463996
995.5,1.8659417521523163
996.0,1.8736819625783188
996.5,1.8798865738752184
997.0,1.8846244456661387
997.5,1.8880162313193816
998.0,1.890150991922435
998.5,1.8913694945245325
999.0,1.8922441090404185
999.5,1.8930752411569705
1000.0,1.8936240845587704
1000.5,1.8934092560548024
1001.0,1.89218144390478
1001.5,1.8900603984505993
1002.0,1.8873639109810219
1002.5,1.884282050266647
1003.0,1.8806062976069464
1003.5,1.8758867408413418
1004.0,1.8701592538725835
1004.5,1.864323581698491
1005.0,1.8593174227821951
1005.5,1.85503474005509
1006.0,1.8505097994876534
1006.5,1.8451957929376293
1007.0,1.839623537060263
1007.5,1.8346633409571267
1008.0,1.8305234842140596
1008.5,1.8267807806745429
1009.0,1.8230271796924233
1009.5,1.8192245391948818
1010.0,1.8157757866245796
1010.5,1.8134962149898644
1011.0,1.8132331675113607
1011.5,1.8151384434156144
1012.0,1.8183460649835819
1012.5,1.8217784245101232
1013.0,1.825269487214
1013.5,1.829478310115169
1014.0,1.8347160351978566
1014.5,1.8404303878591664
1015.0,1.8461357017830142
1015.5,1.8522787894892803
1016.0,1.859508384414412
1016.5,1.8674414316284367
1017.0,1.8747320260178182
1017.5,1.8805748545935392
1018.0,1.8856220713310359
1018.5,1.8911065266783458
1019.0,1.8972487267454836
1019.5,1.903011325487339
1020.0,1.907329600586837
1020.5,1.9103886817070532
1021.0,1.9134843251079554
1021.5,1.9176518192056946
1022.0,1.9225797740453578
1022.5,1.9269783466546944
1023.0,1.92997635249352
1023.5,1.9318548631171337
1024.0,1.9336328286937527
1024.5,1.9361978147171464
1025.0,1.9396380019458503
1025.5,1.9431123636691139
1026.0,1.945450336840303
1026.5,1.9462626802829757
1027.0,1.946568652638965
1027.5,1.947913139962166
1028.0,1.9507487398287036
1028.5,1.9541286264483342
1029.0,1.9570913603013766
1029.5,1.9597131082387287
1030.0,1.962595226726195
1030.5,1.9658497767812042
1031.0,1.9689582109417867
1031.5,1.9713828094049537
1032.0,1.9731162306217334
1032.5,1.9747205688771772
1033.0,1.9769448091473172
1033.5,1.9800902437124968
1034.0,1.9835726673022094
1034.5,1.986357934760992
1035.0,1.987953243290445
1035.5,1.9888629426620401
1036.0,1.9899341032727138
1036.5,1.9916169033728781
1037.0,1.9940396076130633
1037.5,1.9973623822778157
1038.0,2.001713018557044
1038.5,2.0067377730278277
1039.0,2.0115002190946965
1039.5,2.0152741258910654
1040.0,2.018533113067661
1040.5,2.0228417124800457
1041.0,2.029450391136542
1041.5,2.0380676947261893
1042.0,2.047389482933674
1042.5,2.0567111184762856
1043.0,2.066483648750857
1043.5,2.0772030852415506
1044.0,2.088490675076006
1044.5,2.099609935978614
1045.0,2.1105083020266626
1045.5,2.1218264509181184
1046.0,2.133991384494092
1046.5,2.1467519349903474
1047.0,2.1596103855162245
1047.5,2.172525753720953
1048.0,2.185944319011123
1048.5,2.200148481928806
1049.0,2.2146164712590832
1049.5,2.228427251858472
1050.0,2.241087688393944
1050.5,2.2529928048452614
1051.0,2.2648472712938625
1051.5,2.2769913512397317
1052.0,2.2892689801113915
1052.5,2.301292063191208
1053.0,2.31244206375342
1053.5,2.3221802289025395
1054.0,2.330375405892559
1054.5,2.3373530151781563
1055.0,2.3432351015193125
1055.5,2.3476238343719213
1056.0,2.350364385539809
1056.5,2.352195523983262
1057.0,2.3541335133245167
1057.5,2.3565441353090617
1058.0,2.3588030636311106
1058.5,2.35989860210952
1059.0,2.3594058275369028
1059.5,2.3578456673018993
1060.0,2.356007334334478
1060.5,2.354045814179861
1061.0,2.351278550867896
1061.5,2.347021904837633
1062.0,2.3414289064035256
1062.5,2.3354736582295432
1063.0,2.330020873114244
1063.5,2.3251584213679584
1064.0,2.320122543470204
1064.5,2.3136996140422705
1065.0,2.305140956300304
1065.5,2.29510860400035
1066.0,2.285241481269585
1066.5,2.276715042083143
1067.0,2.2691640516715124
1067.5,2.2612383230725013
1068.0,2.2519552624860673
1068.5,2.2412801297735028
1069.0,2.2295770039737204
1069.5,2.2170972475223114
1070.0,2.2038844538513285
1070.5,2.190178467335223
1071.0,2.1765114260746823
1071.5,2.1633853627312987
1072.0,2.150558339208119
1072.5,2.136978694154363
1073.0,2.121770133387321
1073.5,2.1052967208235973
1074.0,2.0887566311525156
1074.5,2.0728901511096325
1075.0,2.0572244656790906
1075.5,2.0408363952901394
1076.0,2.02360611203883
1076.5,2.006168892986479
1077.0,1.9888257963153786
1077.5,1.9711516390762096
1078.0,1.9526870042678217
1078.5,1.9336961926127232
1079.0,1.914995665569941
1079.5,1.896891984934643
1080.0,1.878876424227867
1080.5,1.8603588182228452
1081.0,1.841277994242201
1081.5,1.8218258084339607
1082.0,1.8020950475135433
1082.5,1.7821534683914089
1083.0,1.7625658643932471
1083.5,1.743764609939927
1084.0,1.7252852971461623
1084.5,1.7058219865326394
1085.0,1.6844228810806856
1085.5,1.6615973887389461
1086.0,1.6392943661033001
1086.5,1.6193218220735641
1087.0,1.6016227450377638
1087.5,1.5843332303150708
1088.0,1.5655897166117994
1088.5,1.5452852770229977
1089.0,1.5248070078981493
1089.5,1.5055017804364537
1090.0,1.4876285861638956
1090.5,1.4707231539496926
1091.0,1.4541494393665253
1091.5,1.4375149987465023
1092.0,1.4207995188076428
1092.5,1.4044679866056897
1093.0,1.3890465842129358
1093.5,1.374561469998576
1094.0,1.3606023340296263
1094.5,1.3469962430734777
1095.0,1.334108442408078
1095.5,1.3223284322419315
1096.0,1.3115040771525428
1096.5,1.3010512960522589
1097.0,1.290678985594029
1097.5,1.2806961565229775
1098.0,1.2716987972745297
1098.5,1.2637612265790108
1099.0,1.2561579586874105
1099.5,1.24814716507673
1100.0,1.2400118681005072
1100.5,1.2329175225173816
1101.0,1.2275637760007283
1101.5,1.2232827619356805
1102.0,1.218790489322194
1102.5,1.2136675630242262
1103.0,1.2086784170860936
1103.5,1.2047844139329753
1104.0,1.2022321889757766
1104.5,1.2006289131758077
1105.0,1.1994758211315775
1105.5,1.198493670693148
1106.0,1.1975608841786016
1106.5,1.1965690276978977
1107.0,1.1954229379633765
1107.5,1.194119171774183
1108.0,1.1927926879825663
1108.5,1.1916228612708863
1109.0,1.1906627432254182
1109.5,1.18972850622091
1110.0,1.1884486004557655
1110.5,1.1865728437409222
1111.0,1.1842442338095407
1111.5,1.1820114001181639
1112.0,1.1804448968279164
1112.5,1.179591676384005
1113.0,1.17886599565226
1113.5,1.1775571497358317
1114.0,1.1753840926449075
1114.5,1.1726380807689378
1115.0,1.169880971539976
1115.5,1.1675156795325226
1116.0,1.1654232130403988
1116.5,1.163000111724948
1117.0,1.1596777226985335
1117.5,1.155483311537279
1118.0,1.1509378698186916
1118.5,1.146484404006587
1119.0,1.1421062271084264
1119.5,1.1374639275499567
1120.0,1.1321662437043878
1120.5,1.1258674252186778
1121.0,1.1183882337547597
1121.5,1.1100206190593827
1122.0,1.1015362076500828
1122.5,1.0936349279734017
1123.0,1.0862879784228117
1123.5,1.0786814132536566
1124.0,1.0700849408960358
1124.5,1.0605557450843006
1125.0,1.0508598958992035
1125.5,1.0416671918315197
1126.0,1.032915775594645
1126.5,1.024012466424513
1127.0,1.014710046594484
1127.5,1.005327671995051
1128.0,0.9963526883022575
1128.5,0.9879199467181127
1129.0,0.9797328656499023
1129.5,0.9713281399080984
1130.0,0.9623898098305953
1130.5,0.9530481557719382
1131.0,0.9438871482632263
1131.5,0.9354643629531787
1132.0,0.9277010920332226
1132.5,0.9200140837645272
1133.0,0.9118953903557324
1133.5,0.9033568218174315
1134.0,0.8947122466066763
1134.5,0.8862490867069684
1135.0,0.8781777834589857
1135.5,0.8707379738988865
1136.0,0.8639358315250402
1136.5,0.8574053200192595
1137.0,0.8506744373281157
1137.5,0.8437911495508703
1138.0,0.8374098964767975
1138.5,0.8322066863493638
1139.0,0.828189132163285
1139.5,0.8247856017005807
1140.0,0.8215407255812117
1140.5,0.818632123560634
1141.0,0.8164813612296873
1141.5,0.8150838217885085
1142.0,0.8139578709108132
1142.5,0.8127981334604328
1143.0,0.8119286944127709
1143.5,0.811949660976061
1144.0,0.8130335209447024
1144.5,0.8147526296876032
1145.0,0.8165376441539525
1145.5,0.8181955378686584
1146.0,0.8200083834626248
1146.5,0.8224262310704319
1147.0,0.8256828942931795
1147.5,0.8296583488348535
1148.0,0.8339989117330497
1148.5,0.8383914672545512
1149.0,0.8427305710920233
1149.5,0.8471939615250558
1150.0,0.8520833691821521
1150.5,0.8575273165074985
1151.0,0.8633119041013749
1151.5,0.8690847646569679
1152.0,0.8746540192521537
1152.5,0.8800617993610615
1153.0,0.8852162254843363
1153.5,0.8898413347474919
1154.0,0.8938943919340808
1154.5,0.8979028192204412
1155.0,0.9024937372612175
1155.5,0.9075596923728904
1156.0,0.9120612689294876
1156.5,0.9149397545761471
1157.0,0.9160709959431556
1157.5,0.9162194699086001
1158.0,0.916072865474946
1158.5,0.915611123422992
1159.0,0.914412481764962
1159.5,0.9123310756885131
1160.0,0.9095143705289028
1160.5,0.9058065784188681
1161.0,0.900515629634102
1161.5,0.893238223682779
1162.0,0.8846240098663718
1162.5,0.8759557405217785
1163.0,0.8678864091501169
1163.5,0.8597569008782343
1164.0,0.8503516554409541
1164.5,0.839177417465736
1165.0,0.8267730679768983
1165.5,0.8141687292672704
1166.0,0.8020111204431153
1166.5,0.7903420101384158
1167.0,0.7789272634195122
1167.5,0.767446711856206
1168.0,0.7554642966290545
1168.5,0.7428021532079866
1169.0,0.7298810670240728
1169.5,0.7175708695192436
1170.0,0.7063060482665161
1170.5,0.6955694691821621
1171.0,0.6845296524586011
1171.5,0.6729876070973204
1172.0,0.661447693255768
1172.5,0.6504734801060019
1173.0,0.6401136552718293
1173.5,0.629967446562636
1174.0,0.6196132814407487
1174.5,0.6089179510909106
1175.0,0.5981028139170657
1175.5,0.5875303831390818
1176.0,0.5774011261478165
1176.5,0.5677338500702062
1177.0,0.5585859044133237
1177.5,0.5500432792878005
1178.0,0.542051397031734
1178.5,0.5342982031906484
1179.0,0.526551084658078
1179.5,0.5189178971726042
1180.0,0.5116432276853526
1180.5,0.5046851129222325
1181.0,0.49778577638421395
1181.5,0.4907987388947946
1182.0,0.48401195502567007
1182.5,0.4778955041145147
1183.0,0.47257477618983906
1183.5,0.46762162109831595
1184.0,0.46248760920413184
1184.5,0.4571794865708053
1185.0,0.45230891490006375
1185.5,0.448343837128419
1186.0,0.44507596435527375
1186.5,0.4419379444821103
1187.0,0.4387510257738939
1187.5,0.4359413337888337
1188.0,0.4340031592257847
1188.5,0.4330072101408067
1189.0,0.43265425555911763
1189.5,0.43257433385198096
1190.0,0.43255793284183364
1190.5,0.4326314540346104
1191.0,0.43306580688307383
1191.5,0.43419256552817875
1192.0,0.4361198264714851
1192.5,0.43863288470744394
1193.0,0.4413318886565242
1193.5,0.44387831528330124
1194.0,0.4462459317818117
1194.5,0.4487143150723513
1195.0,0.45159181181586355
1195.5,0.4549369318041322
1196.0,0.45865948573840637
1196.5,0.4628518236271875
1197.0,0.4677708345773857
1197.5,0.47334255595919994
1198.0,0.479097964872252
1198.5,0.484641368451085
1199.0,0.49012362886071426
1199.5,0.4959419678062128
1200.0,0.502171091822464
1200.5,0.5085202494285265
1201.0,0.5148864450477896
1201.5,0.5215551852204249
1202.0,0.5287624051556543
1202.5,0.5361541872782719
1203.0,0.5429251528047754
1203.5,0.5486680508433238
1204.0,0.553980202609713
1204.5,0.5599660288855803
1205.0,0.5670359629619734
1205.5,0.5743905313651906
1206.0,0.5808339337757369
1206.5,0.5860360688948588
1207.0,0.5907964889638078
1207.5,0.5960637935985593
1208.0,0.6019090680932937
1208.5,0.607589038133362
1209.0,0.6124376740407481
1209.5,0.6165171120044982
1210.0,0.6204593236507873
1210.5,0.6248938193758067
1211.0,0.6299268216632382
1211.5,0.6351695728032912
1212.0,0.6401256909101537
1212.5,0.644586150227812
1213.0,0.6487882737936914
1213.5,0.653304299277562
1214.0,0.6586269566149765
1214.5,0.6647599661160681
1215.0,0.6711006628224335
1215.5,0.6769574103065088
1216.0,0.6821365057200175
1216.5,0.6869794161660941
1217.0,0.6918828939883943
1217.5,0.6970020914731178
1218.0,0.7023831621103606
1218.5,0.7081180796544364
1219.0,0.7142507006771929
1219.5,0.7205612304882526
1220.0,0.7266597128317652
1220.5,0.7322523209585415
1221.0,0.7373700527455594
1221.5,0.7424036043831964
1222.0,0.7478749035408591
1222.5,0.7539890493106766
1223.0,0.7604397506441779
1223.5,0.7666753557480466
1224.0,0.7725121719608455
1224.5,0.7783136858765527
1225.0,0.7845080820061481
1225.5,0.7910565406671161
1226.0,0.7975031466812492
1226.5,0.8035084495132937
1227.0,0.8093195102807078
1227.5,0.8154873936689189
1228.0,0.8222815178923524
1228.5,0.829428327144718
1229.0,0.8364483158773834
1229.5,0.8431379869640189
1230.0,0.8497063765376227
1230.5,0.8565002512881125
1231.0,0.863769317747057
1231.5,0.8715847143783085
1232.0,0.8797457190540506
1232.5,0.8878624930791292
1233.0,0.8955964463159887
1233.5,0.9029101003938099
1234.0,0.9100327583574985
1234.5,0.9171640228512812
1235.0,0.9241988777731105
1235.5,0.930810425242924
1236.0,0.9367984714364272
1236.5,0.9423118934703207
1237.0,0.947679710800457
1237.5,0.9530580858577049
1238.0,0.9583470012385449
1238.5,0.9634246014282133
1239.0,0.9683151473240325
1239.5,0.9730225144158453
1240.0,0.9773950129068217
1240.5,0.9813814245555751
1241.0,0.9852085758346825
1241.5,0.9890542706847114
1242.0,0.9927072401953759
1242.5,0.995799696307084
1243.0,0.9982651326859364
1243.5,1.0004116231334186
1244.0,1.0025792287392283
1244.5,1.004896444161406
1245.0,1.007213301455716
1245.5,1.0091212473321856
1246.0,1.0102052801518207
1246.5,1.0105235288430772
1247.0,1.01072881587633
1247.5,1.0116060613016713
1248.0,1.0135035155256507
1248.5,1.0162584932403853
1249.0,1.0194487678002468
1249.5,1.0225833269579012
1250.0,1.0253281988065013
1250.5,1.027788601278345
1251.0,1.030503590357312
1251.5,1.03395568011595
1252.0,1.038255193025227
1252.5,1.0432947359519154
1253.0,1.0489215058438834
1253.5,1.0548884808645276
1254.0,1.061008024864114
1254.5,1.067540660913664
1255.0,1.0752298861663692
1255.5,1.0847384026459286
1256.0,1.0962000193510295
1256.5,1.1092445240923652
1257.0,1.1235343577898391
1257.5,1.1390373634591073
1258.0,1.1560491741369714
1258.5,1.1750945735934448
1259.0,1.1967659205251089
1259.5,1.221480881090835
1260.0,1.2494714040364987
1260.5,1.2808790234205971
1261.0,1.3155191092405687
1261.5,1.3533882679348403
1262.0,1.3953933763302502
1262.5,1.4434183731798897
1263.0,1.499277073867711
1263.5,1.5637111555515424
1264.0,1.6367887192483574
1264.5,1.7183471811079076
1265.0,1.8084312144654908
1265.5,1.907666736970012
1266.0,2.0171811441644447
1266.5,2.137606639344415
1267.0,2.2682503182859923
1267.5,2.407286329543198
1268.0,2.553432118109315
1268.5,2.705248990278427
1269.0,2.858712519558181
1269.5,3.00804464458344
1270.0,3.1490621053886043
1270.5,3.2804247832350453
1271.0,3.4011770571358717
1271.5,3.508926310821618
1272.0,3.6008825311309693
1272.5,3.674952736215888
1273.0,3.7302417341700953
1273.5,3.7677052846558174
1274.0,3.788886634269183
1274.5,3.7941091699969056
1275.0,3.7829878958115715
1275.5,3.7561708046702678
1276.0,3.715770533800931
1276.5,3.6640712836015368
1277.0,3.6032575767376396
1277.5,3.5354516420228297
1278.0,3.462249935567029
1278.5,3.384176999579474
1279.0,3.301541746441964
1279.5,3.21541027136797
1280.0,3.127450857328998
1280.5,3.038821292589779
1281.0,2.949959207303994
1281.5,2.8612983685112385
1282.0,2.773368202860016
1282.5,2.686891792291657
1283.0,2.602377081143181
1283.5,2.5197631936122478
1284.0,2.438654716572131
1284.5,2.3591570321407294
1285.0,2.281310585577655
1285.5,2.2051073200354323
1286.0,2.1299957944808634
1286.5,2.055736726199531
1287.0,1.9829445223485382
1287.5,1.9124792037789078
1288.0,1.8442541765516796
1288.5,1.7774508396768063
1289.0,1.7112720575805802
1289.5,1.6452050523464796
1290.0,1.579373619132952
1290.5,1.5144546472578115
1291.0,1.4514156473886304
1291.5,1.3908626177250087
1292.0,1.3329148629166396
1292.5,1.2775247223968222
1293.0,1.2245718606009786
1293.5,1.1739804106777674
1294.0,1.125480453120701
1294.5,1.0790506346823803
1295.0,1.0350698749218856
1295.5,0.9940974074245805
1296.0,0.9563643076069773
1296.5,0.9220368943306146
1297.0,0.8910242804523756
1297.5,0.8629959635105563
1298.0,0.8371572225429299
1298.5,0.8126007479148809
1299.0,0.7891168570010622
1299.5,0.7673772949459032
1300.0,0.7481820140482013
1300.5,0.7317654897205453
1301.0,0.717640876511658
1301.5,0.7051718606369105
1302.0,0.6940704946655233
1302.5,0.6841980768124728
1303.0,0.6752977741598215
1303.5,0.6670877693447556
1304.0,0.6595390257025538
1304.5,0.6529187092650501
1305.0,0.6475379536278613
1305.5,0.6434185604130782
1306.0,0.640289882510412
1306.5,0.6376796649741395
1307.0,0.6350378821032358
1307.5,0.63195464104872
1308.0,0.6285115500775798
1308.5,0.6252828222195104
1309.0,0.6228183341078732
1309.5,0.6209982207298143
1310.0,0.6191812725958069
1310.5,0.6169458390348221
1311.0,0.6144716137220648
1311.5,0.6121849858967919
1312.0,0.6103599085519003
1312.5,0.6091172487120763
1313.0,0.6084246668302304
1313.5,0.6079353097442842
1314.0,0.6070853829871125
1314.5,0.605619865613838
1315.0,0.6038520953663649
1315.5,0.6022738106236319
1316.0,0.6009720360238546
1316.5,0.5996591436658358
1317.0,0.5981095441223158
1317.5,0.5963484659355813
1318.0,0.5945027403045339
1318.5,0.5926687315437591
1319.0,0.5909205279755214
1319.5,0.589213996006965
1320.0,0.5873084717257845
1320.5,0.5849467695671802
1321.0,0.5822740994857659
1321.5,0.5799618303615349
1322.0,0.5786604093740266
1322.5,0.578207425608077
1323.0,0.5775163010687558
1323.5,0.5754978799513806
1324.0,0.5720804971770833
1324.5,0.568294359928902
1325.0,0.5653825132366559
1325.5,0.5639124700011544
1326.0,0.5635495390344235
1326.5,0.5634942520028907
1327.0,0.5629578456640729
1327.5,0.5615313846012042
1328.0,0.5593440646572795
1328.5,0.5568386990265084
1329.0,0.5543554924323195
1329.5,0.5520339099741526
1330.0,0.5499624262392238
1330.5,0.5481855860035517
1331.0,0.5465003440842955
1331.5,0.5445421970158777
1332.0,0.5422979941317546
1332.5,0.5402299247821818
1333.0,0.5385920417158286
1333.5,0.5369316927381373
1334.0,0.534803447760077
1334.5,0.5326993183324119
1335.0,0.5317797072679864
1335.5,0.5325252380057695
1336.0,0.5340578221149571
1336.5,0.5349674402569863
1337.0,0.5346283353598824
1337.5,0.5333342201385264
1338.0,0.5316775194399359
1338.5,0.5300803050815628
1339.0,0.5287054539768365
1339.5,0.5274799063067299
1340.0,0.5262279658836014
1340.5,0.524616725639914
1341.0,0.5224553500814046
1341.5,0.5200534809769161
1342.0,0.5179713661878945
1342.5,0.5163793679445903
1343.0,0.5149823864131147
1343.5,0.51337792973454
1344.0,0.5114798820756769
1344.5,0.5095705521460139
1345.0,0.5079533433784595
1345.5,0.5066359904312862
1346.0,0.5053603135032032
1346.5,0.5038793261867878
1347.0,0.5021915455638372
1347.5,0.5005387531682759
1348.0,0.49921544628620534
1348.5,0.4983546774621044
1349.0,0.4978427705651322
1349.5,0.4974715376269667
1350.0,0.497196194064437
1350.5,0.4972684394727418
1351.0,0.4980746714078374
1351.5,0.49970264713527623
1352.0,0.5017087752080365
1352.5,0.5035443538394512
1353.0,0.5052083376822402
1353.5,0.5071606986529097
1354.0,0.5097364829476038
1354.5,0.5127941356300894
1355.0,0.516048701905075
1355.5,0.519534275109485
1356.0,0.5236912283375953
1356.5,0.5290542573506666
1357.0,0.5359541904598348
1357.5,0.5440723168228504
1358.0,0.5521941134420273
1358.5,0.5592830891814198
1359.0,0.5660276736488573
1359.5,0.5740056366622821
1360.0,0.5831835851845444
1360.5,0.5913969711157978
1361.0,0.5971786219608339
1361.5,0.6015159474072347
1362.0,0.6065887245559595
1362.5,0.6135418430270378
1363.0,0.6212039794404489
1363.5,0.6275959015844358
1364.0,0.6326415144923354
1364.5,0.6378538625911941
1365.0,0.6439396431330153
1365.5,0.6501482324493785
1366.0,0.6552752531457964
1366.5,0.6590025346989287
1367.0,0.6621067627059404
1367.5,0.6654507746287864
1368.0,0.6689406035526921
1368.5,0.6716411663231459
1369.0,0.6729741216051376
1369.5,0.6737403191608776
1370.0,0.6757811222972003
1370.5,0.6801373415249858
1371.0,0.6853043171549146
1371.5,0.6883247227441783
1372.0,0.6877492992908114
1372.5,0.684939270114463
1373.0,0.6826695186914103
1373.5,0.6827364828153766
1374.0,0.6846713369549712
1374.5,0.6865044161012558
1375.0,0.6864681993603684
1375.5,0.683990271061615
1376.0,0.6796980682074039
1376.5,0.6747605994836636
1377.0,0.6701027936310668
1377.5,0.6657376358228921
1378.0,0.6608355158917009
1378.5,0.654640438703573
1379.0,0.6472820536405451
1379.5,0.6394703831006605
1380.0,0.6315827935760963
1380.5,0.6235776643618084
1381.0,0.6155540108098893
1381.5,0.6080315532939337
1382.0,0.6014101873286117
1382.5,0.5954007641051833
1383.0,0.589324511851216
1383.5,0.5830059198095443
1384.0,0.5767469627236409
1384.5,0.5703093907293229
1385.0,0.562799554421116
1385.5,0.5539495957062047
1386.0,0.5445011950741238
1386.5,0.5356434837861638
1387.0,0.5281415639835472
1387.5,0.5215377388603233
1388.0,0.5149372125699535
1388.5,0.5086630149280764
1389.0,0.503485770905329
1389.5,0.49925818072853806
1390.0,0.49538144791833566
1390.5,0.4920407111437213
1391.0,0.4904428234465177
1391.5,0.49124585482288835
1392.0,0.49268393929306276
1392.5,0.4924480127757238
1393.0,0.490512529863658
1393.5,0.488589111574291
1394.0,0.48824149593655103
1394.5,0.4894024216183184
1395.0,0.4906213367466896
1395.5,0.4913201399393933
1396.0,0.49191709534186423
1396.5,0.49159771362839166
1397.0,0.4890837524244409
1397.5,0.48473982455875736
1398.0,0.48047010005567503
1398.5,0.4784955811362671
1399.0,0.47939046464926127
1399.5,0.4810775144140738
1400.0,0.481110325973824
1400.5,0.47919784888238903
1401.0,0.4766237026169801
1401.5,0.47472362990810313
1402.0,0.47362113850539894
1402.5,0.4722925126338535
1403.0,0.47012028263450434
1403.5,0.46774088731871194
1404.0,0.466236403273332
1404.5,0.4659578581437674
1405.0,0.46614359822205964
1405.5,0.4660080002450599
1406.0,0.465816826881086
1406.5,0.4661058397275022
1407.0,0.46688426932137983
1407.5,0.4680917172705401
1408.0,0.46978291919672843
1408.5,0.47179527765109686
1409.0,0.4736134430141596
1409.5,0.4746443819578027
1410.0,0.47465722754041195
1410.5,0.47402587107504407
1411.0,0.47348667175963244
1411.5,0.4736378112825471
1412.0,0.4745356771215954
1412.5,0.47587063659091305
1413.0,0.47765719828541586
1413.5,0.48047038653641716
1414.0,0.4843291402721742
1414.5,0.4876907902328844
1415.0,0.4890831548099165
1415.5,0.48935657405657396
1416.0,0.4919817909708451
1416.5,0.4984590009654041
1417.0,0.5045634968186535
1417.5,0.5067983837261791
1418.0,0.50545157841606
1418.5,0.5032532745982378
1419.0,0.5040729845466562
1419.5,0.5089559297057226
1420.0,0.5149137985764409
1420.5,0.5198274433425341
1421.0,0.521696326123084
1421.5,0.5190033573918453
1422.0,0.5134208729261585
1422.5,0.5085349030708717
1423.0,0.5073169807567063
1423.5,0.5100891512274847
1424.0,0.5136975507785424
1424.5,0.5146619224361169
1425.0,0.5127019493288716
1425.5,0.510031032477265
1426.0,0.5089348182268056
1426.5,0.5099291918841811
1427.0,0.5113107885517302
1427.5,0.5109943368494169
1428.0,0.5085843328428585
1428.5,0.5053443123927563
1429.0,0.5029778134958048
1429.5,0.5022948539434374
1430.0,0.5024973724964186
1430.5,0.5024495470114816
1431.0,0.5019762335327013
1431.5,0.5010492391327581
1432.0,0.499096448929007
1432.5,0.49594072147739643
1433.0,0.4935238699442235
1433.5,0.496250405547986
1434.0,0.5031264687480985
1434.5,0.5068573118220807
1435.0,0.5050708173112408
1435.5,0.499935132399434
1436.0,0.49519499111364085
1436.5,0.4948244523820564
1437.0,0.49721981597729087
1437.5,0.4967998549779535
1438.0,0.4927358780642005
1438.5,0.48699012964653254
1439.0,0.48119550961021695
1439.5,0.4761494776651497
1440.0,0.4716872329426919
1440.5,0.4672515157033017
1441.0,0.462991230849457
1441.5,0.45992345600189194
1442.0,0.4589067624056542
1442.5,0.45966520989027887
1443.0,0.46120757589624994
1443.5,0.46301098874050717
1444.0,0.4655562838925537
1444.5,0.46924637177891065
1445.0,0.472915694568637
1445.5,0.47470169041938676
1446.0,0.47440916920761056
1446.5,0.47366549833024585
1447.0,0.4747204239477997
1447.5,0.47870241539928293
1448.0,0.4842042114671543
1448.5,0.48871766681299966
1449.0,0.4912308448131567
1449.5,0.4923052745921922
1450.0,0.4934184579523635
1450.5,0.4964187972360577
1451.0,0.5023683991307901
1451.5,0.5102625751439918
1452.0,0.5170298655321286
1452.5,0.5200013740796728
1453.0,0.5205182736025825
1453.5,0.525219998242644
1454.0,0.5372932374246115
1454.5,0.5485736911811885
1455.0,0.5522228102741638
1455.5,0.548439277042762
1456.0,0.5417827624052048
1456.5,0.5390682100901986
1457.0,0.5427519569636565
1457.5,0.5476157244993184
1458.0,0.550554013534002
1458.5,0.5526691562272462
1459.0,0.5559881736843166
1459.5,0.5620650434958451
1460.0,0.5713684792520155
1460.5,0.5838574753751025
1461.0,0.600126922138814
1461.5,0.6220125487962022
1462.0,0.6493597609782387
1462.5,0.6773459784620655
1463.0,0.7012988633245337
1463.5,0.7199636364542469
1464.0,0.7337512510731037
1464.5,0.7431415385569637
1465.0,0.7466285664093526
1465.5,0.7409833635036229
1466.0,0.7259022561509274
1466.5,0.7044140060648869
1467.0,0.680074743385191
1467.5,0.6563447485459886
1468.0,0.6368619787424452
1468.5,0.625026822989172
1469.0,0.6216336984482906
1469.5,0.6242867226372408
1470.0,0.6303507058628277
1470.5,0.6386753211246712
1471.0,0.6497612268410824
1471.5,0.6653672381010697
1472.0,0.6861083742314973
1472.5,0.7105996072080433
1473.0,0.7362439522672422
1473.5,0.7578499452022578
1474.0,0.7695117898325421
1474.5,0.7688447659583836
1475.0,0.7558500362106713
1475.5,0.7315724313085549
1476.0,0.697780955679913
1476.5,0.6560934950136013
1477.0,0.6095488087055948
1477.5,0.5630390901229403
1478.0,0.5196633239151323
1478.5,0.4801722873041705
1479.0,0.4450878082610541
1479.5,0.41584510214686243
1480.0,0.393674970790448
1480.5,0.37828812678793444
1481.0,0.36779663785206196
1481.5,0.35997022609609364
1482.0,0.35361704593210525
1482.5,0.3486934126284563
1483.0,0.345651043505221
1483.5,0.34511445243355227
1484.0,0.347300779616513
1484.5,0.35110955195404725
1485.0,0.35488658821361085
1485.5,0.3580662255195144
1486.0,0.3612209362919467
1486.5,0.3650202636211142
1487.0,0.3687504154337147
1487.5,0.37020535127068444
1488.0,0.3680848883086841
1488.5,0.3633804966805375
1489.0,0.3581707547283812
1489.5,0.35423631857253246
1490.0,0.3520887890724258
1490.5,0.35081130543873795
1491.0,0.3489406565328909
1491.5,0.3452114490785926
1492.0,0.33966825493454184
1492.5,0.33482191435981945
1493.0,0.33457917738102294
1493.5,0.3380482310066463
1494.0,0.33947130715641316
1494.5,0.3367088367587932
1495.0,0.33194622387590644
1495.5,0.32978184945840133
1496.0,0.3334087447078526
1496.5,0.3391707685163664
1497.0,0.34163502200999063
1497.5,0.34081464642726594
1498.0,0.3391606807709071
1498.5,0.3383063911210181
1499.0,0.3380958500660169
1499.5,0.33742359766540914
1500.0,0.3368071879410481
1500.5,0.3373821037387082
1501.0,0.33897317057703763
1501.5,0.34090459383533106
1502.0,0.3437407350543078
1502.5,0.3498254487681209
1503.0,0.36074697516261256
1503.5,0.373865371920258
1504.0,0.3831993016592907
1504.5,0.3853515474552742
1505.0,0.3828637288167494
1505.5,0.38117708981378784
1506.0,0.3839319975155865
1506.5,0.3898235251076582
1507.0,0.393476852795003
1507.5,0.39107292883249395
1508.0,0.3842839527045548
1508.5,0.37745498573964636
1509.0,0.37335384500776536
1509.5,0.3707659517156182
1510.0,0.3666696448433342
1510.5,0.36058740279727763
1511.0,0.35503259437235196
1511.5,0.3527031357736322
1512.0,0.35372703492812674
1512.5,0.35525349638680676
1513.0,0.35512836589607905
1513.5,0.3541240316115082
1514.0,0.35361247471899127
1514.5,0.3533827573062384
1515.0,0.3529289294478734
1515.5,0.3524525832193468
1516.0,0.3529144468953194
1516.5,0.3554049513194064
1517.0,0.35955168513394803
1517.5,0.36336925873918174
1518.0,0.3662604184610829
1518.5,0.36912514125001034
1519.0,0.37189473733140405
1519.5,0.3737538049827255
1520.0,0.37460382674484766
1520.5,0.37488682381830607
1521.0,0.37491388370151574
1521.5,0.3752377746464631
1522.0,0.37636036613029833
1522.5,0.37752770435976
1523.0,0.37738735948221824
1523.5,0.37588669146112685
1524.0,0.37364880421378466
1524.5,0.3705658583562478
1525.0,0.3659766498591045
1525.5,0.35961509603012654
1526.0,0.3520874871303796
1526.5,0.3449891423474136
1527.0,0.3400329950706671
1527.5,0.3380959649774078
1528.0,0.3384798662577902
1528.5,0.3391307928469982
1529.0,0.3382272016587161
1529.5,0.3361512056057432
1530.0,0.33511499677323325
1530.5,0.33613730974053274
1531.0,0.3374864480863659
1531.5,0.3379645619433873
1532.0,0.33778354317482545
1532.5,0.33803229231736465
1533.0,0.3405869260450256
1533.5,0.3458496174036705
1534.0,0.35150055853095663
1534.5,0.35571463479672605
1535.0,0.3580930768362301
1535.5,0.3590268106714195
1536.0,0.3612532686084722
1536.5,0.3671702275250278
1537.0,0.37256779732937284
1537.5,0.3733054605726064
1538.0,0.3704131321358525
1538.5,0.3682616497200685
1539.0,0.37272143533269014
1539.5,0.3830044406974486
1540.0,0.3897702019726772
1540.5,0.3886308270160706
1541.0,0.3827536947022783
1541.5,0.37743053139479277
1542.0,0.37610997946767943
1542.5,0.3764268736444024
1543.0,0.37373933102870543
1543.5,0.3676744471905052
1544.0,0.36103021637938787
1544.5,0.35660262953011257
1545.0,0.35536838093311585
1545.5,0.356490202384157
1546.0,0.3591421797214326
1546.5,0.3618733135990763
1547.0,0.36148827414623774
1547.5,0.35702110624616457
1548.0,0.35207899364718753
1548.5,0.3503835594655103
1549.0,0.35318863695039504
1549.5,0.3583020232488908
1550.0,0.3614944080485034
1550.5,0.3620718509516182
1551.0,0.3640340297068884
1551.5,0.3672743929065826
1552.0,0.3678261610969218
1552.5,0.3656553722642317
1553.0,0.3630923934729578
1553.5,0.3624684375848194
1554.0,0.36624505434032806
1554.5,0.37620662202367966
1555.0,0.3925137582708321
1555.5,0.40539923867227984
1556.0,0.4020382863872837
1556.5,0.3860217751134578
1557.0,0.3724113661478076
1557.5,0.3707403034119206
1558.0,0.3789893898647998
1558.5,0.38622578358899357
1559.0,0.38259191649541036
1559.5,0.3718986643603503
1560.0,0.364369710533185
1560.5,0.3637012851061704
1561.0,0.3659143482372835
1561.5,0.3671683346094369
1562.0,0.36504421768089146
1562.5,0.35981767151496663
1563.0,0.3543576307112833
1563.5,0.3511070758400598
1564.0,0.35090969572752634
1564.5,0.3526865124160693
1565.0,0.35380025492941425
1565.5,0.3527696389407954
1566.0,0.35101872987141597
1566.5,0.3509932844086344
1567.0,0.3523397317713886
1567.5,0.35217810821961454
1568.0,0.3498782522114022
1568.5,0.34745502172531134
1569.0,0.34743670329855136
1569.5,0.3511568607931336
1570.0,0.3574585809595551
1570.5,0.36405345611702333
1571.0,0.3693018145387845
1571.5,0.37166572141468296
1572.0,0.3700648693111426
1572.5,0.36564901899577945
1573.0,0.3641377906358582
1573.5,0.3691798665007983
1574.0,0.37422699687125777
1574.5,0.37397369235671374
1575.0,0.36827994783630125
1575.5,0.3600682827690648
1576.0,0.35501176315917615
1576.5,0.3558641513474843
1577.0,0.35830588825453746
1577.5,0.3595326789916782
1578.0,0.35972263522242953
1578.5,0.3596393755194016
1579.0,0.3598239807952866
1579.5,0.3603102933982194
1580.0,0.36077920662242224
1580.5,0.3608662434448089
1581.0,0.36047839995919345
1581.5,0.36003765564322365
1582.0,0.36019250203122083
1582.5,0.36117583133901954
1583.0,0.362612407694441
1583.5,0.3638594606524157
1584.0,0.364457070757755
1584.5,0.36448502930421023
1585.0,0.3647038006005732
1585.5,0.36611306111605463
1586.0,0.36906910588268926
1586.5,0.373131124075108
1587.0,0.377925706074317
1587.5,0.3836179517456585
1588.0,0.38995373813452133
1588.5,0.39553060842348475
1589.0,0.39922623262936385
1589.5,0.40183822067188846
1590.0,0.4052861521775236
1590.5,0.41025798760503307
1591.0,0.41531009604435964
1591.5,0.41841576658023566
1592.0,0.4193233250056864
1592.5,0.41998017630681916
1593.0,0.42283508181691776
1593.5,0.42860832702082896
1594.0,0.4355423815771643
1594.5,0.4409725776630681
1595.0,0.44390750508889265
1595.5,0.44560550349169675
1596.0,0.4480309911568393
1596.5,0.4525424141361993
1597.0,0.45952902744165236
1597.5,0.4683767120648954
1598.0,0.4776578608772996
1598.5,0.4858211930908739
1599.0,0.49222767857334426
1599.5,0.49727523455612566
1600.0,0.5019836277726701
1600.5,0.5076702130380684
1601.0,0.5153044222300021
1601.5,0.5244835709544123
1602.0,0.5336443021246806
1602.5,0.5418803389766329
1603.0,0.5497651623065508
1603.5,0.5581791029889821
1604.0,0.5669136709210352
1604.5,0.5754672279561183
1605.0,0.5843869441214337
1605.5,0.5949852950855001
1606.0,0.6078462479118069
1606.5,0.6221007602428694
1607.0,0.635941408311206
1607.5,0.6479540753273816
1608.0,0.6584349421874183
1608.5,0.6694751902353987
1609.0,0.6832178215213651
1609.5,0.6997322953507619
1610.0,0.7176438113274967
1610.5,0.7363217034712259
1611.0,0.7557847306703119
1611.5,0.7747515912862817
1612.0,0.7910649431047746
1612.5,0.8047770098729523
1613.0,0.821806428139914
1613.5,0.8522528220798485
1614.0,0.8924209466087759
1614.5,0.9263621676548752
1615.0,0.9503514495080914
1615.5,0.9697811486334285
1616.0,0.9934613572835371
1616.5,1.0306972293604906
1617.0,1.0770745194282187
1617.5,1.1197473160461193
1618.0,1.1568231643152025
1618.5,1.1913565996772777
1619.0,1.2252565471508734
1619.5,1.2609616129355028
1620.0,1.3032706118263204
1620.5,1.3550154851568748
1621.0,1.4093590627517267
1621.5,1.458546057982324
1622.0,1.5041548324951628
1622.5,1.552308023807464
1623.0,1.6071633828247789
1623.5,1.6675923668977726
1624.0,1.728593498173931
1624.5,1.7891946394684557
1625.0,1.8493222226949413
1625.5,1.904885985470588
1626.0,1.9554057665030649
1626.5,2.005077298889542
1627.0,2.0581407223732047
1627.5,2.1154805281541122
1628.0,2.172610938082616
1628.5,2.223083512552911
1629.0,2.2658953608823893
1629.5,2.3049346491888847
1630.0,2.3439772826962155
1630.5,2.382267524513845
1631.0,2.4158238290961296
1631.5,2.4444931643222128
1632.0,2.479804259539049
1632.5,2.5292674607971737
1633.0,2.571215814697509
1633.5,2.593534506117372
1634.0,2.6041548979756364
1634.5,2.6132384123074344
1635.0,2.6326129660469153
1635.5,2.6632532586370163
1636.0,2.6852760385709122
1636.5,2.6957747267519596
1637.0,2.703885815694997
1637.5,2.7116363406196218
1638.0,2.715825726039783
1638.5,2.7145884391185655
1639.0,2.7100317248532533
1639.5,2.706245661100649
1640.0,2.7055425431726734
1640.5,2.7062080336933367
1641.0,2.7052040759005465
1641.5,2.7013457506320666
1642.0,2.6956928781777654
1642.5,2.6912898951534423
1643.0,2.6901540102768444
1643.5,2.688846420433271
1644.0,2.6804389370132773
1644.5,2.661389226535235
1645.0,2.6384325825075368
1645.5,2.6244961085595775
1646.0,2.6219622044732835
1646.5,2.6211940818927597
1647.0,2.615935114474634
1647.5,2.606057453384014
1648.0,2.5917379098814752
1648.5,2.570452307847215
1649.0,2.5365591775645844
1649.5,2.4948191775226336
1650.0,2.4714249647996214
1650.5,2.462847663775268
1651.0,2.44625155318281
1651.5,2.420927511111767
1652.0,2.389306886560435
1652.5,2.3599366310883383
1653.0,2.348632591433718
1653.5,2.341505366349964
1654.0,2.322988916283313
1654.5,2.2972215128726705
1655.0,2.2687921659442845
1655.5,2.2400722368342003
1656.0,2.2119666981275348
1656.5,2.184371755403813
1657.0,2.1573095906786
1657.5,2.13052103027836
1658.0,2.103414432093718
1658.5,2.0756050952809546
1659.0,2.0471908104371743
1659.5,2.018855831889817
1660.0,1.9918310122817473
1660.5,1.9666842078030113
1661.0,1.942693872722055
1661.5,1.9183721545039487
1662.0,1.8932215868626585
1662.5,1.8680209546067925
1663.0,1.8425775666633795
1663.5,1.8160067658401664
1664.0,1.788773769659148
1664.5,1.7612671279608507
1665.0,1.732002289040944
1665.5,1.6990056466866028
1666.0,1.6644511818863197
1666.5,1.634597132589584
1667.0,1.609375283914521
1667.5,1.5828655035615253
1668.0,1.5512891886266713
1668.5,1.5168146943169203
1669.0,1.4856428359873706
1669.5,1.4605353071614269
1670.0,1.4380841594454667
1670.5,1.4136700075361521
1671.0,1.3838352214181113
1671.5,1.3472906603130699
1672.0,1.3092351363510035
1672.5,1.2802825563708582
1673.0,1.2597859303814372
1673.5,1.2387693250177696
1674.0,1.213343264126469
1674.5,1.1846646766968865
1675.0,1.1575942502645022
1675.5,1.1373124822937024
1676.0,1.1209888821182514
1676.5,1.1022498404362286
1677.0,1.0779429777907215
1677.5,1.0492455495384123
1678.0,1.0208754732554741
1678.5,0.9961246687711021
1679.0,0.9747823395926102
1679.5,0.9546214868947127
1680.0,0.9333724676073618
1680.5,0.9109250437260845
1681.0,0.8883629092249061
1681.5,0.8643824683188983
1682.0,0.8391660759067145
1682.5,0.8141846137796659
1683.0,0.7900144800104174
1683.5,0.768184841650068
1684.0,0.7493731786089634
1684.5,0.7307276388328675
1685.0,0.7104351495888993
1685.5,0.6890722888418461
1686.0,0.667002575463957
1686.5,0.6444188977785527
1687.0,0.621158980386619
1687.5,0.5975308962279459
1688.0,0.5746802174256445
1688.5,0.5535158360118658
1689.0,0.5345311796514577
1689.5,0.5178523096169184
1690.0,0.5030765455072417
1690.5,0.48888312093727165
1691.0,0.47356795707353844
1691.5,0.4559142110516592
1692.0,0.4377676349473713
1692.5,0.42821567105701547
1693.0,0.43263149652092914
1693.5,0.43778921179961733
1694.0,0.43451532068492876
1694.5,0.4236056653900368
1695.0,0.40946265736438103
1695.5,0.39967553701669195
1696.0,0.3963658316559089
1696.5,0.3908255851492513
1697.0,0.3902366246684815
1697.5,0.4036138196314458
1698.0,0.40903370436989395
1698.5,0.4010100914926781
1699.0,0.3859012269303818
1699.5,0.3699837020688263
1700.0,0.3649142887291225
1700.5,0.3745315529364128
1701.0,0.3814068806084093
1701.5,0.3803570795598373
1702.0,0.37324383441911213
1702.5,0.363045846667692
1703.0,0.3540132698724057
1703.5,0.348817016776699
1704.0,0.34622609547917527
1704.5,0.3431058832035584
1705.0,0.33836120195535224
1705.5,0.3337513739263311
1706.0,0.33105727835182147
1706.5,0.32977207298672145
1707.0,0.3280315889039207
1707.5,0.32546845237078037
1708.0,0.3231080135859184
1708.5,0.32164157420315626
1709.0,0.3210196561404146
1709.5,0.32086503199657623
1710.0,0.32101720344216994
1710.5,0.32215266419096017
1711.0,0.32567724412006194
1711.5,0.33227424638140357
1712.0,0.3393638139227306
1712.5,0.342913872198146
1713.0,0.3423471233593878
1713.5,0.3405865728378275
1714.0,0.34263077162593414
1714.5,0.3525118360077977
1715.0,0.3656951265984635
1715.5,0.3723509561544899
1716.0,0.37076226074664353
1716.5,0.3660562925013381
1717.0,0.363816173614431
1717.5,0.36740587257626467
1718.0,0.37432264683981126
1718.5,0.37883951159116946
1719.0,0.3797250407914807
1719.5,0.3793784984973981
1720.0,0.37969798339084987
1720.5,0.38050107618544554
1721.0,0.38024079919608955
1721.5,0.37822475811856676
1722.0,0.3755746741081718
1722.5,0.3741581466891959
1723.0,0.3747171226088792
1723.5,0.3762232996398227
1724.0,0.3774891739982671
1724.5,0.37853814252240253
1725.0,0.38007347476251413
1725.5,0.3826666124516987
1726.0,0.38678261228047467
1726.5,0.39279086678739555
1727.0,0.4001347502356481
1727.5,0.4069505844794165
1728.0,0.412070217601873
1728.5,0.41611128891566396
1729.0,0.4205272841634648
1729.5,0.4261483329636048
1730.0,0.4322185107293653
1730.5,0.4382332598247842
1731.0,0.4460387400745668
1731.5,0.4545953794134112
1732.0,0.45947147377017367
1732.5,0.45983703472891707
1733.0,0.45804009715634797
1733.5,0.45770440506864185
1734.0,0.4615189132052777
1734.5,0.4667228956132697
1735.0,0.4677866058982511
1735.5,0.4631807416538751
1736.0,0.45562681468752375
1736.5,0.4497079860202221
1737.0,0.4470784231542698
1737.5,0.44455385217342347
1738.0,0.43951175946407806
1738.5,0.43294031399743765
1739.0,0.4282659186592077
1739.5,0.4285257115593784
1740.0,0.43187164170703124
1740.5,0.4325765983579938
1741.0,0.42856263505864445
1741.5,0.42282127867798447
1742.0,0.4193585950730047
1742.5,0.4200773610575471
1743.0,0.4237688062813311
1743.5,0.4274170352900407
1744.0,0.4295314724637149
1744.5,0.43107115252313755
1745.0,0.4333721300922481
1745.5,0.4360263722454821
1746.0,0.4369906923314041
1746.5,0.43535218745426774
1747.0,0.43285176738778053
1747.5,0.43291274565949184
1748.0,0.4380651215323713
1748.5,0.4445375264153244
1749.0,0.4450987417987955
1749.5,0.439041417726165
1750.0,0.43121222015115795
1750.5,0.42695209375664084
1751.0,0.4285517976729704
1751.5,0.43202587078223326
1752.0,0.4317443539288605
1752.5,0.4275643189749047
1753.0,0.42236418271194
1753.5,0.4178417478480282
1754.0,0.4133369646514748
1754.5,0.4075080500682984
1755.0,0.40053626910477735
1755.5,0.3937456691079933
1756.0,0.3880267433265071
1756.5,0.3828315110694493
1757.0,0.3768422498108798
1757.5,0.3702490766117714
1758.0,0.3653136015805474
1758.5,0.3634235569032044
1759.0,0.36202089675096794
1759.5,0.3576683080079393
1760.0,0.35044085868699354
1760.5,0.3429491323180716
1761.0,0.337952548965395
1761.5,0.33621276516740195
1762.0,0.33534902298462915
1762.5,0.33295738223693117
1763.0,0.32913259744932605
1763.5,0.32495319273011075
1764.0,0.3214859782635251
1764.5,0.3196397642159886
1765.0,0.31901963099671693
1765.5,0.31711013724856646
1766.0,0.31221478340416176
1766.5,0.3056056398879819
1767.0,0.30005476875373505
1767.5,0.29755401378054713
1768.0,0.2971878207528522
1768.5,0.2961276867521667
1769.0,0.2948462246557765
1769.5,0.2956292475455021
1770.0,0.2958612461942486
1770.5,0.29241477710670644
1771.0,0.2866892880191079
1771.5,0.28212471701519
1772.0,0.28270654354506775
1772.5,0.28866174316789933
1773.0,0.2936574594098358
1773.5,0.29279512234713173
1774.0,0.2874896267023462
1774.5,0.2812972527120968
1775.0,0.2768271819128736
1775.5,0.2745007038990482
1776.0,0.2733027208648646
1776.5,0.27322743868163585
1777.0,0.2754832630655036
1777.5,0.27925815377453
1778.0,0.2809301457841622
1778.5,0.27853973557961076
1779.0,0.27415836872188193
1779.5,0.271073686290158
1780.0,0.270731183821403
1780.5,0.27178808853016667
1781.0,0.2721588018750367
1781.5,0.27203700162416034
1782.0,0.27253468187415236
1782.5,0.2727604558688166
1783.0,0.2712318875216579
1783.5,0.2678893882124161
1784.0,0.2640119408776593
1784.5,0.2609095536924152
1785.0,0.25831323929507377
1785.5,0.25466504046412985
1786.0,0.2497369365840356
1786.5,0.24554019616706613
1787.0,0.24453868226740183
1787.5,0.24712584127729903
1788.0,0.2508871256736137
1788.5,0.2536454731982998
1789.0,0.25629065275503127
1789.5,0.25999328110237696
1790.0,0.26261319948480694
1790.5,0.26268433941273306
1791.0,0.2617533399080613
1791.5,0.2620342554164477
1792.0,0.26551314789085795
1792.5,0.27110888034958763
1793.0,0.27375929410491057
1793.5,0.27086870027223175
1794.0,0.2647934766819309
1794.5,0.2587580492922576
1795.0,0.25470585418555225
1795.5,0.25295104319037187
1796.0,0.252548955737499
1796.5,0.25218785630253987
1797.0,0.25101190712567306
1797.5,0.24951195029967546
1798.0,0.2489724910598105
1798.5,0.25023880349867395
1799.0,0.2528260818834146
1799.5,0.255045731993882
1800.0,0.2553835236026655
1800.5,0.2539352196149794
1801.0,0.2518960968119511
1801.5,0.2502797533903791
1802.0,0.2490638096039313
1802.5,0.24733929550253114
1803.0,0.24452429383391847
1803.5,0.24129646425435958
1804.0,0.23903339947385552
1804.5,0.23831239059432702
1805.0,0.23835678734585414
1805.5,0.23828664458168128
1806.0,0.23869681063165796
1806.5,0.2412100323156952
1807.0,0.2461353731340485
1807.5,0.2508610019169352
1808.0,0.25228546661536116
1808.5,0.2503273753303125
1809.0,0.2474067867782069
1809.5,0.2455211242084877
1810.0,0.24478962700272783
1810.5,0.2438436211385959
1811.0,0.24149622037054366
1811.5,0.23785455904790123
1812.0,0.23361631246209671
1812.5,0.22966887148075243
1813.0,0.22734524335509326
1813.5,0.22751233831609896
1814.0,0.22910089761958757
1814.5,0.22962923677695615
1815.0,0.2279760303260786
1815.5,0.22577933127760158
1816.0,0.2257456565510864
1816.5,0.22889709373646827
1817.0,0.2335601219863981
1817.5,0.23677963525046053
1818.0,0.2370481404516584
1818.5,0.23523760448030107
1819.0,0.2331071972866379
1819.5,0.23145397220681982
1820.0,0.22997911031885443
1820.5,0.22859908711626933
1821.0,0.2285163809768986
1821.5,0.2314056135980072
1822.0,0.23648117619162018
1822.5,0.23952826165699714
1823.0,0.23793177736059276
1823.5,0.23379643419296037
1824.0,0.23117047312277178
1824.5,0.23308679306162428
1825.0,0.2393126331971973
1825.5,0.24643085845054968
1826.0,0.251871414638233
1826.5,0.25527135603301326
1827.0,0.25606103418698295
1827.5,0.25396625368370673
1828.0,0.2503061325714786
1828.5,0.24720280191435479
1829.0,0.2465026537501267
1829.5,0.2484007979061122
1830.0,0.2506440070323349
1830.5,0.2510717741773336
1831.0,0.24969490105999465
1831.5,0.24722341405181564
1832.0,0.24384899547539607
1832.5,0.23984520253804673
1833.0,0.23588654111384577
1833.5,0.23254096071009522
1834.0,0.22979104015704618
1834.5,0.227485685468635
1835.0,0.2259053685077265
1835.5,0.22536902872570463
1836.0,0.2254661325062263
1836.5,0.22526794022860042
1837.0,0.22453727282326277
1837.5,0.22452206554975515
1838.0,0.2265907104064884
1838.5,0.23027565537796632
1839.0,0.23325972001099213
1839.5,0.2338023895328487
1840.0,0.23281785351878856
1840.5,0.23375260167927886
1841.0,0.23895413244043812
1841.5,0.24479374681232768
1842.0,0.24554910610203326
1842.5,0.24084629502864455
1843.0,0.23451597790652026
1843.5,0.23118074639912115
1844.0,0.23272162960480494
1844.5,0.235242325565218
1845.0,0.23427895301599883
1845.5,0.23073742713081272
1846.0,0.228139749217724
1846.5,0.22857001334268987
1847.0,0.23132774590331454
1847.5,0.23379159967254487
1848.0,0.23430315093677231
1848.5,0.23359002219991115
1849.0,0.2331465369967013
1849.5,0.23331011041762684
1850.0,0.2335755422699604
1850.5,0.23368749193381166
1851.0,0.23384081820539426
1851.5,0.2338240454376252
1852.0,0.23282327024367072
1852.5,0.23032426598652217
1853.0,0.22710999249973504
1853.5,0.22495336711752306
1854.0,0.22519239776517858
1854.5,0.2275577526774813
1855.0,0.23036257178984784
1855.5,0.23174547341512686
1856.0,0.23108953584508357
1856.5,0.22936150159654356
1857.0,0.22794947508735144
1857.5,0.22736187314155115
1858.0,0.22718937235717604
1858.5,0.22712695236054142
1859.0,0.22758348935209782
1859.5,0.2289997277725954
1860.0,0.2307256883936215
1860.5,0.2312363874231318
1861.0,0.22961909030830613
1861.5,0.2264283961544532
1862.0,0.2227978219420926
1862.5,0.21926943257313208
1863.0,0.21592485844387055
1863.5,0.2134370799233583
1864.0,0.21307435486652482
1864.5,0.21549096341269025
1865.0,0.21961868018126068
1865.5,0.2233521431050626
1866.0,0.22465872032736514
1866.5,0.2229362120287457
1867.0,0.21998302801586433
1867.5,0.2187654700708167
1868.0,0.221160883150869
1868.5,0.22714292713849982
1869.0,0.2343994857586302
1869.5,0.23953755118765005
1870.0,0.24094753932636215
1870.5,0.2396826196168562
1871.0,0.23787283807059517
1871.5,0.23702668751798872
1872.0,0.23724718623822308
1872.5,0.23772757704008074
1873.0,0.2375553642008692
1873.5,0.2359840604582325
1874.0,0.2327470255757673
1874.5,0.22869602398333963
1875.0,0.22548680483576047
1875.5,0.2242246578618015
1876.0,0.22457113953618812
1876.5,0.2254527782963058
1877.0,0.22633053141711756
1877.5,0.22722499616027758
1878.0,0.22758284603056497
1878.5,0.2263341323538774
1879.0,0.22344380899314653
1879.5,0.22078865661724129
1880.0,0.22082219035297668
1880.5,0.22418843109378755
1881.0,0.22880567101291263
1881.5,0.23170167596592114
1882.0,0.23149234041493386
1882.5,0.22904216204353187
1883.0,0.2263272925867338
1883.5,0.22506304152565165
1884.0,0.22603249483034807
1884.5,0.22881103945514075
1885.0,0.2314659504776767
1885.5,0.2316606160812631
1886.0,0.22849961006055958
1886.5,0.22367692019810548
1887.0,0.22014547115333463
1887.5,0.21947292813572017
1888.0,0.22131001577639992
1888.5,0.22488282644633728
1889.0,0.2295452194169546
1889.5,0.23436623506156962
1890.0,0.23793957384986286
1890.5,0.2389208535020527
1891.0,0.23720626623570784
1891.5,0.23467257306433384
1892.0,0.2339784802380903
1892.5,0.23648205328042007
1893.0,0.24110813242730741
1893.5,0.24522401328401663
1894.0,0.24639502581448575
1894.5,0.2437075183610684
1895.0,0.2381840465073511
1895.5,0.23208047609830973
1896.0,0.22736765019947253
1896.5,0.22492326503170457
1897.0,0.22507057041369
1897.5,0.22780485561092054
1898.0,0.2323550045442535
1898.5,0.2366506523111993
1899.0,0.23855686200338702
1899.5,0.2373783396952343
1900.0,0.2343243211524948
1900.5,0.23149111370964096
1901.0,0.230930284947271
1901.5,0.23374483632822526
1902.0,0.23938167313256087
1902.5,0.24510031286151995
1903.0,0.2475786119626556
1903.5,0.245608176014404
1904.0,0.24095430628656725
1904.5,0.2361824592296599
1905.0,0.2326553337325301
1905.5,0.23108602567524383
1906.0,0.2324196132915817
1906.5,0.2368380892661941
1907.0,0.24203448711713108
1907.5,0.24419236480710438
1908.0,0.24200934931474263
1908.5,0.23829836850302047
1909.0,0.23697516302489985
1909.5,0.23908562228824792
1910.0,0.24181024980845464
1910.5,0.24153972800917234
1911.0,0.23793291826548338
1911.5,0.23413598033762362
1912.0,0.23320413530986875
1912.5,0.23479762529498333
1913.0,0.23601901866277644
1913.5,0.23535911331828102
1914.0,0.23524526940690182
1914.5,0.23980960145854688
1915.0,0.2485790614476277
1915.5,0.254978727709134
1916.0,0.2541608279416879
1916.5,0.24788189066104308
1917.0,0.24178746160092635
1917.5,0.2409796039406149
1918.0,0.24566851628614977
1918.5,0.2518433523646819
1919.0,0.2563054019651091
1919.5,0.2574570223241913
1920.0,0.25345133120157726
1920.5,0.2446904730341033
1921.0,0.2354859414566114
1921.5,0.23124096946981545
1922.0,0.23422101467150555
1922.5,0.2417909507579873
1923.0,0.2482447313893083
1923.5,0.24951414210506492
1924.0,0.2457743914197009
1924.5,0.24001173412352594
1925.0,0.2355271242389463
1925.5,0.23434215172508377
1926.0,0.23605227220875502
1926.5,0.23837747722647706
1927.0,0.23905395389122822
1927.5,0.23743119039607138
1928.0,0.23457324244183184
1928.5,0.2318759715080885
1929.0,0.2293415208374055
1929.5,0.22582568204512038
1930.0,0.2210206165120998
1930.5,0.21674173831415708
1931.0,0.21552199794120128
1931.5,0.21827508224610376
1932.0,0.2236008157431944
1932.5,0.22892068421938205
1933.0,0.23166965264580092
1933.5,0.2302367765451656
1934.0,0.2251592501692502
1934.5,0.21963411282521966
1935.0,0.2174091135368877
1935.5,0.21953461453679973
1936.0,0.22346338457120699
1936.5,0.22534013780122536
1937.0,0.22297380401542422
1937.5,0.2172031073455437
1938.0,0.2111397246449112
1938.5,0.20817624529492262
1939.0,0.20934973785193764
1939.5,0.21175148401169647
1940.0,0.21094391304160057
1940.5,0.2057612751972893
1941.0,0.19903672506006115
1941.5,0.19457041234933173
1942.0,0.19420713911454215
1942.5,0.1963207523200049
1943.0,0.19716204744667765
1943.5,0.19448714063312184
1944.0,0.18907834841269772
1944.5,0.18367219940606647
1945.0,0.18109183486958677
1945.5,0.18244094344741407
1946.0,0.18641704924827768
1946.5,0.19049061223935665
1947.0,0.19280674497445055
1947.5,0.19346354770392327
1948.0,0.1939931254797476
1948.5,0.1958025631978023
1949.0,0.19930973786491793
1949.5,0.2044037800052307
1950.0,0.21029650542077663
1950.5,0.21441779129532088
1951.0,0.2133344540015966
1951.5,0.2067630422997988
1952.0,0.19992420085397822
1952.5,0.1992194680548756
1953.0,0.2056977337580632
1953.5,0.21429498631212912
1954.0,0.21863732808081582
1954.5,0.216433781313007
1955.0,0.2114985757331509
1955.5,0.21051847927059758
1956.0,0.21641547269600578
1956.5,0.2238748008328303
1957.0,0.22316471463852988
1957.5,0.21054129096593294
1958.0,0.19331534408423506
1958.5,0.18203970790237903
1959.0,0.17898578360143502
1959.5,0.1768249198023354
1960.0,0.16798391793298895
1960.5,0.1529613419254291
1961.0,0.13959112231683105
1961.5,0.13514410798858129
1962.0,0.13955841497810412
1962.5,0.1470406983517861
1963.0,0.15340751558526736
1963.5,0.16046787515996264
1964.0,0.172451616373828
1964.5,0.1893851517057039
1965.0,0.20658206403098367
1965.5,0.22057703693312875
1966.0,0.23152505228282952
1966.5,0.2391213088238177
1967.0,0.24176456005429198
1967.5,0.24007094132280318
1968.0,0.23730315912935282
1968.5,0.23543610525378617
1969.0,0.23356784732485644
1969.5,0.23049603040358455
1970.0,0.2271143464132676
1970.5,0.224288776873922
1971.0,0.21958495007005
1971.5,0.20892902784619743
1972.0,0.19122115899246955
1972.5,0.17117130556651566
1973.0,0.1568286122004306
1973.5,0.1538325663473287
1974.0,0.15960452598153618
1974.5,0.16436191333184405
1975.0,0.16082990159541177
1975.5,0.15310645595298106
1976.0,0.15169869823389814
1976.5,0.160531364101776
1977.0,0.17331876172683136
1977.5,0.18212922596083797
1978.0,0.185728405291808
1978.5,0.18857141843631886
1979.0,0.19497715239313324
1979.5,0.20663291383496424
1980.0,0.2234615236774125
1980.5,0.242610915556503
1981.0,0.25663604680877505
1981.5,0.25769065784382245
1982.0,0.2462587367150364
1982.5,0.2337054007581364
1983.0,0.23254005339304587
1983.5,0.24374885626412326
1984.0,0.25614891891730446
1984.5,0.25866347522491306
1985.0,0.2509849725400317
1985.5,0.24121102751901075
1986.0,0.23625693727654
1986.5,0.23683240976035574
1987.0,0.2393256250952491
1987.5,0.23946834963173752
1988.0,0.23514966407457455
1988.5,0.22890947687820035
1989.0,0.2275673328451696
1989.5,0.23591848130341128
1990.0,0.25075411181753604
1990.5,0.263592587518375
1991.0,0.267879545092131
1991.5,0.26332806763539374
1992.0,0.2546717801298231
1992.5,0.24730316941851524
1993.0,0.24437598284424694
1993.5,0.24643666838329037
1994.0,0.2515577661567709
1994.5,0.2557157833690733
1995.0,0.2550442791978236
1995.5,0.24895701855225988
1996.0,0.24113058695060058
1996.5,0.23683739690306443
1997.0,0.23836379602331223
1997.5,0.2425937858183284
1998.0,0.24400268450281923
1998.5,0.2406914310725342
1999.0,0.2368920835398764
1999.5,0.23832564123161865
2000.0,0.24522228501639032
2000.5,0.25043870273009616
2001.0,0.24488141451229675
2001.5,0.225764224871861
2002.0,0.20106945507225416
2002.5,0.18495553938910314
2003.0,0.18665882437938874
2003.5,0.20190533746243697
2004.0,0.21487148460785632
2004.5,0.21208823158866924
2005.0,0.195295970138225
2005.5,0.17920801371270767
2006.0,0.17714874412059065
2006.5,0.18969707080880335
2007.0,0.20671220382754044
2007.5,0.21744243085488174
2008.0,0.2176717849472725
2008.5,0.2099492406592501
2009.0,0.2009093140661669
2009.5,0.19778713070310636
2010.0,0.20363108406450717
2010.5,0.21365639837467643
2011.0,0.21919608171072594
2011.5,0.21716068235050218
2012.0,0.21320405177605395
2012.5,0.21370933623500174
2013.0,0.21768998250366345
2013.5,0.2212489320373075
2014.0,0.22568640299031334
2014.5,0.23553943655455056
2015.0,0.249910638906009
2015.5,0.26131753637502997
2016.0,0.2634261597277925
2016.5,0.2570271315740671
2017.0,0.24612829062291686
2017.5,0.23203001796521808
2018.0,0.21493873091234122
2018.5,0.19926166276517046
2019.0,0.19194617899816335
2019.5,0.1947684086585976
2020.0,0.20073113271846907
2020.5,0.20139829759265573
2021.0,0.19402621096934533
2021.5,0.18294925455879224
2022.0,0.17485611434130335
2022.5,0.17339298619341545
2023.0,0.17740530405985594
2023.5,0.18388713784381566
2024.0,0.1901250701693929
2024.5,0.19548373184837425
2025.0,0.2015946425936423
2025.5,0.21011803823626085
2026.0,0.21987669437384888
2026.5,0.22643294473422673
2027.0,0.22620443395211803
2027.5,0.21993464284264003
2028.0,0.21111604800261935
2028.5,0.20188184484248237
2029.0,0.1922126730969716
2029.5,0.18228035799850523
2030.0,0.17438339313004617
2030.5,0.1712095323265658
2031.0,0.1726667622819637
2031.5,0.17560833662008907
2032.0,0.17601168718119892
2032.5,0.17071150032987936
2033.0,0.15935506838282035
2033.5,0.1472092588269123
2034.0,0.1427537080178534
2034.5,0.15079649575257195
2035.0,0.16629967137690418
2035.5,0.17635858775819557
2036.0,0.17112110451766316
2036.5,0.15396616974286975
2037.0,0.13883331047554742
2037.5,0.13706800403068184
2038.0,0.14720595154656568
2038.5,0.1579214819836248
2039.0,0.1603236943687911
2039.5,0.15612633961059802
2040.0,0.15405961475436428
2040.5,0.1608896288774378
2041.0,0.17644586822282196
2041.5,0.19448652218669066
2042.0,0.20719219703473346
2042.5,0.2103128952032955
2043.0,0.2067134560097469
2043.5,0.2051228546693183
2044.0,0.21365692178370907
2044.5,0.23193730386179126
2045.0,0.2502826255255977
2045.5,0.2575029972229976
2046.0,0.2507096990512613
2046.5,0.23793768303258142
2047.0,0.23099648591621874
2047.5,0.2350655393724553
2048.0,0.2451057029648797
2048.5,0.2509380093194351
2049.0,0.24636056201951806
2049.5,0.23483710319320147
2050.0,0.22635927926661892
2050.5,0.22801729893027936
2051.0,0.23814283962926056
2051.5,0.24857785220087508
2052.0,0.25196142684412987
2052.5,0.2469307906990788
2053.0,0.2378292095780094
2053.5,0.23061966475033055
2054.0,0.22869605071765914
2054.5,0.23157761390873888
2055.0,0.236680221030462
2055.5,0.24189934974689412
2056.0,0.2462371820016572
2056.5,0.2486622735848713
2057.0,0.2478315197145809
2057.5,0.24411804889875333
2058.0,0.2408362346134822
2058.5,0.24132493505796337
2059.0,0.24465942417222467
2059.5,0.245967892381469
2060.0,0.2420742871852385
2060.5,0.23600703639909393
2061.0,0.2339685152458672
2061.5,0.23879192430495783
2062.0,0.24671385618292657
2062.5,0.2506888014217754
2063.0,0.2461815758335122
2063.5,0.2344306329904705
2064.0,0.22125783282114556
2064.5,0.2134022968164626
2065.0,0.21392379523352384
2065.5,0.21954198066037636
2066.0,0.22299693468010792
2066.5,0.21918626262197646
2067.0,0.2095975024251362
2067.5,0.20013678576713756
2068.0,0.19584999162776265
2068.5,0.19795176884194493
2069.0,0.20427561262364402
2069.5,0.21131285761847873
2070.0,0.2166193863249087
2070.5,0.2202492990914789
2071.0,0.22435113695274747
2071.5,0.23072285752086952
2072.0,0.23844648423807402
2072.5,0.24459414181782507
2073.0,0.24748968180466124
2073.5,0.24837795041408678
2074.0,0.24989081497665488
2074.5,0.25379020071199376
2075.0,0.2597166264022808
2075.5,0.26491981490564176
2076.0,0.26604194608595616
2076.5,0.26243441667723794
2077.0,0.25727357255057887
2077.5,0.2544776434157977
2078.0,0.2546821382950775
2078.5,0.2552919144919719
2079.0,0.2540163082298513
2079.5,0.2509653756688659
2080.0,0.24699794647779028
2080.5,0.24254404773767416
2081.0,0.2388707352330173
2081.5,0.23819002046406812
2082.0,0.24088309362777127
2082.5,0.2438539887546814
2083.0,0.24309338517952897
2083.5,0.23856802364403182
2084.0,0.2349734056846442
2084.5,0.23681806132493521
2085.0,0.2430941131726995
2085.5,0.24774529789582514
2086.0,0.24523252911519633
2086.5,0.23589507895339276
2087.0,0.22587103326018554
2087.5,0.22170273780358435
2088.0,0.2246353667330853
2088.5,0.2299479561239644
2089.0,0.23143459537969532
2089.5,0.22694434981885386
2090.0,0.22018865577566676
2090.5,0.21691901450727896
2091.0,0.21928893440473854
2091.5,0.22414394527281928
2092.0,0.22686560024698987
2092.5,0.22609755524770575
2093.0,0.22386604988075587
2093.5,0.22186047259299263
2094.0,0.2195250331666525
2094.5,0.21593451885904857
2095.0,0.21205789550568127
2095.5,0.21010797909218332
2096.0,0.21113660473673476
2096.5,0.21374669364954635
2097.0,0.2156274417061012
2097.5,0.2158487322260589
2098.0,0.21536702347814562
2098.5,0.21552046389389048
2099.0,0.21657386268984224
2099.5,0.21788375416824168
2100.0,0.2195958983394955
2100.5,0.22326606886619504
2101.0,0.2296783143034131
2101.5,0.2369826673746392
2102.0,0.24188590855242378
2102.5,0.24258056153985216
2103.0,0.2399741355511007
2103.5,0.2362825852861926
2104.0,0.23288115990147204
2104.5,0.229898694221225
2105.0,0.2271331771134631
2105.5,0.22492313864389196
2106.0,0.22393408157273859
2106.5,0.22416493678033264
2107.0,0.22433648201871262
2107.5,0.22263353115709128
2108.0,0.21883737323131047
2108.5,0.21505423263532047
2109.0,0.2137591011627839
2109.5,0.21516548723643056
2110.0,0.21709859950089275
2110.5,0.21740056119511164
2111.0,0.21608245230772372
2111.5,0.2145140825103451
2112.0,0.2132526132534665
2112.5,0.21149839443714444
2113.0,0.20870519444259744
2113.5,0.20579256420917502
2114.0,0.20438231283189925
2114.5,0.20502934402168366
2115.0,0.20674341832003468
2115.5,0.2079752066429488
2116.0,0.20779492036624364
2116.5,0.20606611538438185
2117.0,0.20328943918212306
2117.5,0.20087063184528084
2118.0,0.20115430829288045
2118.5,0.20588730228822422
2119.0,0.21422659397349336
2119.5,0.2225548467653713
2120.0,0.22707233507352553
2120.5,0.2269471814393997
2121.0,0.22487484294383003
2121.5,0.2240926440947073
2122.0,0.2256442597701576
2122.5,0.2281909312400714
2123.0,0.2297634345570549
2123.5,0.22936693191299046
2124.0,0.22733672746880995
2124.5,0.22440051833066701
2125.0,0.22098718441106974
2125.5,0.21728720930993778
2126.0,0.21398229869612562
2126.5,0.2121922584078492
2127.0,0.21176587732341307
2127.5,0.21008412240044705
2128.0,0.2048197795190394
2128.5,0.1977747660833284
2129.0,0.19390149734183643
2129.5,0.19540410494419774
2130.0,0.1985271799799026
2130.5,0.1981832020080272
2131.0,0.19492463089292209
2131.5,0.19399876005203426
2132.0,0.19751513073737886
2132.5,0.2008004383258242
2133.0,0.19828073791557338
2133.5,0.19094024999582837
2134.0,0.18621590231175658
2134.5,0.1899624079961534
2135.0,0.20004287941094023
2135.5,0.2074251014344815
2136.0,0.20434116912470368
2136.5,0.1920071930108591
2137.0,0.1804314478809684
2137.5,0.1790196383446864
2138.0,0.18798340268454325
2138.5,0.19896128893884674
2139.0,0.20368912689292507
2139.5,0.2016457704002903
2140.0,0.19919575347280777
2140.5,0.2023054863353156
2141.0,0.21043930617075945
2141.5,0.21699872492561256
2142.0,0.21489626996617772
2142.5,0.20314593510043066
2143.0,0.18845898876149367
2143.5,0.18005656648830012
2144.0,0.18219143674337193
2144.5,0.19021216770051652
2145.0,0.1935521967940073
2145.5,0.1849685493502479
2146.0,0.16811478805976693
2146.5,0.15520938895716824
2147.0,0.155778945056204
2147.5,0.16823315610885814
2148.0,0.18263787525538971
2148.5,0.19121857712040624
2149.0,0.19243903727622483
2149.5,0.18798510085920694
2150.0,0.18020246899757889
2150.5,0.17357713588471135
2151.0,0.17333598035344522
2151.5,0.18086739790103207
2152.0,0.19091591790898857
2152.5,0.19538913497826682
2153.0,0.18879369431988102
2153.5,0.17044955822877608
2154.0,0.14503562191338437
2154.5,0.1230840969658818
2155.0,0.1146479355201808
2155.5,0.11902368961759306
2156.0,0.12376871805307266
2156.5,0.1178125225841246
2157.0,0.10361969717140754
2157.5,0.09338059819369618
2158.0,0.0952476932566103
2158.5,0.10685938854266294
2159.0,0.12049785416574063
2159.5,0.1309205580977938
2160.0,0.13868284129458966
2160.5,0.14772140906139897
2161.0,0.16122417796109095
2161.5,0.17834382225406806
2162.0,0.19399819140425695
2162.5,0.20245679086559742
2163.0,0.20272924833141703
2163.5,0.2008291463649748
2164.0,0.20417062903202354
2164.5,0.21313423590116737
2165.0,0.21996153096009982
2165.5,0.21700843831942834
2166.0,0.2058131989311087
2166.5,0.19687152561356708
2167.0,0.19938823047006649
2167.5,0.21090854921251528
2168.0,0.21872954994751753
2168.5,0.21352106036587248
2169.0,0.19939629402501136
2169.5,0.18882747690770013
2170.0,0.18825940122914536
2170.5,0.19248467019900445
2171.0,0.193978450327852
2171.5,0.19326681169159599
2172.0,0.19574590949888704
2172.5,0.20164441116022194
2173.0,0.2045791102420957
2173.5,0.2003533785630993
2174.0,0.19274332768472596
2174.5,0.18829885646569078
2175.0,0.18923346108775768
2175.5,0.19310272984341006
2176.0,0.19711108869170696
2176.5,0.20105451504668415
2177.0,0.2062890326748171
2177.5,0.2125760023703403
2178.0,0.21733642294156924
2178.5,0.21838118157010505
2179.0,0.2168600612106416
2179.5,0.21654813932472144
2180.0,0.21922523523122175
2180.5,0.2225226844400536
2181.0,0.22329771409977592
2181.5,0.2215636536466387
2182.0,0.21939281708803826
2182.5,0.21715462617908549
2183.0,0.21276968198361745
2183.5,0.20551315490391625
2184.0,0.19865221113935827
2184.5,0.19695383836008845
2185.0,0.2012449469340318
2185.5,0.20625305856252962
2186.0,0.20514540196960496
2186.5,0.19700687124652982
2187.0,0.1887886882174559
2187.5,0.1873084002168054
2188.0,0.18996428078669803
2188.5,0.18685287632400827
2189.0,0.17345520473011422
2189.5,0.15737453821961
2190.0,0.1518499648861325
2190.5,0.16249588713903756
2191.0,0.1817357782583699
2191.5,0.19681175823465602
2192.0,0.20190767202235657
2192.5,0.20081958244503958
2193.0,0.20062638585302148
2193.5,0.20456694438220632
2194.0,0.21120057604529166
2194.5,0.21854864823059378
2195.0,0.22562916980908038
2195.5,0.23024249302393066
2196.0,0.2293893862185422
2196.5,0.22295214547588596
2197.0,0.21520503032469018
2197.5,0.21079940679177842
2198.0,0.20994581611312868
2198.5,0.20895235788031116
2199.0,0.20579873111438945
2199.5,0.20299878339073923
2200.0,0.2043338762645874
2200.5,0.20970651747941776
2201.0,0.2144466633680335
2201.5,0.21349574518666087
2202.0,0.20619433163945183
2202.5,0.19648400091439133
2203.0,0.18904685991475653
2203.5,0.1858806279128546
2204.0,0.1865946999346351
2204.5,0.19040403390504257
2205.0,0.1967703960537902
2205.5,0.20446387193253002
2206.0,0.21115523033246186
2206.5,0.21493876508643847
2207.0,0.2156635795511709
2207.5,0.21509168728586459
2208.0,0.21637615135464874
2208.5,0.2223578953339647
2209.0,0.23276838797436408
2209.5,0.24365180493960495
2210.0,0.25022100073935016
2210.5,0.2510018806298059
2211.0,0.24890764860997827
2211.5,0.248139482404224
2212.0,0.25047073629266847
2212.5,0.25488714515711164
2213.0,0.2597238705973248
2213.5,0.264152992148797
2214.0,0.26747413397643094
2214.5,0.2681888049434399
2215.0,0.2653597546521247
2215.5,0.26057859732378175
2216.0,0.2565770087415361
2216.5,0.25417974961716905
2217.0,0.252319220784395
2217.5,0.25088176246391986
2218.0,0.25142471209021483
2218.5,0.25445501858481523
2219.0,0.25759874353318146
2219.5,0.25812309741648853
2220.0,0.2565075240116777
2220.5,0.2551238678550231
2221.0,0.25447811167884593
2221.5,0.25285566898415524
2222.0,0.24959844627366223
2222.5,0.24584192373751024
2223.0,0.24324419058008345
2223.5,0.24221016271721774
2224.0,0.24167565108688238
2224.5,0.24034650974278293
2225.0,0.23827432113439062
2225.5,0.23656258127695423
2226.0,0.23622251991908208
2226.5,0.23725849653798933
2227.0,0.2394097175730504
2227.5,0.24274537914633876
2228.0,0.24626831206644562
2228.5,0.24694113078585467
2229.0,0.24331589894525896
2229.5,0.23890532177769583
2230.0,0.23911816838628572
2230.5,0.24453877294715434
2231.0,0.24960786663442258
2231.5,0.24883951585245068
2232.0,0.24324772513094323
2232.5,0.23870805119829833
2233.0,0.23947046926597165
2233.5,0.2447058603912264
2234.0,0.25023363825353395
2234.5,0.25227941296635886
2235.0,0.250361119776062
2235.5,0.24755422464823743
2236.0,0.24729384407587568
2236.5,0.2503089935460853
2237.0,0.25483761327396953
2237.5,0.2588379630187693
2238.0,0.2609622865754623
2238.5,0.260296092008377
2239.0,0.2569548739481735
2239.5,0.25340273263077084
2240.0,0.2533920760235947
2240.5,0.25839081042722883
2241.0,0.26490976700178726
2241.5,0.26699984415619643
2242.0,0.26181181335847736
2242.5,0.25265146212811646
2243.0,0.2458377800740958
2243.5,0.24513122888284014
2244.0,0.2487204925193143
2244.5,0.2516902655664263
2245.0,0.2509673804382031
2245.5,0.24783333078258737
2246.0,0.24583344881561747
2246.5,0.24692128279422465
2247.0,0.24960419513221946
2247.5,0.25066721011372783
2248.0,0.24889137237201603
2248.5,0.24705254801975862
2249.0,0.24885983016996213
2249.5,0.25420545269698835
2250.0,0.2589625415673399
2250.5,0.25984297580671395
2251.0,0.2580134920453948
2251.5,0.2567741770452346
2252.0,0.2569614079650762
2252.5,0.25706334130962283
2253.0,0.2568057991709768
2253.5,0.25801297001015866
2254.0,0.26163157981067114
2254.5,0.26561836828733765
2255.0,0.2668156215677109
2255.5,0.2645601610403554
2256.0,0.26142278667741503
2256.5,0.26068760691583565
2257.0,0.26313718273938685
2257.5,0.2660345415521527
2258.0,0.2654126534722875
2258.5,0.2598674197234217
2259.0,0.25207408187321206
2259.5,0.24677012701804835
2260.0,0.24701599808659055
2260.5,0.25135413059259054
2261.0,0.2547473097435171
2261.5,0.2528403577072751
2262.0,0.24632958448340958
2262.5,0.24056343496662513
2263.0,0.23982266495111884
2263.5,0.24323572670740198
2264.0,0.24686012688897088
2264.5,0.24839977516156408
2265.0,0.24844017363867138
2265.5,0.24801860451206928
2266.0,0.24707557140761094
2266.5,0.24597438345290837
2267.0,0.2460408066850222
2267.5,0.24771318894851152
2268.0,0.24950058336504877
2268.5,0.24981966602813183
2269.0,0.2490172186608797
2269.5,0.24838047576326075
2270.0,0.24841142821407397
2270.5,0.24873717032682996
2271.0,0.24908461761968617
2271.5,0.24966889657065372
2272.0,0.25074960908619354
2272.5,0.2518898874132163
2273.0,0.2522847534375133
2273.5,0.25181724877164524
2274.0,0.2514459967749185
2274.5,0.25235444502451554
2275.0,0.2548296461871283
2275.5,0.25800031795763856
2276.0,0.2605699334528069
2276.5,0.2621058292142152
2277.0,0.26275920123203533
2277.5,0.26259555303453735
2278.0,0.2614613170416529
2278.5,0.25937797502898197
2279.0,0.2571025768453934
2279.5,0.2563078644165178
2280.0,0.25805997498951605
2280.5,0.2612007960688141
2281.0,0.26238711677232174
2281.5,0.2585822545904803
2282.0,0.2501297262454472
2282.5,0.24118124289829557
2283.0,0.23644795968906188
2283.5,0.23750008695912667
2284.0,0.2423135812601331
2284.5,0.247639312259138
2285.0,0.25142738893660077
2285.5,0.2532544987402537
2286.0,0.25330785457330535
2286.5,0.25198555549095647
2287.0,0.2510841290002926
2287.5,0.25334203637998187
2288.0,0.25963089229470965
2288.5,0.2671551260477591
2289.0,0.2716311227778181
2289.5,0.27166374236788404
2290.0,0.26968130826395814
2290.5,0.2689338105142356
2291.0,0.270601103178867
2291.5,0.2736554078844941
2292.0,0.27641513287479136
2292.5,0.27800357943147447
2293.0,0.2786380781142965
2293.5,0.2794143597546357
2294.0,0.28134516182706215
2294.5,0.2839749995247463
2295.0,0.2854711124177329
2295.5,0.2848572585812995
2296.0,0.2839252551078679
2296.5,0.28555493732775783
2297.0,0.2903563415871295
2297.5,0.29563997380083246
2298.0,0.29830584579302866
2298.5,0.2983401990524245
2299.0,0.2985255639151181
2299.5,0.30074606677057725
2300.0,0.3041839235421349
2300.5,0.3071060086818028
2301.0,0.3088436436651931
2301.5,0.3096603060561126
2302.0,0.3103078024067767
2302.5,0.3123711313837554
2303.0,0.3173805696807784
2303.5,0.324966123256516
2304.0,0.33187220460756645
2304.5,0.3352141051319074
2305.0,0.3359931769466524
2305.5,0.3373001662571074
2306.0,0.340886553928478
2306.5,0.3467324317431141
2307.0,0.3535951199568135
2307.5,0.35954583243596067
2308.0,0.3625182989166088
2308.5,0.3622858049739407
2309.0,0.3617614450839084
2309.5,0.36367927761142327
2310.0,0.36736033670530177
2310.5,0.3702236653703134
2311.0,0.3714218001879249
2311.5,0.3723003687334264
2312.0,0.37460360206317966
2312.5,0.3786856527398562
2313.0,0.3841376780950233
2313.5,0.39027400281906865
2314.0,0.39573797156823054
2314.5,0.3990235480819817
2315.0,0.4008570020097591
2315.5,0.4032565943527928
2316.0,0.40758946708941135
2316.5,0.4132395600996321
2317.0,0.4188714986376747
2317.5,0.42361101644124916
2318.0,0.42756822241483144
2318.5,0.4308336020238005
2319.0,0.43330013441702425
2319.5,0.434694821598458
2320.0,0.43629013634907127
2320.5,0.440331494204648
2321.0,0.44676312464752055
2321.5,0.45201507207322433
2322.0,0.45270857631778905
2322.5,0.4494363384788973
2323.0,0.4460624001166224
2323.5,0.44560642638954784
2324.0,0.44821175216124126
2324.5,0.4519663142175345
2325.0,0.454841275008728
2325.5,0.45584083791585084
2326.0,0.4547507267641056
2326.5,0.45194611907184395
2327.0,0.4489327729006356
2327.5,0.44729027159576706
2328.0,0.4474328531230347
2328.5,0.4481248224009053
2329.0,0.4477803186023099
2329.5,0.4464873755102121
2330.0,0.4459781844326428
2330.5,0.44725102190946187
2331.0,0.4492103599230331
2331.5,0.44990782940588336
2332.0,0.4491580790438012
2332.5,0.4487944456695334
2333.0,0.4500100047168841
2333.5,0.4518843418761095
2334.0,0.4529367648447644
2334.5,0.4529899335859798
2335.0,0.45296729346648323
2335.5,0.45349649381055734
2336.0,0.4542487005951657
2336.5,0.4548423150070472
2337.0,0.45573006299795604
2337.5,0.45772381395055056
2338.0,0.46074848978064575
2338.5,0.4638317718814116
2339.0,0.4665109281741933
2339.5,0.4698002470715823
2340.0,0.474849626573007
2340.5,0.4807881656246696
2341.0,0.48518937215342844
2341.5,0.4869842917612701
2342.0,0.487515690924033
2342.5,0.48829493302799676
2343.0,0.48909626454158445
2343.5,0.4886410896196594
2344.0,0.48585396641769596
2344.5,0.4805487369609966
2345.0,0.4739928146752571
2345.5,0.46856017719901777
2346.0,0.4662861317870873
2346.5,0.4672105721373754
2347.0,0.4685916738452833
2347.5,0.4671755332378111
2348.0,0.46333378574235357
2348.5,0.4610186875331596
2349.0,0.4631713174459468
2349.5,0.4689564130393482
2350.0,0.47539872372791414
2350.5,0.4802007024582798
2351.0,0.4828840896416759
2351.5,0.4843641273524201
2352.0,0.4860275180137665
2352.5,0.4893508969762205
2353.0,0.49592657039988286
2353.5,0.5059646237116429
2354.0,0.5167422010501503
2354.5,0.5239905521430614
2355.0,0.5260408190223496
2355.5,0.5257520345997143
2356.0,0.5273029405040203
2356.5,0.5317240074095583
2357.0,0.5364241666589988
2357.5,0.5381138593402228
2358.0,0.5352865796063451
2358.5,0.529503585460602
2359.0,0.5247342858764199
2359.5,0.5237941399510057
2360.0,0.5256236473182468
2360.5,0.5267142004464632
2361.0,0.5248379985886154
2361.5,0.5208012603370931
2362.0,0.5168159494114576
2362.5,0.5138223793253941
2363.0,0.5109310837266332
2363.5,0.5067147667492022
2364.0,0.5006598438997046
2364.5,0.4936331139188431
2365.0,0.4873431512453254
2365.5,0.48343603418819203
2366.0,0.4824909285930864
2366.5,0.48291982883876156
2367.0,0.48116726571580565
2367.5,0.4745138829181958
2368.0,0.4641958391364259
2368.5,0.4548556741740355
2369.0,0.45007902684310697
2369.5,0.4489324928047996
2370.0,0.44761443158654524
2370.5,0.4434775759953521
2371.0,0.43656117112260906
2371.5,0.4283168264947217
2372.0,0.4203347742753781
2372.5,0.4139129826000671
2373.0,0.4096618740613026
2373.5,0.40700503661037646
2374.0,0.4045557316334203
2374.5,0.40099386912877516
2375.0,0.3956521295143471
2375.5,0.38856413783819893
2376.0,0.3804777913591113
2376.5,0.37265684084604334
2377.0,0.3660398248621602
2377.5,0.36034692951506647
2378.0,0.3544166952527428
2378.5,0.34730322151044274
2379.0,0.33896057484901465
2379.5,0.33005112885926774
2380.0,0.3213266249152379
2380.5,0.31329464839801807
2381.0,0.3062143728121949
2381.5,0.30011871890957986
2382.0,0.2947479596410686
2382.5,0.2897091331679173
2383.0,0.28478340805255176
2383.5,0.2800037446913811
2384.0,0.2753895759712002
2384.5,0.27102004103705135
2385.0,0.26727941898502533
2385.5,0.2645942072397016
2386.0,0.26272267712180264
2386.5,0.2607034213498924
2387.0,0.2579323091094192
2387.5,0.255108570139795
2388.0,0.25347473973222223
2388.5,0.25297619851175035
2389.0,0.2520366387135782
2389.5,0.24950866630069674
2390.0,0.24635475225598263
2390.5,0.24452209020346777
2391.0,0.24456079103055012
2391.5,0.24523140500607457
2392.0,0.2452610163447256
2392.5,0.244721253367827
2393.0,0.2444325746619246
2393.5,0.24460992087740935
2394.0,0.24487418659426258
2394.5,0.24521575861009287
2395.0,0.2460480344852753
2395.5,0.24732058413348268
2396.0,0.24817527910423545
2396.5,0.2477435659822323
2397.0,0.24609553212701246
2397.5,0.24420207862055798
2398.0,0.24300476486630812
2398.5,0.24273236802221787
2399.0,0.24304561242389852
2399.5,0.2437384858453378
2400.0,0.24509976160391875
2400.5,0.24737762338258212
2401.0,0.24981389916689614
2401.5,0.25093230574932923
2402.0,0.2501454697217374
2402.5,0.2487792800588487
2403.0,0.24880267520988636
2403.5,0.2506484102389425
2404.0,0.25269647289264924
2404.5,0.2533035458685375
2405.0,0.2524163525058734
2405.5,0.2512033638514392
2406.0,0.2506009177317187
2406.5,0.2507006807129467
2407.0,0.2510919352982117
2407.5,0.25132494121003984
2408.0,0.250900555757237
2408.5,0.2495797259625223
2409.0,0.2479680341159884
2409.5,0.24752994674275847
2410.0,0.24940218781051124
2410.5,0.2530205050218555
2411.0,0.2560860227797547
2411.5,0.2565035884792843
2412.0,0.25442165124032046
2412.5,0.25229961277012364
2413.0,0.2525198017537593
2413.5,0.25488318962420126
2414.0,0.2568726537846487
2414.5,0.25657803505947213
2415.0,0.2547400975779915
2415.5,0.2535799537728863
2416.0,0.25411610556109443
2416.5,0.25513523856938797
2417.0,0.2547783869625105
2417.5,0.2526692701352485
2418.0,0.25025154124584237
2418.5,0.24940849567802248
2419.0,0.2507847424568128
2419.5,0.25317333151206406
2420.0,0.25443042282919426
2420.5,0.25331581607216686
2421.0,0.25051350509857395
2421.5,0.24787849899318726
2422.0,0.2467076357351769
2422.5,0.24677192991998947
2423.0,0.24686487371668248
2423.5,0.24604135287520815
2424.0,0.2443072344986613
2424.5,0.24241357900259825
2425.0,0.24128025962962754
2425.5,0.2414538994855074
2426.0,0.2427558395018657
2426.5,0.24434092503502297
2427.0,0.24534623657142687
2427.5,0.24564234350672437
2428.0,0.24584793630973192
2428.5,0.24655140023108252
2429.0,0.24763844108193123
2429.5,0.24857880419479
2430.0,0.2491915683185572
2430.5,0.24976316270008023
2431.0,0.25037015283199304
2431.5,0.25073835914861725
2432.0,0.25069901688143975
2432.5,0.25045355294985416
2433.0,0.2501155191196024
2433.5,0.24943590308116514
2434.0,0.24824696717485303
2434.5,0.24700228831118948
2435.0,0.24624490419237854
2435.5,0.2458340393276382
2436.0,0.2452826595834185
2436.5,0.24470812661500732
2437.0,0.24478718865169366
2437.5,0.24555562648562884
2438.0,0.24613171438628584
2438.5,0.24596978133785136
2439.0,0.24596049691014893
2439.5,0.24757716418934375
2440.0,0.2509377259462087
2440.5,0.25424106246639233
2441.0,0.25556298657653714
2441.5,0.25495388110652234
2442.0,0.2543816335091206
2442.5,0.2555575020976855
2443.0,0.2580656350228441
2443.5,0.25997918397083675
2444.0,0.2600508129616567
2444.5,0.25892231423031675
2445.0,0.25789922032097745
2445.5,0.2574160060291023
2446.0,0.25698365902669196
2446.5,0.25630387647794334
2447.0,0.2558365484680501
2447.5,0.25619306562290334
2448.0,0.25727065867794685
2448.5,0.2584993775570099
2449.0,0.2594165567702998
2449.5,0.25970153955292286
2450.0,0.2591290821243819
2450.5,0.2579738762550618
2451.0,0.25744632828480685
2451.5,0.25890929699864906
2452.0,0.26230830668682076
2452.5,0.2657435324945365
2453.0,0.26703871075437235
2453.5,0.2658642145741853
2454.0,0.2640110863764214
2454.5,0.2634239124324661
2455.0,0.26430885735952603
2455.5,0.2655314251495258
2456.0,0.26649122875419645
2456.5,0.2677607410617703
2457.0,0.26951967362478085
2457.5,0.2701623668977078
2458.0,0.26783162735605337
2458.5,0.26300986502514245
2459.0,0.2587242849039749
2459.5,0.2575948570030629
2460.0,0.2589873877160844
2460.5,0.25963294614103993
2461.0,0.2572692824315437
2461.5,0.25293082048198473
2462.0,0.2496193147043903
2462.5,0.2491805745328749
2463.0,0.25068383747794126
2463.5,0.2516222640432907
2464.0,0.25051296738989215
2464.5,0.24829931950008946
2465.0,0.2471295959895006
2465.5,0.24816513562990888
2466.0,0.25073208990048124
2466.5,0.25336877273034064
2467.0,0.25523006876429355
2467.5,0.25617448927494324
2468.0,0.2559101344594321
2468.5,0.2539646480502828
2469.0,0.25072848206124076
2469.5,0.247793134941731
2470.0,0.24673798041059486
2470.5,0.24765882364422365
2471.0,0.2491026566021271
2471.5,0.24935043359348613
2472.0,0.24792421304875173
2472.5,0.24580350530550243
2473.0,0.24449567059780838
2473.5,0.24477577659937688
2474.0,0.2460828620904022
2474.5,0.24702246576579417
2475.0,0.2465517362304825
2475.5,0.24478472385162758
2476.0,0.24286216254704995
2476.5,0.24199569505455204
2477.0,0.24259748190288458
2477.5,0.24415943688567007
2478.0,0.24579412787034274
2478.5,0.24685599718213905
2479.0,0.24724210836616123
2479.5,0.2471976197208917
2480.0,0.24702445315549793
2480.5,0.24698153837556125
2481.0,0.24739124149478067
2481.5,0.248514677915653
2482.0,0.25024522761573026
2482.5,0.25191060726616654
2483.0,0.2526616540422251
2483.5,0.2522340535339963
2484.0,0.25123624176907616
2484.5,0.2504397312958352
2485.0,0.24985243535474358
2485.5,0.24895191200395358
2486.0,0.24767130470087428
2486.5,0.24660914714180654
2487.0,0.24616034192373848
2487.5,0.24610687263801828
2488.0,0.24628124355979053
2488.5,0.2471890066340574
2489.0,0.24932649763107567
2489.5,0.25214450449267595
2490.0,0.2542955352631657
2490.5,0.2549758982013818
2491.0,0.2545929266184743
2491.5,0.254238893656202
2492.0,0.2548512991858012
2492.5,0.25658807766177355
2493.0,0.2585487289957772
2493.5,0.25939740218464286
2494.0,0.25881981006838284
2494.5,0.2581525110929681
2495.0,0.25893657551767535
2495.5,0.26096977107614905
2496.0,0.2624641879826961
2496.5,0.26218508797018497
2497.0,0.26087839333354595
2497.5,0.2602894042388063
2498.0,0.26124135649561275
2498.5,0.26283419083452625
2499.0,0.2632136223408726
2499.5,0.2610337893314114
2500.0,0.25674759834102073
2500.5,0.25262772803618005
2501.0,0.25115747243931796
2501.5,0.2529818725835344
2502.0,0.2563730751300381
2502.5,0.25860316821417184
2503.0,0.25814371750556997
2503.5,0.2558345785588834
2504.0,0.25408122624413043
2504.5,0.2547423588300286
2505.0,0.25745154882802973
2505.5,0.2601065222538002
2506.0,0.2610323690848788
2506.5,0.2602379591014605
2507.0,0.25871962008069005
2507.5,0.2574155862320069
2508.0,0.25701306891371173
2508.5,0.258069775778095
2509.0,0.2604739014173032
2509.5,0.26303677915297674
2510.0,0.26433471619910187
2510.5,0.2640070972017123
2511.0,0.2628214057495661
2511.5,0.26164363344614944
2512.0,0.2609536825353728
2512.5,0.2611151892358732
2513.0,0.26248931950150406
2513.5,0.2648634839997177
2514.0,0.2670903428298608
2514.5,0.26749917854722916
2515.0,0.2652623544330157
2515.5,0.26143415962833033
2516.0,0.2584888836206414
2516.5,0.25824790849607
2517.0,0.2601738363577152
2517.5,0.2618301439304609
2518.0,0.26127254627894675
2518.5,0.258808508291491
2519.0,0.25621571240977314
2519.5,0.2549898689321761
2520.0,0.2555135212694585
2520.5,0.2571219668126375
2521.0,0.25864374415064995
2521.5,0.2593563125496844
2522.0,0.2596100095168546
2522.5,0.2604677697195039
2523.0,0.2623720115534584
2523.5,0.2642639098822542
2524.0,0.26443259017025766
2524.5,0.26229574952748214
2525.0,0.2592447770637754
2525.5,0.2575729773625148
2526.0,0.2586208473185112
2526.5,0.26162381398334345
2527.0,0.26411415079703593
2527.5,0.2639094298742771
2528.0,0.26103936093930097
2528.5,0.2576590418230237
2529.0,0.2560699888290906
2529.5,0.2568561743347412
2530.0,0.25873633092114995
2530.5,0.2601009613923918
2531.0,0.2605395258531606
2531.5,0.2607690963109134
2532.0,0.2612738514675626
2532.5,0.2616071475539956
2533.0,0.2613093807075128
2533.5,0.2609954429880968
2534.0,0.2618986029056503
2534.5,0.2642190913331415
2535.0,0.26669755660786215
2535.5,0.26811285750738945
2536.0,0.2685016995831816
2536.5,0.2684168337861541
2537.0,0.2677960753200373
2537.5,0.26635148028775846
2538.0,0.2648115361888972
2538.5,0.2645685371130891
2539.0,0.26586343659403466
2539.5,0.2672534767852733
2540.0,0.2670075555426195
2540.5,0.26484941127439604
2541.0,0.26232724832355286
2541.5,0.26141802429859023
2542.0,0.26278253994447964
2542.5,0.2654645641907052
2543.0,0.2679740142376515
2543.5,0.269617716597642
2544.0,0.2708582525628819
2544.5,0.2724804536831269
2545.0,0.27452509074124204
2545.5,0.27620384498189654
2546.0,0.2767548301566131
2546.5,0.27633201110708594
2547.0,0.2759677040488431
2547.5,0.2766558037821697
2548.0,0.2783288662733957
2548.5,0.27981134973143756
2549.0,0.2798887752195418
2549.5,0.2784286377586892
2550.0,0.27654534658616164
2550.5,0.275748956984148
2551.0,0.27686346004997614
2551.5,0.2794231766820937
2552.0,0.28186682096455046
2552.5,0.28265803755547203
2553.0,0.28157420757169305
2553.5,0.27989363659525435
2554.0,0.27920504743622654
2554.5,0.2800138446749922
2555.0,0.28148237251375385
2555.5,0.2824764642252183
2556.0,0.28255027401146127
2556.5,0.2819420732615682
2557.0,0.28096757317357246
2557.5,0.2797202551743094
2558.0,0.2783126536913736
2558.5,0.2771960342077338
2559.0,0.27697253671064515
2559.5,0.27779264098029083
2560.0,0.2791171794187393
2560.5,0.2801373323016978
2561.0,0.2804963733133896
2561.5,0.28048477840921365
2562.0,0.2805413456675113
2562.5,0.28057732161239457
2563.0,0.2801025705581626
2563.5,0.2790141710514529
2564.0,0.2779984374042083
2564.5,0.2776960331588001
2565.0,0.2776333939860698
2565.5,0.2764495831635073
2566.0,0.2736464216065789
2566.5,0.2704315406522154
2567.0,0.2685460496958643
2567.5,0.26839971496314197
2568.0,0.2688183520307639
2568.5,0.26848623560030477
2569.0,0.2672908800903022
2569.5,0.26611258516834374
2570.0,0.26570181204222654
2570.5,0.26594433312580523
2571.0,0.2661478625979116
2571.5,0.265997567761402
2572.0,0.26615683471131024
2572.5,0.26754496034640696
2573.0,0.26989319102856923
2573.5,0.27162052242828194
2574.0,0.2714773187758491
2574.5,0.2700260138828505
2575.0,0.2690095786768419
2575.5,0.2694727974577885
2576.0,0.2709465069422967
2576.5,0.2724403789610121
2577.0,0.2734826599166924
2577.5,0.2740214941249067
2578.0,0.2739039430454764
2578.5,0.2729999432665169
2579.0,0.2716754831546835
2579.5,0.2706910271401796
2580.0,0.27054418284721915
2580.5,0.271048933860465
2581.0,0.27153537060404453
2581.5,0.2716660444123243
2582.0,0.2719474995830654
2582.5,0.2731058197177817
2583.0,0.2750103484233842
2583.5,0.27664798967717497
2584.0,0.277227533556025
2584.5,0.2770210139200626
2585.0,0.2769418010253025
2585.5,0.27759876936807837
2586.0,0.2790859314541887
2586.5,0.2813907835529744
2587.0,0.28435729814688454
2587.5,0.2873575036673056
2588.0,0.28946394806681625
2588.5,0.29011292738832983
2589.0,0.2895248283967632
2589.5,0.2884445243064334
2590.0,0.2875234487869809
2590.5,0.2870350157853804
2591.0,0.28689424385662515
2591.5,0.28690180911955315
2592.0,0.28676467972229674
2592.5,0.28618563329856817
2593.0,0.28509864370747556
2593.5,0.2837685543648675
2594.0,0.2825366035683056
2594.5,0.2816077504891937
2595.0,0.28107906263107907
2595.5,0.28112904637490166
2596.0,0.28177035093320146
2596.5,0.2824408200400955
2597.0,0.28241560964546614
2597.5,0.281870245529723
2598.0,0.2819747509837355
2598.5,0.28358042575692094
2599.0,0.28602442078827306
2599.5,0.2877838598664909
2600.0,0.2881071404096527
2600.5,0.2876102029558548
2601.0,0.2872871279469981
2601.5,0.2873826059284722
2602.0,0.28738422357838417
2602.5,0.2869228401663049
2603.0,0.2862505434779104
2603.5,0.28580245593208486
2604.0,0.28544414458725065
2604.5,0.2844858660040005
2605.0,0.28268550553038824
2605.5,0.28088109497913616
2606.0,0.28017088283601993
2606.5,0.2805350081048277
2607.0,0.2810048415961175
2607.5,0.2809867532071444
2608.0,0.28101549973857465
2608.5,0.28188948681867115
2609.0,0.2834848163258255
2609.5,0.284824858837254
2610.0,0.28542187272117314
2610.5,0.2857662050919626
2611.0,0.2865134589532361
2611.5,0.2875567711493581
2612.0,0.2882786487139672
2612.5,0.2885058604360829
2613.0,0.28880167420990954
2613.5,0.2896821559319722
2614.0,0.29085370266782673
2614.5,0.29149301712086534
2615.0,0.29123970020723644
2615.5,0.2905639128748852
2616.0,0.2901735901646224
2616.5,0.29037044869418344
2617.0,0.2910769203908496
2617.5,0.2920454245010494
2618.0,0.2928043679913382
2618.5,0.29270581056867284
2619.0,0.2915324920593566
2619.5,0.2900277953145114
2620.0,0.2894260185849208
2620.5,0.29039433908163126
2621.0,0.29243042666690067
2621.5,0.29420288362666647
2622.0,0.2945901157665529
2622.5,0.29358665856378985
2623.0,0.29227726277462285
2623.5,0.2918481128137343
2624.0,0.2925595575134717
2624.5,0.29368989178474775
2625.0,0.29442601129619017
2625.5,0.29454689240349613
2626.0,0.2941274110158064
2626.5,0.2931318674502474
2627.0,0.291702819062657
2627.5,0.290486913423015
2628.0,0.29014922670293974
2628.5,0.2905032775213733
2629.0,0.29065565083023126
2629.5,0.2901718958422492
2630.0,0.28962334819948565
2630.5,0.2896897133102573
2631.0,0.29011799923684206
2631.5,0.2900625531077765
2632.0,0.289313856639522
2632.5,0.288695403661914
2633.0,0.28909081527053254
2633.5,0.2904459141135786
2634.0,0.291835559343086
2634.5,0.29236633643324295
2635.0,0.2919917453021083
2635.5,0.2915660884153291
2636.0,0.29202804043150327
2636.5,0.29346151068536974
2637.0,0.29498220133564285
2637.5,0.29564191233393133
2638.0,0.29543533454165893
2638.5,0.29518036224325933
2639.0,0.295545727053835
2639.5,0.2964522837311799
2640.0,0.29738385089078473
2640.5,0.29781720625841757
2641.0,0.29738995383320765
2641.5,0.29614428060109677
2642.0,0.2947657212787812
2642.5,0.2942285590452345
2643.0,0.29483643619212135
2643.5,0.29579123972019633
2644.0,0.2959695435649744
2644.5,0.2951301160658569
2645.0,0.29409494215782045
2645.5,0.2937829032718892
2646.0,0.29430734848944623
2646.5,0.2951188218066504
2647.0,0.2957759088544542
2647.5,0.29630168759995806
2648.0,0.29685395686813754
2648.5,0.29725642684436254
2649.0,0.297175065467468
2649.5,0.2966690349976576
2650.0,0.29622526936863003
2650.5,0.2960244458120145
2651.0,0.2955563407814946
2651.5,0.2942352932979199
2652.0,0.29230415731693815
2652.5,0.2907393537961809
2653.0,0.2903282750061199
2653.5,0.2908663051921724
2654.0,0.29150591179144053
2654.5,0.291562534577257
2655.0,0.29103471669935355
2655.5,0.2904413942247962
2656.0,0.2902829047439193
2656.5,0.2905486639118363
2657.0,0.29083948288849704
2657.5,0.2908385040315167
2658.0,0.29056912106349186
2658.5,0.2901888991797644
2659.0,0.2896986271808296
2659.5,0.2890695267526757
2660.0,0.2885419445075984
2660.5,0.2885409954791479
2661.0,0.28921507763426957
2661.5,0.2901122690696326
2662.0,0.29045524248769883
2662.5,0.28987874344400977
2663.0,0.28891515728567824
2663.5,0.2886303204594468
2664.0,0.2896590004592338
2664.5,0.2915435342144155
2665.0,0.29307268829654554
2665.5,0.2932871717650322
2666.0,0.29225688877172484
2666.5,0.2909739442189786
2667.0,0.290480523989047
2667.5,0.2909496870434978
2668.0,0.2915834276185051
2668.5,0.29144228193267646
2669.0,0.2904132108828401
2669.5,0.28924311622106375
2670.0,0.28863861619933695
2670.5,0.28859730163115416
2671.0,0.2887413711899604
2671.5,0.28890705105111225
2672.0,0.2891085022875303
2672.5,0.28923447349742715
2673.0,0.28921006317882325
2673.5,0.2892977447105704
2674.0,0.2897851418510083
2674.5,0.29049774625642044
2675.0,0.29096136664825745
2675.5,0.29094969546385674
2676.0,0.29058590669226
2676.5,0.2899418685024122
2677.0,0.2888857223959292
2677.5,0.2875061577168969
2678.0,0.28636834541431005
2678.5,0.2860541300330096
2679.0,0.2865660803537759
2679.5,0.28730619341364383
2680.0,0.28758667154076945
2680.5,0.287130743443911
2681.0,0.28628968851144176
2681.5,0.28578911531078477
2682.0,0.2860780748282019
2682.5,0.2868047061482667
2683.0,0.28707701116577844
2683.5,0.28637856113567206
2684.0,0.2851815242999077
2684.5,0.2844731289416872
2685.0,0.2847034749836434
2685.5,0.2854235067121882
2686.0,0.28598113859974833
2686.5,0.28630682572172095
2687.0,0.2867533561744391
2687.5,0.287390313238577
2688.0,0.28783080560083657
2688.5,0.28778016593848543
2689.0,0.28744532634710723
2689.5,0.2872523752279295
2690.0,0.28737449848045243
2690.5,0.28773883917659093
2691.0,0.2882700893284054
2691.5,0.2888218537730648
2692.0,0.28900351267791125
2692.5,0.2885047120087345
2693.0,0.2876185638515283
2693.5,0.28713613630326495
2694.0,0.2875044497474078
2694.5,0.2884305413487733
2695.0,0.28936030815999586
2695.5,0.29010574618212204
2696.0,0.29075676895732955
2696.5,0.291218400156042
2697.0,0.29115104066113884
2697.5,0.2905755584078273
2698.0,0.29015707283248837
2698.5,0.290640248179875
2699.0,0.2920297412673978
2699.5,0.29357256910923957
2700.0,0.29451927699936237
2700.5,0.29470769357272475
2701.0,0.29438690201301665
2701.5,0.2938295251102085
2702.0,0.2933410510415774
2702.5,0.29348175450333114
2703.0,0.29476751364207654
2703.5,0.29697887649777255
2704.0,0.2990005885200047
2704.5,0.2996303752219879
2705.0,0.2985835791872369
2705.5,0.29671497553322157
2706.0,0.29533029083048457
2706.5,0.29523958927120136
2707.0,0.2962695727014828
2707.5,0.29742919216825026
2708.0,0.2977820334996037
2708.5,0.2972000526133429
2709.0,0.29639243956492467
2709.5,0.2961728184644544
2710.0,0.29676677849898836
2710.5,0.29779346412373564
2711.0,0.2987858415584408
2711.5,0.2994914744998368
2712.0,0.29980803458128175
2712.5,0.29974483468919577
2713.0,0.29949734362355585
2713.5,0.2992868032216343
2714.0,0.2989914642632491
2714.5,0.2982468193125189
2715.0,0.29703359197058254
2715.5,0.29596437113496094
2716.0,0.29575588774375366
2716.5,0.29642126423685466
2717.0,0.29719910552488427
2717.5,0.2973723869236106
2718.0,0.2969674299828193
2718.5,0.2965833281992185
2719.0,0.2967002723257049
2719.5,0.2972906396599153
2720.0,0.2979604730487322
2720.5,0.29828387881148866
2721.0,0.2980534474603141
2721.5,0.297416060422656
2722.0,0.2967718500182297
2722.5,0.29645358809256406
2723.0,0.29649562011915404
2723.5,0.2967480884283872
2724.0,0.297123969820974
2724.5,0.29760329343577296
2725.0,0.29805306885003197
2725.5,0.2982343586118675
2726.0,0.29812477998153386
2726.5,0.29809085258335977
2727.0,0.29862133269894364
2727.5,0.29987090818406376
2728.0,0.301600301528452
2728.5,0.30335047750164845
2729.0,0.3046282335363675
2729.5,0.30511543699104776
2730.0,0.3049570723087999
2730.5,0.30477926830732294
2731.0,0.3052398671345172
2731.5,0.30633115601950617
2732.0,0.30726601127130454
2732.5,0.3072817477180509
2733.0,0.3064681592796236
2733.5,0.3056055794717302
2734.0,0.30528310196221387
2734.5,0.305493355158332
2735.0,0.3059606624957607
2735.5,0.3065176760367587
2736.0,0.3069496622390278
2736.5,0.30677427744963653
2737.0,0.3056580671999962
2737.5,0.3041239781319789
2738.0,0.3033360242152435
2738.5,0.3038497991051768
2739.0,0.30484066323090314
2739.5,0.3049266744330529
2740.0,0.30378235603061526
2740.5,0.3025748596808016
2741.0,0.30261954534273205
2741.5,0.3039082490315812
2742.0,0.30531414380919886
2742.5,0.3059562140105762
2743.0,0.30608091308495894
2743.5,0.3065351793553239
2744.0,0.30767559525638705
2744.5,0.30910600701853924
2745.0,0.3103623323298206
2745.5,0.311413024544047
2746.0,0.31242563245216853
2746.5,0.3132779304659168
2747.0,0.31357878730661387
2747.5,0.31318246568441943
2748.0,0.3124855010193399
2748.5,0.3121204124396816
2749.0,0.3123895145482303
2749.5,0.312964960182859
2750.0,0.3131172409937878
2750.5,0.3123692081032372
2751.0,0.31100013867423143
2751.5,0.30981795197000733
2752.0,0.3094327833142272
2752.5,0.30973923746911436
2753.0,0.3101573284912797
2753.5,0.31032998216492585
2754.0,0.3104418894073476
2754.5,0.3107724740666762
2755.0,0.311186047659938
2755.5,0.31120538245037743
2756.0,0.3105557570180131
2756.5,0.30959366363790064
2757.0,0.3092032188475568
2757.5,0.3101054226552096
2758.0,0.31210364672891305
2758.5,0.31391639007737815
2759.0,0.31403398955599254
2759.5,0.31221072663890714
2760.0,0.31007568261779384
2760.5,0.30987465643570244
2761.0,0.31208750426332366
2761.5,0.3147299137058547
2762.0,0.31542839147459484
2762.5,0.31401020417920916
2763.0,0.312608146880878
2763.5,0.31319023146271396
2764.0,0.31529058034518387
2764.5,0.3167162812191652
2765.0,0.31622809342757524
2765.5,0.3149159394483858
2766.0,0.31478377129642165
2766.5,0.3164140125640086
2767.0,0.3184428423806057
2767.5,0.319287133519438
2768.0,0.31904076601826475
2768.5,0.3192259189009897
2769.0,0.3209387504921192
2769.5,0.32348460414796376
2770.0,0.3251596790433952
2770.5,0.3251439142114313
2771.0,0.32430362472907814
2771.5,0.32396751644658417
2772.0,0.32447969572617585
2772.5,0.32515598369022897
2773.0,0.32529139598266976
2773.5,0.32480878080201914
2774.0,0.3240555232656363
2774.5,0.3234059757538786
2775.0,0.3231073490146043
2775.5,0.32311458700173634
2776.0,0.3230569420411552
2776.5,0.32272143664133723
2777.0,0.3225639182387611
2777.5,0.3234018841045908
2778.0,0.3253670823860859
2778.5,0.3274228237150575
2779.0,0.3283674867823311
2779.5,0.3281938235722475
2780.0,0.32815774556791
2780.5,0.32939163825258944
2781.0,0.3317672486052481
2781.5,0.3341858618912076
2782.0,0.33579239759087137
2782.5,0.3365103637238019
2783.0,0.33662708846025696
2783.5,0.3362521797334045
2784.0,0.33545162928599703
2784.5,0.3346393195388527
2785.0,0.3345110370628065
2785.5,0.33547455775223245
2786.0,0.3371851500882934
2786.5,0.33871284461482
2787.0,0.3391567143944255
2787.5,0.3383917865838241
2788.0,0.3374082096344159
2788.5,0.3376823034697309
2789.0,0.3397767557258619
2789.5,0.3426889433978635
2790.0,0.344728877710607
2790.5,0.3451976167270745
2791.0,0.344914344295713
2791.5,0.3450450845749097
2792.0,0.3458415726418941
2792.5,0.34690717269435795
2793.0,0.3481283902958546
2793.5,0.3497058640359716
2794.0,0.3512561992554811
2794.5,0.3516813495645934
2795.0,0.35058264976190556
2795.5,0.34922939815501053
2796.0,0.3495568966798111
2796.5,0.3521368249541753
2797.0,0.35547889063241367
2797.5,0.3575177428434979
2798.0,0.3576437498118368
2798.5,0.3569800862120699
2799.0,0.3570615376593539
2799.5,0.35854466673426033
2800.0,0.36097068587247
2800.5,0.3632869813336081
2801.0,0.36452083716581407
2801.5,0.3643863398041808
2802.0,0.3634483274930571
2802.5,0.3626403830259699
2803.0,0.3625600689821534
2803.5,0.36319545263502606
2804.0,0.364154356291837
2804.5,0.365018463150136
2805.0,0.36554647568087356
2805.5,0.36589365998990886
2806.0,0.3667605097063302
2806.5,0.3690441938248742
2807.0,0.3729451285550711
2807.5,0.37743686708705015
2808.0,0.3808051234236852
2808.5,0.3820107042467985
2809.0,0.3814542104628166
2809.5,0.38067680915223556
2810.0,0.3812281622387969
2810.5,0.3834816887599799
2811.0,0.38641671614997114
2811.5,0.38876451364750964
2812.0,0.390255405453828
2812.5,0.39159448378764705
2813.0,0.39328293500908823
2813.5,0.39485597983304166
2814.0,0.3957071702753102
2814.5,0.39620809935831186
2815.0,0.3974202978220712
2815.5,0.3995994038278678
2816.0,0.4018933567737426
2816.5,0.40359153622130794
2817.0,0.40514507211357015
2817.5,0.40739531581104677
2818.0,0.4101705401522254
2818.5,0.4122399548108982
2819.0,0.4130636782953095
2819.5,0.4138083237098254
2820.0,0.4162533866844251
2820.5,0.42080837463406945
2821.0,0.42612668943429366
2821.5,0.43049369408576554
2822.0,0.4333520226984665
2822.5,0.43540854021552633
2823.0,0.4377076980423523
2823.5,0.4408908092210856
2824.0,0.44507124131473474
2824.5,0.4498977266454127
2825.0,0.45462998852000813
2825.5,0.45840849981907045
2826.0,0.4609969589522675
2826.5,0.46328475101061606
2827.0,0.466719328328588
2827.5,0.47192278266699417
2828.0,0.4779570680263502
2828.5,0.48311566372211534
2829.0,0.4865267051411012
2829.5,0.4888226953197185
2830.0,0.4915692234971436
2830.5,0.49620876929843405
2831.0,0.5031365432640649
2831.5,0.5114225665138596
2832.0,0.5193925574902138
2832.5,0.525771894137214
2833.0,0.5307357184798925
2833.5,0.5358339987264156
2834.0,0.5428279742292237
2834.5,0.5525835216023482
2835.0,0.5646677896226739
2835.5,0.5775325373449722
2836.0,0.589341290503242
2836.5,0.5992076016795582
2837.0,0.6084044505649303
2837.5,0.6197083612597233
2838.0,0.6352135610228031
2838.5,0.6543604806836216
2839.0,0.6744466612462985
2839.5,0.6930745678623731
2840.0,0.7101963679189539
2840.5,0.7280609028027609
2841.0,0.7493577868845664
2841.5,0.7753596258647292
2842.0,0.8052652106763983
2842.5,0.8370878421951851
2843.0,0.8693190932759733
2843.5,0.9017331430701581
2844.0,0.9350802306650043
2844.5,0.9703324722838684
2845.0,1.0079291806078674
2845.5,1.0477734971919161
2846.0,1.0891634069634
2846.5,1.1304459354463854
2847.0,1.1688369208722398
2847.5,1.201382074365355
2848.0,1.2264669385395304
2848.5,1.2442671097232607
2849.0,1.2555339960145737
2849.5,1.2595180113877438
2850.0,1.2535953492373804
2850.5,1.235103245808799
2851.0,1.203775303581749
2851.5,1.1625614550825103
2852.0,1.1158223505935214
2852.5,1.0665294654289261
2853.0,1.015112457700813
2853.5,0.9608695780834071
2854.0,0.9042629454365118
2854.5,0.848018499650438
2855.0,0.7958054661339861
2855.5,0.7499909608774695
2856.0,0.7104005561878046
2856.5,0.675087129493527
2857.0,0.6423332626521048
2857.5,0.6116111165905777
2858.0,0.5833466391146629
2858.5,0.5584095067842612
2859.0,0.5378090715785668
2859.5,0.5221304396360227
2860.0,0.5106865591449212
2860.5,0.5013382345654378
2861.0,0.4916558363955724
2861.5,0.480766456441382
2862.0,0.4700280782682317
2862.5,0.4619282953824283
2863.0,0.4579252212287567
2863.5,0.4571055082004825
2864.0,0.4564620863785593
2864.5,0.45308819193445354
2865.0,0.4467935672480791
2865.5,0.44052081885366856
2866.0,0.437559725840616
2866.5,0.4383946824948043
2867.0,0.44044546793917594
2867.5,0.44098017170203807
2868.0,0.43968987418443406
2868.5,0.438301512144285
2869.0,0.43847074832159016
2869.5,0.44067262786991207
2870.0,0.444417306905879
2870.5,0.4486067961133098
2871.0,0.45194971261260086
2871.5,0.45397330870352126
2872.0,0.4556864974561076
2872.5,0.45859119970671625
2873.0,0.46273648975037956
2873.5,0.46661145995421327
2874.0,0.4693134052328338
2874.5,0.4720978413926321
2875.0,0.4768016436187342
2875.5,0.48344798029356784
2876.0,0.4904855156155564
2876.5,0.4972593357571779
2877.0,0.5047805309486679
2877.5,0.5139594596377448
2878.0,0.5238732874798524
2878.5,0.5326912398647099
2879.0,0.5400748488021436
2879.5,0.5476897426645236
2880.0,0.5570403150714804
2880.5,0.56764161826855
2881.0,0.5777641089446315
2881.5,0.5865483923833639
2882.0,0.5945555336706314
2882.5,0.6022745474321789
2883.0,0.6090910243767704
2883.5,0.6144802244455059
2884.0,0.6197316426917969
2884.5,0.6272439897669575
2885.0,0.6375606099338609
2885.5,0.6481083600298158
2886.0,0.6559391975221598
2886.5,0.6613338806049105
2887.0,0.6674425095600178
2887.5,0.6763071308666373
2888.0,0.6865743086492131
2888.5,0.6955417531535715
2889.0,0.7025026530653364
2889.5,0.7088203512117294
2890.0,0.7157652051459287
2890.5,0.7233405172935539
2891.0,0.7310783815713146
2891.5,0.7386884775820803
2892.0,0.7458184619637165
2892.5,0.7518164118644932
2893.0,0.756636702544708
2893.5,0.7617360366527437
2894.0,0.7690111855814068
2894.5,0.7786378111800334
2895.0,0.7884800763058513
2895.5,0.7960015506266669
2896.0,0.8010343082876299
2896.5,0.805845150021659
2897.0,0.8126570855711808
2897.5,0.8214052812098589
2898.0,0.830197782318798
2898.5,0.8374330358657285
2899.0,0.8431540206009921
2899.5,0.8484859963731365
2900.0,0.8545551916564242
2900.5,0.8618565416636197
2901.0,0.8700826455317465
2901.5,0.8783030212675838
2902.0,0.8857736214734315
2902.5,0.8927513377412336
2903.0,0.9000263919512792
2903.5,0.9079618358752428
2904.0,0.9166680856555778
2904.5,0.9268482082189604
2905.0,0.9395721209577752
2905.5,0.9548557274663075
2906.0,0.9708926896419834
2906.5,0.9852332029211952
2907.0,0.9967507700216642
2907.5,1.0064691881052354
2908.0,1.0172670627007738
2908.5,1.0325366742721873
2909.0,1.0540843718188926
2909.5,1.0796445302086084
2910.0,1.104106870102819
2910.5,1.1241085305158216
2911.0,1.1413224319815471
2911.5,1.1608377870626931
2912.0,1.1861551844053826
2912.5,1.2157311257993948
2913.0,1.2448083433575245
2913.5,1.269376698652167
2914.0,1.2883665517359846
2914.5,1.3030254459277841
2915.0,1.3148050889501004
2915.5,1.3241493992985585
2916.0,1.3299892440968488
2916.5,1.330444528560296
2917.0,1.3242067763879521
2917.5,1.3112376526065375
2918.0,1.2923960497399365
2918.5,1.2685620833571503
2919.0,1.2404124576285525
2919.5,1.2088910234311125
2920.0,1.1749856524464124
2920.5,1.1388393714158784
2921.0,1.0998958540298185
2921.5,1.058595028433532
2922.0,1.0172625556812018
2922.5,0.9783586607970003
2923.0,0.9419496104098315
2923.5,0.9056357372016007
2924.0,0.8678121427716832
2924.5,0.8300118272071235
2925.0,0.7953910990403101
2925.5,0.7652828324888944
2926.0,0.7377509810203358
2926.5,0.7101799735733104
2927.0,0.6823125398988233
2927.5,0.6561963696275861
2928.0,0.633936558760559
2928.5,0.6156011154636426
2929.0,0.5994354115500122
2929.5,0.5835160161177044
2930.0,0.5667841189037734
2930.5,0.5493882120558361
2931.0,0.5326512869335394
2931.5,0.5185630129693117
2932.0,0.5083728325441152
2932.5,0.5008925293001769
2933.0,0.4929543400830291
2933.5,0.4822653921954716
2934.0,0.46964519492558765
2934.5,0.45801922550131036
2935.0,0.4492017622092912
2935.5,0.4422362125546889
2936.0,0.4349962511088405
2936.5,0.42689921534766656
2937.0,0.41933357949010047
2937.5,0.413800007924128
2938.0,0.4098814714937138
2938.5,0.40536364150064874
2939.0,0.39842049335475355
2939.5,0.38987959703481745
2940.0,0.3830303493969779
2940.5,0.38064535789294696
2941.0,0.38195824208507895
2941.5,0.38277871341611985
2942.0,0.3792993859942088
2942.5,0.37172431637241915
2943.0,0.3640630161782153
2943.5,0.35965283494345757
2944.0,0.35808354361134115
2944.5,0.35659645707032306
2945.0,0.3539371194305426
2945.5,0.3515437670516097
2946.0,0.351109594780184
2946.5,0.35180612801731154
2947.0,0.3512515135796277
2947.5,0.3485642091568047
2948.0,0.3453348649888326
2948.5,0.34363677750706634
2949.0,0.34397553704598155
2949.5,0.34527264882753494
2950.0,0.3460208655459646
2950.5,0.34530090962474647
2951.0,0.34313222497562096
2951.5,0.34019160588093794
2952.0,0.3371189544866278
2952.5,0.33403073859711785
2953.0,0.3308140813764918
2953.5,0.32772862693204136
2954.0,0.3254562047459193
2954.5,0.32457239569711366
2955.0,0.32506856742781215
2955.5,0.32615373756344995
2956.0,0.3263552213360789
2956.5,0.32440794451824567
2957.0,0.320785536109451
2957.5,0.3177961388579057
2958.0,0.31752101351851786
2958.5,0.3198535972599231
2959.0,0.3228189281883847
2959.5,0.32467069392300624
2960.0,0.3251314103128246
2960.5,0.32476555900649834
2961.0,0.3240583153749347
2961.5,0.323392158918675
2962.0,0.3231770255811592
2962.5,0.32375245020162596
2963.0,0.3254309040843862
2963.5,0.3283697205425402
2964.0,0.3320602988463165
2964.5,0.3351429583252142
2965.0,0.3365639320404066
2965.5,0.33685880137384705
2966.0,0.3378227365714724
2966.5,0.3405543862386174
2967.0,0.34437435043141473
2967.5,0.3477601947079501
2968.0,0.35004153549395733
2968.5,0.3515523957586696
2969.0,0.3523905638459324
2969.5,0.3516740059822776
2970.0,0.34879964431036237
2970.5,0.34507433672278887
2971.0,0.3431912808589711
2971.5,0.34443859133431953
2972.0,0.34698379995405587
2972.5,0.3480332360093268
2973.0,0.3475353078055146
2973.5,0.348179293126771
2974.0,0.3515674318590688
2974.5,0.3559718479293023
2975.0,0.3586985281074549
2975.5,0.35949493532676957
2976.0,0.359980101904709
2976.5,0.36068620567236825
2977.0,0.3609522230918209
2977.5,0.3609968322671139
2978.0,0.3619002301528712
2978.5,0.363352551788238
2979.0,0.36328014677427506
2979.5,0.360446449314902
2980.0,0.35642479848327663
2980.5,0.35340167021656854
2981.0,0.3511164027767596
2981.5,0.34764961235051167
2982.0,0.34305984261195965
2982.5,0.339864687668506
2983.0,0.3393608584714255
2983.5,0.3390713950649373
2984.0,0.33602931862255636
2984.5,0.33072340163233294
2985.0,0.3265844373423434
2985.5,0.32585095385532675
2986.0,0.32765424713523666
2986.5,0.32988959439514925
2987.0,0.33160131682509075
2987.5,0.3324888060783007
2988.0,0.33204300787375524
2988.5,0.3304975823028245
2989.0,0.3295983471173837
2989.5,0.3306418618336096
2990.0,0.33216794656460835
2990.5,0.3312230090125224
2991.0,0.32717746710128454
2991.5,0.3227511781992803
2992.0,0.3211481181553776
2992.5,0.3224407549950781
2993.0,0.32356029400026354
2993.5,0.3216750973737706
2994.0,0.3172308369286854
2994.5,0.3132884581947695
2995.0,0.31243407003840507
2995.5,0.31421209315501175
2996.0,0.3154925739085017
2996.5,0.3132923863039728
2997.0,0.30779868692110784
2997.5,0.30247052213877945
2998.0,0.30082727332047665
2998.5,0.30303937102044665
2999.0,0.3054747609191175
2999.5,0.30417757166371623
3000.0,0.29899727254183706
3000.5,0.2937119534186649
3001.0,0.2919937385999856
3001.5,0.29402417098762296
3002.0,0.2971065278918127
3002.5,0.2987974546650232
3003.0,0.2987677899281651
3003.5,0.2980832547651521
3004.0,0.2977045353932645
3004.5,0.29768842208465984
3005.0,0.29730726495234444
3005.5,0.2957411731243045
3006.0,0.29283419839030067
3006.5,0.2891706036853696
3007.0,0.2854425473234618
3007.5,0.2820636495844003
3008.0,0.27934006162310654
3008.5,0.2777688519130979
3009.0,0.27761077615577595
3009.5,0.2781772158411419
3010.0,0.27798837448839603
3010.5,0.27625856123175274
3011.0,0.2739011668962502
3011.5,0.27281091210115566
3012.0,0.2739682073597832
3012.5,0.276154087348739
3013.0,0.2767823534760102
3013.5,0.27476081473593394
3014.0,0.272265181539395
3014.5,0.2729434427299598
3015.0,0.2779701408140991
3015.5,0.2841060485409308
3016.0,0.2863771914889537
3016.5,0.2831032286867891
3017.0,0.2780700388372923
3017.5,0.27677306285150594
3018.0,0.2805257091889685
3018.5,0.28509316375822513
3019.0,0.2855137095819761
3019.5,0.28169464636085506
3020.0,0.27829972636220046
3020.5,0.27883081070552646
3021.0,0.2815928680700541
3021.5,0.2823347441580027
3022.0,0.27982660849845065
3022.5,0.2771980003391319
3023.0,0.2778131956664364
3023.5,0.2810734334967725
3024.0,0.28312088359302023
3024.5,0.28147816176331614
3025.0,0.2779841400483671
3025.5,0.277133029460193
3026.0,0.2810092620750515
3026.5,0.286274944660319
3027.0,0.2870114072423041
3027.5,0.2813394983655203
3028.0,0.27402187890982577
3028.5,0.2716244968310201
3029.0,0.27550333409238625
3029.5,0.2808495894742244
3030.0,0.28246993777744017
3030.5,0.28005498418057195
3031.0,0.2772494477110148
3031.5,0.27698145232916155
3032.0,0.2790528354548877
3032.5,0.28132925608787673
3033.0,0.28225445871566923
3033.5,0.2821005672292487
3034.0,0.28233299947650353
3034.5,0.28384654222334954
3035.0,0.2855959706407803
3035.5,0.2852070470144006
3036.0,0.2817074030300712
3036.5,0.27744128207702656
3037.0,0.27596770075437116
3037.5,0.2778026417504836
3038.0,0.27963354775952814
3038.5,0.2784206387104244
3039.0,0.2750161689038444
3039.5,0.2730657006426763
3040.0,0.27454728036014253
3040.5,0.27765035106449354
3041.0,0.27929339092259814
3041.5,0.27873490061580686
3042.0,0.2776947341901322
3042.5,0.27774848615297015
3043.0,0.2786212279763796
3043.5,0.2792133061092457
3044.0,0.27931946262318297
3044.5,0.27956402406304837
3045.0,0.2799719299315551
3045.5,0.2795854453378547
3046.0,0.2779035150911877
3046.5,0.2759989779482773
3047.0,0.2752650733151706
3047.5,0.2753759683389321
3048.0,0.27464308399691434
3048.5,0.27263635976736855
3049.0,0.27144706870006907
3049.5,0.2735363219031582
3050.0,0.27847851353053865
3050.5,0.2825146050663751
3051.0,0.28194400511618933
3051.5,0.2768670782308691
3052.0,0.2715984113420423
3052.5,0.27104651077257713
3053.0,0.2758599574288993
3053.5,0.28096393996842023
3054.0,0.2803014160979722
3054.5,0.2735015996487431
3055.0,0.2669127598082932
3055.5,0.26709590705456066
3056.0,0.273659479656289
3056.5,0.2797191624699416
3057.0,0.2795267207943447
3057.5,0.2746298102813079
3058.0,0.271258680398591
3058.5,0.27327589928195006
3059.0,0.27883188743365445
3059.5,0.2831114339343087
3060.0,0.28307842302514824
3060.5,0.2795590742336216
3061.0,0.2753510087242679
3061.5,0.2725455794729152
3062.0,0.27177338422013153
3062.5,0.2727809197557174
3063.0,0.27503552819351795
3063.5,0.27763344965861025
3064.0,0.27927180797010154
3064.5,0.2793246482678037
3065.0,0.2789496765340955
3065.5,0.27995616231147136
3066.0,0.2823576982284806
3066.5,0.28355913065682414
3067.0,0.28101569154513506
3067.5,0.2758595414328676
3068.0,0.27264221695190904
3068.5,0.274465155305702
3069.0,0.27903796124888935
3069.5,0.280456207786612
3070.0,0.2755450437803677
3070.5,0.2677555441002957
3071.0,0.26439807490474426
3071.5,0.26916167049368717
3072.0,0.2783672287745461
3072.5,0.2842872659101757
3073.0,0.28262393782545875
3073.5,0.2763701473979266
3074.0,0.2723403829556605
3074.5,0.2741433109807281
3075.0,0.2797399232854977
3075.5,0.28478126080733906
3076.0,0.28695351923596807
3076.5,0.28672126016414234
3077.0,0.2853657476247689
3077.5,0.28394609176911273
3078.0,0.28380303185063255
3078.5,0.2857084296822138
3079.0,0.288394082171793
3079.5,0.28889054189590047
3080.0,0.2853912040576574
3080.5,0.27965198959819804
3081.0,0.27582623281916874
3081.5,0.27642983689107464
3082.0,0.27979783397298597
3082.5,0.28167818691069946
3083.0,0.2793402519445821
3083.5,0.2742454245426384
3084.0,0.27065333441820094
3084.5,0.27157658071988383
3085.0,0.2758991422885287
3085.5,0.279767683595735
3086.0,0.28050585167569897
3086.5,0.27903490034389217
3087.0,0.2783572610747276
3087.5,0.27995732594965084
3088.0,0.28226989874831054
3088.5,0.2828364699658768
3089.0,0.28109258787550634
3089.5,0.27852224935385894
3090.0,0.27679453440054236
3090.5,0.27647161819403027
3091.0,0.2773353260941518
3091.5,0.27871327174392363
3092.0,0.279656247142573
3092.5,0.2795411229598129
3093.0,0.27883064868674984
3093.5,0.2785628134357443
3094.0,0.27895042464287895
3094.5,0.2790829014944761
3095.0,0.2785010036340033
3095.5,0.27828646064054763
3096.0,0.2797333699732616
3096.5,0.2822473934573073
3097.0,0.2836113310907161
3097.5,0.2826832706274185
3098.0,0.28116057008706824
3098.5,0.28181297445833325
3099.0,0.2853197276458663
3099.5,0.2891636000688564
3100.0,0.2901874487956105
3100.5,0.28825560006275885
3101.0,0.2868516641068658
3101.5,0.2891629616151527
3102.0,0.2942750944849964
3102.5,0.297992464848025
3103.0,0.29747279189258996
3103.5,0.29427825752854636
3104.0,0.2922739434501357
3104.5,0.2931974784210106
3105.0,0.2950369927659441
3105.5,0.29474370070488115
3106.0,0.2913557912099869
3106.5,0.28664318869686667
3107.0,0.28317682335127237
3107.5,0.28238386050906306
3108.0,0.2841106901974351
3108.5,0.28717604831268095
3109.0,0.2895873976791719
3109.5,0.2890473028897874
3110.0,0.28487780775357757
3110.5,0.2800360309174303
3111.0,0.27978041748063376
3111.5,0.2864458828814851
3112.0,0.29539150606323306
3112.5,0.29881919107935556
3113.0,0.2937717620422306
3113.5,0.2853188102589362
3114.0,0.280608841684141
3114.5,0.28172684037991813
3115.0,0.2854943869221912
3115.5,0.2892185505237632
3116.0,0.2929958668362152
3116.5,0.2967277144632188
3117.0,0.29818265474507866
3117.5,0.2963696521771152
3118.0,0.2939984219907509
3118.5,0.29406083495453195
3119.0,0.2956227372940202
3119.5,0.2957033237371526
3120.0,0.2937546434723361
3120.5,0.2920113577002268
3121.0,0.2917890749301641
3121.5,0.29197364156136835
3122.0,0.29168499407038745
3122.5,0.2921404085886886
3123.0,0.2939608330950994
3123.5,0.2946125611462381
3124.0,0.2913756534165535
3124.5,0.2859558820265068
3125.0,0.2838555532385494
3125.5,0.2884892755604425
3126.0,0.29727475684424015
3126.5,0.30346026817508975
3127.0,0.30210384467843143
3127.5,0.2943946962117398
3128.0,0.28625603876041056
3128.5,0.28296727988947623
3129.0,0.28546404301574146
3129.5,0.2910249877652842
3130.0,0.29644786203137174
3130.5,0.299854235438245
3131.0,0.30010212197228814
3131.5,0.296648340640547
3132.0,0.2913607424398337
3132.5,0.2880953040719117
3133.0,0.28942078639990565
3133.5,0.29375228290115496
3134.0,0.2967353249792125
3134.5,0.2958058150622549
3135.0,0.2928336008822676
3135.5,0.29142483269248043
3136.0,0.29290909806749504
3136.5,0.29571772092333276
3137.0,0.2980467132326266
3137.5,0.2998782207531417
3138.0,0.30203763647371984
3138.5,0.3041296930399252
3139.0,0.30422054756323674
3139.5,0.30064312985439223
3140.0,0.2941980970611712
3140.5,0.2885002075772346
3141.0,0.2875682699170648
3141.5,0.29209409765091454
3142.0,0.29793901635020126
3142.5,0.2992817085752495
3143.0,0.29445381820496064
3143.5,0.2884576908018991
3144.0,0.2884126005283867
3144.5,0.2964382176985291
3145.0,0.30738126845410907
3145.5,0.31409213199960484
3146.0,0.31402930761411213
3146.5,0.31050527448246623
3147.0,0.30848230704909774
3147.5,0.3100831136807686
3148.0,0.31348306302595913
3148.5,0.3153703872428988
3149.0,0.3138616958555642
3149.5,0.3094993503428486
3150.0,0.30433168774489133
3150.5,0.30033964782833317
3151.0,0.29852541667536403
3151.5,0.2990215552936949
3152.0,0.30131908058716306
3152.5,0.3041011429167635
3153.0,0.3055394719212729
3153.5,0.30441675427709425
3154.0,0.3014894995625403
3154.5,0.2991691950373232
3155.0,0.2995821979851467
3155.5,0.3029207487946003
3156.0,0.30748924487345275
3156.5,0.3107640512206036
3157.0,0.31076007969554204
3157.5,0.30745045458059517
3158.0,0.30346908740278816
3158.5,0.30236175500974677
3159.0,0.3047151640725537
3159.5,0.30708417815000943
3160.0,0.3058611384449218
3160.5,0.3017741787484808
3161.0,0.29937203196219553
3161.5,0.3020022898290708
3162.0,0.30839210291573854
3162.5,0.31460663008579004
3163.0,0.3180938463924737
3163.5,0.3188003654644241
3164.0,0.31774611300432615
3164.5,0.316154999234072
3165.0,0.31545797200875564
3165.5,0.3165023717512504
3166.0,0.3184848533638906
3166.5,0.31991135617911853
3167.0,0.32020458944376884
3167.5,0.3198157469630584
3168.0,0.31862466646509746
3168.5,0.3154371270181849
3169.0,0.30981529044502426
3169.5,0.30405531540278874
3170.0,0.30158666893544755
3170.5,0.3032485113773935
3171.0,0.3058474080963657
3171.5,0.30511927288343654
3172.0,0.300057030996086
3172.5,0.29428865188524256
3173.0,0.29272531743484326
3173.5,0.29690813366363455
3174.0,0.30328061559093206
3174.5,0.3061731692126244
3175.0,0.3033465941874255
3175.5,0.29848439145568345
3176.0,0.2972988337319864
3176.5,0.30149430586380954
3177.0,0.3075809553149317
3177.5,0.3114816993873531
3178.0,0.3130604321417623
3178.5,0.3150118633119869
3179.0,0.3183931988585333
3179.5,0.32149320662030834
3180.0,0.3225985618687545
3180.5,0.32206170883184515
3181.0,0.3214222859809087
3181.5,0.3215542077853076
3182.0,0.32205396324896074
3182.5,0.3223415953982031
3183.0,0.3224272623971317
3183.5,0.3224123624729417
3184.0,0.321658001421277
3184.5,0.31909826625686566
3185.0,0.3149122056192581
3185.5,0.3115570696324438
3186.0,0.31158653833068833
3186.5,0.31421227229414334
3187.0,0.3155083911659427
3187.5,0.31288134955043084
3188.0,0.3081638695846126
3188.5,0.30532735734312705
3189.0,0.3058491819829468
3189.5,0.308046702393173
3190.0,0.31026780164403817
3190.5,0.31271959881826145
3191.0,0.3154909145766047
3191.5,0.316850471416659
3192.0,0.31492721509989224
3192.5,0.3110714206442459
3193.0,0.3091143629869728
3193.5,0.31151605978768476
3194.0,0.3164408360069812
3194.5,0.31964827360188275
3195.0,0.3192180831880123
3195.5,0.3176236537008633
3196.0,0.3178528989235325
3196.5,0.31925544070541506
3197.0,0.318654586081034
3197.5,0.31521466769020473
3198.0,0.31217400242941373
3198.5,0.3127792167406487
3199.0,0.31597229052150233
3199.5,0.317727126257543
3200.0,0.3162929150146731
3200.5,0.31419227809610195
3201.0,0.3152373010888468
3201.5,0.3200948035320762
3202.0,0.3254097646874459
3202.5,0.32715311738424974
3203.0,0.32464173166788246
3203.5,0.3207822540473659
3204.0,0.31918968289056443
3204.5,0.321329499333587
3205.0,0.32595186212301763
3205.5,0.3303828532752142
3206.0,0.33218828521841814
3206.5,0.3304239255815414
3207.0,0.3259609767201838
3207.5,0.3207378807712179
3208.0,0.316573113190315
3208.5,0.31475519148075404
3209.0,0.3160122981235881
3209.5,0.31970540665407443
3210.0,0.32284787952182564
3210.5,0.32166721430541334
3211.0,0.31561814722125514
3211.5,0.3095174208319275
3212.0,0.3100533523031063
3212.5,0.31959731787834345
3213.0,0.3334998308654081
3213.5,0.34389555075378697
3214.0,0.3456793301458576
3214.5,0.3398511608288565
3215.0,0.3316473307444879
3215.5,0.32613938034860546
3216.0,0.32554392728811943
3216.5,0.3297156613627508
3217.0,0.33677275213549523
3217.5,0.34312727257255793
3218.0,0.3447055575698147
3218.5,0.34017626130743406
3219.0,0.3330137664648206
3219.5,0.3286949326258374
3220.0,0.3292976267374335
3220.5,0.3323768664486409
3221.0,0.3345038712630421
3221.5,0.33456568626673827
3222.0,0.33395066231804116
3222.5,0.33439065003101476
3223.0,0.3356912273202153
3223.5,0.335262460564074
3224.0,0.33025857319463725
3224.5,0.3213785960506437
3225.0,0.3141592175916788
3225.5,0.3146575562867632
3226.0,0.32258262751157335
3226.5,0.33053760509304636
3227.0,0.3313731013179227
3227.5,0.32520640073381335
3228.0,0.31895866161888675
3228.5,0.3197824393962107
3229.0,0.3286667516740991
3229.5,0.3396770641409835
3230.0,0.3452272176202693
3230.5,0.3427801077846642
3231.0,0.3376068869076813
3231.5,0.33800570437117916
3232.0,0.3466394435262227
3232.5,0.3566581093193976
3233.0,0.35858441473607927
3233.5,0.3509753683473631
3234.0,0.34197559462173194
3234.5,0.34038895472728503
3235.0,0.3467058074155771
3235.5,0.35386362981955505
3236.0,0.3559556502558877
3236.5,0.3539221479272452
3237.0,0.3518308508126035
3237.5,0.3510590279721665
3238.0,0.3499059919307228
3238.5,0.34715872852166246
3239.0,0.34345954152092073
3239.5,0.3398680102823226
3240.0,0.33719022568415485
3240.5,0.33648599854782046
3241.0,0.33828082811536697
3241.5,0.34066221778191014
3242.0,0.34010202988074023
3242.5,0.33558489770239686
3243.0,0.3307183664277439
3243.5,0.32994610450791445
3244.0,0.33349871063744746
3244.5,0.33740372805069396
3245.0,0.3385734444563663
3245.5,0.33814343537757685
3246.0,0.3387239084009248
3246.5,0.33973290778556037
3247.0,0.3384105751875972
3247.5,0.3348310355888013
3248.0,0.33352927731143706
3248.5,0.33853948926987587
3249.0,0.3474891821635029
3249.5,0.35294033063256625
3250.0,0.3500951697234239
3250.5,0.3418425426800712
3251.0,0.33536526452389115
3251.5,0.335114649563954
3252.0,0.3395997113229265
3252.5,0.34436653565119424
3253.0,0.3464679498441205
3253.5,0.3463254802077121
3254.0,0.34599001391796685
3254.5,0.3462439725685468
3255.0,0.3458717082325939
3255.5,0.3440632363051019
3256.0,0.34273718701960293
3256.5,0.3451737968200287
3257.0,0.35199198011772787
3257.5,0.35915490221774515
3258.0,0.3613215421998548
3258.5,0.35698498817958746
3259.0,0.35002794151953104
3259.5,0.346245068900596
3260.0,0.34855336202269166
3260.5,0.3551559581558313
3261.0,0.3615413152716295
3261.5,0.3643213862455349
3262.0,0.3633916251841209
3262.5,0.3606744246268443
3263.0,0.35740935502848153
3263.5,0.35379981909919617
3264.0,0.35090979864322835
3264.5,0.3514221032255879
3265.0,0.3565640804221186
3265.5,0.3628975806184857
3266.0,0.3638247806466067
3266.5,0.3564396783450056
3267.0,0.34563009618083884
3267.5,0.33964349883918393
3268.0,0.3419422448224083
3268.5,0.3485290468951832
3269.0,0.3532508386881042
3269.5,0.35467429427491226
3270.0,0.35573987426921794
3270.5,0.35757880157309385
3271.0,0.3573016350332574
3271.5,0.3529934005194159
3272.0,0.3480142517890638
3272.5,0.34784719708053147
3273.0,0.3534361835160127
3273.5,0.3592336804007019
3274.0,0.3595031940156158
3274.5,0.35431714323008695
3275.0,0.34909935336362574
3275.5,0.3490068202521866
3276.0,0.35456925132318157
3276.5,0.36161125517787934
3277.0,0.3656259602777201
3277.5,0.3651444243233417
3278.0,0.3620632022170339
3278.5,0.35917708832826933
3279.0,0.35778504253652743
3279.5,0.357551730937024
3280.0,0.3581174777414068
3280.5,0.35971698089378334
3281.0,0.36229298725082404
3281.5,0.3644604778507829
3282.0,0.3643564547524628
3282.5,0.3618979711664065
3283.0,0.35968335852455097
3283.5,0.3608936226142058
3284.0,0.3660655413101276
3284.5,0.3721951291779041
3285.0,0.3752773150289425
3285.5,0.3737443402076557
3286.0,0.3694270555787672
3286.5,0.3654708364278074
3287.0,0.36355255825989985
3287.5,0.3629803174939469
3288.0,0.36209136108383655
3288.5,0.36017737023873453
3289.0,0.3579813554209458
3289.5,0.35641596660687835
3290.0,0.3553408989914515
3290.5,0.35403734399164166
3291.0,0.35258309406203286
3291.5,0.3519228845834714
3292.0,0.35290265928005127
3292.5,0.3558402832166835
3293.0,0.3606374940234057
3293.5,0.3659710149869811
3294.0,0.36892049615654954
3294.5,0.3672627101113175
3295.0,0.3624783065548893
3295.5,0.3590642327840258
3296.0,0.36008132199563886
3296.5,0.36420407006686784
3297.0,0.3676664740952417
3297.5,0.36801566310108463
3298.0,0.36526590162659994
3298.5,0.36100144052348127
3299.0,0.3577309377451427
3299.5,0.35817437050502315
3300.0,0.36299635091893223
3300.5,0.3693775915510836
3301.0,0.37370902841495457
3301.5,0.3750253764449031
3302.0,0.3751226931929692
3302.5,0.3758954919520522
3303.0,0.37719452194298286
3303.5,0.37738617213508097
3304.0,0.3755690890021435
3304.5,0.37255473515158505
3305.0,0.37008883696934036
3305.5,0.36939256333052317
3306.0,0.36993168480138844
3306.5,0.36986766310198615
3307.0,0.3682157023571363
3307.5,0.36621996566342396
3308.0,0.36587520524557987
3308.5,0.3677606756729248
3309.0,0.37076097446688394
3309.5,0.3735150635217862
3310.0,0.37565606319536193
3310.5,0.37746062465607677
3311.0,0.37884032839137494
3311.5,0.3794667999112231
3312.0,0.37964794678688424
3312.5,0.3800503521825411
3313.0,0.3803289151709885
3313.5,0.3786521395941549
3314.0,0.3739984296921632
3314.5,0.3681914788282877
3315.0,0.365093007439389
3315.5,0.3669447833205283
3316.0,0.3720115489131025
3316.5,0.37601602009770346
3317.0,0.3758898064846507
3317.5,0.3716912227270374
3318.0,0.3661010527421015
3318.5,0.3627759510455113
3319.0,0.3645667086996341
3319.5,0.37174943816886896
3320.0,0.38132739767821805
3320.5,0.3882948965050762
3321.0,0.3890407254620488
3321.5,0.3837555923301617
3322.0,0.3761886169046252
3322.5,0.37089889246635266
3323.0,0.3699007810314156
3323.5,0.3713790590862916
3324.0,0.3719943263918237
3324.5,0.3699273594216568
3325.0,0.36599123890797447
3325.5,0.3627442399304269
3326.0,0.36301529120474446
3326.5,0.36831871974465147
3327.0,0.3767584099032786
3327.5,0.38285576664736015
3328.0,0.3821116166701219
3328.5,0.3758756708303375
3329.0,0.3706508271815479
3329.5,0.37164837327978345
3330.0,0.3780391080349849
3330.5,0.3848607549216798
3331.0,0.3884459857603477
3331.5,0.38833657061972376
3332.0,0.38540336181049273
3332.5,0.3804610897709172
3333.0,0.37542054211297904
3333.5,0.37344873926603067
3334.0,0.37604292315505117
3334.5,0.3806670044040834
3335.0,0.38293525987021015
3335.5,0.38104866909408486
3336.0,0.3775227419594977
3336.5,0.3759289011535794
3337.0,0.3766747042236735
3337.5,0.37718157711298006
3338.0,0.37585192526522915
3338.5,0.37391398294644657
3339.0,0.37335461864481434
3339.5,0.37463535889539845
3340.0,0.3773283416869747
3340.5,0.38141163510958886
3341.0,0.3861325806415193
3341.5,0.38888427886765664
3342.0,0.3873226405242901
3342.5,0.38273539800344947
3343.0,0.3798949324616019
3343.5,0.382369338076765
3344.0,0.3884425587682906
3344.5,0.39256476999007633
3345.0,0.39090061538071863
3345.5,0.38511127244369864
3346.0,0.38055321260918185
3346.5,0.3807690984772083
3347.0,0.38401694437566813
3347.5,0.38558942194438145
3348.0,0.3832846313045397
3348.5,0.3794002334219959
3349.0,0.37737014858710305
3349.5,0.37796049452317376
3350.0,0.3792509086910719
3350.5,0.37931923421181923
3351.0,0.377843907860209
3351.5,0.3756130847662325
3352.0,0.3738461209570223
3352.5,0.37385999382826973
3353.0,0.3759774319026122
3353.5,0.37875789972674817
3354.0,0.38046925746708715
3354.5,0.3816010933286007
3355.0,0.3840949800205414
3355.5,0.38861914280818605
3356.0,0.3937087246499154
3356.5,0.3976434602691382
3357.0,0.39971617139296234
3357.5,0.3993762849737536
3358.0,0.39557998333921984
3358.5,0.388859032878852
3359.0,0.38283516700446696
3359.5,0.38135005846980874
3360.0,0.3841478149088984
3360.5,0.38697493532942673
3361.0,0.38648652347424167
3361.5,0.38346456762388514
3362.0,0.3808526487236647
3362.5,0.3801669943129719
3363.0,0.3808740637200839
3363.5,0.3822901729538205
3364.0,0.38483269651935936
3364.5,0.3887991211469915
3365.0,0.3928461550899625
3365.5,0.39461647674713746
3366.0,0.3928390346319429
3366.5,0.3886253602847759
3367.0,0.3848699702040921
3367.5,0.38419549597104874
3368.0,0.38682342339368203
3368.5,0.39047314350715684
3369.0,0.3921642536876008
3369.5,0.39050094945258707
3370.0,0.38657861711666425
3370.5,0.38287091906148035
3371.0,0.3811612851603924
3371.5,0.3816689198075857
3372.0,0.3835151030385761
3372.5,0.3854611691985661
3373.0,0.38640363604753974
3373.5,0.38589939359774533
3374.0,0.38461341432097784
3374.5,0.384007716279091
3375.0,0.38510988134452107
3375.5,0.3875253716459936
3376.0,0.3897242321641906
3376.5,0.3901903272940305
3377.0,0.38837783059839004
3377.5,0.3849694342031879
3378.0,0.38157620042115425
3378.5,0.3798883095874751
3379.0,0.3804951016369039
3379.5,0.3824831373472126
3380.0,0.3843493430813065
3380.5,0.38527374072680687
3381.0,0.38540601937307634
3381.5,0.38534089988778114
3382.0,0.38563819009551775
3382.5,0.38658588073109423
3383.0,0.3880068709927703
3383.5,0.38960565337899744
3384.0,0.3917283079418817
3384.5,0.39520501207116876
3385.0,0.39993243346595436
3385.5,0.4038501579036846
3386.0,0.404311434398108
3386.5,0.40072411465511115
3387.0,0.39559005021210136
3387.5,0.39265383454123165
3388.0,0.39366683714017725
3388.5,0.3966496578929017
3389.0,0.3969792642605837
3389.5,0.39128986897086215
3390.0,0.38114163573834736
3390.5,0.3724117272018158
3391.0,0.37027210860332094
3391.5,0.375273380034425
3392.0,0.38369340640306887
3392.5,0.39062679501457465
3393.0,0.3926305700494788
3393.5,0.38895976756138634
3394.0,0.3821096818917244
3394.5,0.3769817597075992
3395.0,0.3768194391261693
3395.5,0.38008147138008364
3396.0,0.3823961829380241
3396.5,0.3814107994133171
3397.0,0.3791266286638409
3397.5,0.379505228254357
3398.0,0.38391999460301157
3398.5,0.3898896943058241
3399.0,0.3936466328255189
3399.5,0.39316693756817855
3400.0,0.38922277073267864
3400.5,0.38449173596644187
3401.0,0.3819435690701456
3401.5,0.3829844815096992
3402.0,0.38670035553363125
3402.5,0.39072422389101785
3403.0,0.39289200473124364
3403.5,0.39249521002975996
3404.0,0.3902167953963939
3404.5,0.3869196246111401
3405.0,0.3833536912220299
3405.5,0.38100457081486755
3406.0,0.3819509781595375
3406.5,0.3868637629526127
3407.0,0.3932209223189889
3407.5,0.39655330173463094
3408.0,0.39415970754936935
3408.5,0.38786525824170515
3409.0,0.38264492615875273
3409.5,0.3828874238467893
3410.0,0.3888735432304629
3410.5,0.39623066303025445
3411.0,0.3992519892518513
3411.5,0.3957900760216785
3412.0,0.3889379041275714
3412.5,0.38400919607134987
3413.0,0.38384098119606075
3413.5,0.38696929824295767
3414.0,0.3897003325230301
3414.5,0.38921407227108057
3415.0,0.385237272092417
3415.5,0.37992809631832886
3416.0,0.3764250506191389
3416.5,0.3765127103087138
3417.0,0.37901297272346907
3417.5,0.3807381474292814
3418.0,0.37962379494591175
3418.5,0.3768074967025081
3419.0,0.375355259765225
3419.5,0.3771812256561176
3420.0,0.38153134209854467
3420.5,0.3863568485737221
3421.0,0.3907621763276009
3421.5,0.395367445665105
3422.0,0.4001814982722741
3422.5,0.4033058985884761
3423.0,0.40266426101724223
3423.5,0.39884032267056724
3424.0,0.39515010895989167
3424.5,0.3942989364493566
3425.0,0.39584852800383696
3425.5,0.3976054533352905
3426.0,0.39854800855680206
3426.5,0.3990012819663486
3427.0,0.39863304953721607
3427.5,0.3960794192502924
3428.0,0.3914396892616499
3428.5,0.3873727205637356
3429.0,0.38618197999287623
3429.5,0.38755230003711755
3430.0,0.38986436087194154
3430.5,0.39257160702784555
3431.0,0.3960447894310644
3431.5,0.39923282020633066
3432.0,0.3994301127388151
3432.5,0.3959748712257183
3433.0,0.39239750774034277
3433.5,0.39277431928748274
3434.0,0.3967325439220692
3434.5,0.39932194686080097
3435.0,0.39657653269562093
3435.5,0.39008954802130996
3436.0,0.3853801416008314
3436.5,0.3863305447676393
3437.0,0.39165207518989437
3437.5,0.3963438795623557
3438.0,0.3964002814514482
3438.5,0.39228068646058556
3439.0,0.3878602161855422
3439.5,0.38662726667124325
3440.0,0.38891500655133654
3440.5,0.3924860245380012
3441.0,0.3947667145321408
3441.5,0.39436087757708904
3442.0,0.3916891251132184
3442.5,0.38933001704271786
3443.0,0.3910119031234024
3443.5,0.39838538608932395
3444.0,0.40809970130889295
3444.5,0.4138370679277882
3445.0,0.41252185771565164
3445.5,0.4070826601035355
3446.0,0.40260652323770546
3446.5,0.40125877290990547
3447.0,0.4011469188040242
3447.5,0.39993873064305074
3448.0,0.39816178977075334
3448.5,0.3975611150781062
3449.0,0.39778001124928025
3449.5,0.39684014349106433
3450.0,0.39414427706091615
3450.5,0.3918405699368344
3451.0,0.3921443698668332
3451.5,0.3939213136379199
3452.0,0.39357426835160136
3452.5,0.3898990366337164
3453.0,0.38624556202209387
3453.5,0.386759826696164
3454.0,0.3908539864281439
3454.5,0.39345276648926253
3455.0,0.39109113278658875
3455.5,0.3867701295569861
3456.0,0.38618327139378494
3456.5,0.39109135714096
3457.0,0.39741258986140576
3457.5,0.3998176541805356
3458.0,0.3966878460944148
3458.5,0.39057568632921164
3459.0,0.3848693769969826
3459.5,0.382001563017761
3460.0,0.38318664529300317
3460.5,0.3877222976117838
3461.0,0.3922703903950199
3461.5,0.39259501040627987
3462.0,0.38729151019868446
3462.5,0.37961251717551786
3463.0,0.3750133285106476
3463.5,0.3770948001808713
3464.0,0.38514362633880406
3464.5,0.3947622807232844
3465.0,0.40100176033831575
3465.5,0.4016948857392344
3466.0,0.39845623069689756
3466.5,0.3947621340310999
3467.0,0.39301935480567285
3467.5,0.3935456323221799
3468.0,0.395584927696093
3468.5,0.39793864034716736
3469.0,0.39877163000181093
3469.5,0.3969592643770841
3470.0,0.3938924494589548
3470.5,0.39281479035717765
3471.0,0.39554502036892436
3471.5,0.40035591099826606
3472.0,0.40378310814924023
3472.5,0.4039482976736887
3473.0,0.40131746339000063
3473.5,0.3973503052350117
3474.0,0.39373284051917845
3474.5,0.39218708691149756
3475.0,0.3933773893235486
3475.5,0.39555009924195494
3476.0,0.3955871634365563
3476.5,0.3919315388198067
3477.0,0.3862214647428847
3477.5,0.38185440464884013
3478.0,0.380926713781085
3478.5,0.3823498009056415
3479.0,0.3830223799427056
3479.5,0.38082044351320865
3480.0,0.37659412915419166
3480.5,0.3733491486343325
3481.0,0.3736868499009648
3481.5,0.37782621622613843
3482.0,0.3834303042098921
3482.5,0.38701775581125036
3483.0,0.3865087622704633
3483.5,0.38308477088928977
3484.0,0.38081643363791484
3484.5,0.38322255426662166
3485.0,0.38947453009843863
3485.5,0.3949053108919179
3486.0,0.39631863067101175
3486.5,0.39542345632987624
3487.0,0.3963715354359976
3487.5,0.400331851152537
3488.0,0.40402536999961386
3488.5,0.4035096255305866
3489.0,0.39883413563495307
3489.5,0.3933418635859398
3490.0,0.3899911004202869
3490.5,0.3894253593750654
3491.0,0.39103266568723233
3491.5,0.39399769815450536
3492.0,0.39695020053322905
3492.5,0.3973978679839002
3493.0,0.39369138002746096
3493.5,0.3875876964294597
3494.0,0.3835541558357207
3494.5,0.38478094744479013
3495.0,0.3902508931775763
3495.5,0.39554355900641347
3496.0,0.3962597622815939
3496.5,0.39127040613567954
3497.0,0.38361029843210787
3497.5,0.3786104636798417
3498.0,0.37996124818507987
3498.5,0.3865210160389675
3499.0,0.392806461724747
3499.5,0.3935760941454799
3500.0,0.3884355365459874
3500.5,0.38194650324257334
3501.0,0.37933919838293867
3501.5,0.38214877901489974
3502.0,0.387409564314323
3502.5,0.39034493467819065
3503.0,0.38861695266618523
3503.5,0.38432555923001677
3504.0,0.3820143888927959
3504.5,0.3844240357739289
3505.0,0.38993028304936056
3505.5,0.39412414178288985
3506.0,0.39390699703950094
3506.5,0.3899385608967836
3507.0,0.3850116948688026
3507.5,0.3808917044057602
3508.0,0.3776839725494754
3508.5,0.375554977409273
3509.0,0.37552872334833143
3509.5,0.3775286731626821
3510.0,0.37944314777336563
3510.5,0.37908293998496484
3511.0,0.3769136361534579
3511.5,0.3753714336906833
3512.0,0.37531955511059384
3512.5,0.37447032836072774
3513.0,0.3707579796676755
3513.5,0.36598780964353667
3514.0,0.36446630971417554
3514.5,0.3680984658807201
3515.0,0.37369721860712285
3515.5,0.3757785046498871
3516.0,0.37209677127784213
3516.5,0.36573830498391446
3517.0,0.36165618874062355
3517.5,0.36183534417359786
3518.0,0.36429282984292066
3518.5,0.36619913503261053
3519.0,0.36707186641281736
3519.5,0.36829931041590974
3520.0,0.370922588656322
3520.5,0.37507737553334064
3521.0,0.38056360730833155
3521.5,0.3864263841910993
3522.0,0.3905247533029782
3522.5,0.3910636241746634
3523.0,0.38874910413783803
3523.5,0.38565827469693453
3524.0,0.3830542251909877
3524.5,0.3808420527058126
3525.0,0.37886758945435073
3525.5,0.37721328653732394
3526.0,0.3753276038135526
3526.5,0.3719264381956336
3527.0,0.3667828959360502
3527.5,0.36144475466197284
3528.0,0.3578539251503603
3528.5,0.3569410678626955
3529.0,0.3587508567776386
3529.5,0.36258790397149643
3530.0,0.3664960656068747
3530.5,0.36788023392744706
3531.0,0.3657567853431153
3531.5,0.3623393675776492
3532.0,0.3613917260590328
3532.5,0.36458536540844877
3533.0,0.36948798994056026
3533.5,0.3714614597934768
3534.0,0.3677501097620949
3534.5,0.35992368415675946
3535.0,0.35255865470788544
3535.5,0.3497965494760569
3536.0,0.35245109899218185
3536.5,0.3574136347152557
3537.0,0.36046437431773287
3537.5,0.3594590981992103
3538.0,0.35549895583255814
3538.5,0.35171901183821364
3539.0,0.3508154874450234
3539.5,0.35322096019046856
3540.0,0.35784562388904284
3540.5,0.3635976416855769
3541.0,0.3695894159797372
3541.5,0.37432597380546406
3542.0,0.37630656648920724
3542.5,0.3758374983373509
3543.0,0.37509171020875703
3543.5,0.3756924463466711
3544.0,0.3772248587817741
3544.5,0.3778710770786196
3545.0,0.3763959799968013
3545.5,0.3735190938187933
3546.0,0.3711599324057905
3546.5,0.37059682442441166
3547.0,0.371729203767293
3547.5,0.3735333718869533
3548.0,0.37492603564054655
3548.5,0.375331780750814
3549.0,0.37463090062138066
3549.5,0.3730911852824596
3550.0,0.37123551639285024
3550.5,0.3695345666089526
3551.0,0.36821024840811606
3551.5,0.36698425853940064
3552.0,0.36519778005907355
3552.5,0.36278960392695075
3553.0,0.3607727030746998
3553.5,0.35977790165368184
3554.0,0.35885433364603675
3554.5,0.3566716397891529
3555.0,0.35366917997348757
3555.5,0.35212583922447027
3556.0,0.3536130759080966
3556.5,0.3567769172779967
3557.0,0.35854827734306616
3557.5,0.35749452913420354
3558.0,0.35528332136849033
3558.5,0.3549638066580048
3559.0,0.358069968873954
3559.5,0.3630968286579169
3560.0,0.36693177607398525
3560.5,0.36787329186140977
3561.0,0.36721496962213274
3561.5,0.3682440601612321
3562.0,0.3740315455314987
3562.5,0.38549720068914134
3563.0,0.39976491861554975
3563.5,0.4112713588467112
3564.0,0.4154694473523094
3564.5,0.4115598520628167
3565.0,0.4036173811300395
3565.5,0.3981405879302811
3566.0,0.39777496886364894
3566.5,0.39980029798423894
3567.0,0.40121067636117663
3567.5,0.400050881863799
3568.0,0.3945125337454861
3568.5,0.38456783655497206
3569.0,0.3735190146337941
3569.5,0.36610092444727504
3570.0,0.36454902980407605
3570.5,0.36626138585596685
3571.0,0.36642691949055894
3571.5,0.36319981565622184
3572.0,0.3592051630749563
3572.5,0.35801564908412026
3573.0,0.3599374521155063
3573.5,0.3617138953239175
3574.0,0.36028330068407105
3574.5,0.3564152749409876
3575.0,0.3541072537527847
3575.5,0.3562393577586168
3576.0,0.36147508231441605
3576.5,0.3654234295241268
3577.0,0.3649155230812759
3577.5,0.360373045751892
3578.0,0.35450357099603075
3578.5,0.3498282170391259
3579.0,0.34758918824803564
3579.5,0.34748896579067323
3580.0,0.34843618856238445
3580.5,0.3493251757088027
3581.0,0.3495926793519052
3581.5,0.3495929702909888
3582.0,0.35086859696662154
3582.5,0.3554341468918997
3583.0,0.3632702873319188
3583.5,0.37020263661854635
3584.0,0.37125108761162773
3584.5,0.36653020923085267
3585.0,0.36157147868058753
3585.5,0.3618522931256802
3586.0,0.3670382901814794
3586.5,0.3717976688952268
3587.0,0.3724307973791266
3587.5,0.3702121769612182
3588.0,0.3685049455545271
3588.5,0.36883442128557775
3589.0,0.36978042821890467
3589.5,0.36908936878688514
3590.0,0.3660980787708048
3590.5,0.36238101798466615
3591.0,0.3604645640899268
3591.5,0.36127072016855905
3592.0,0.3629378160652356
3592.5,0.3625506275143663
3593.0,0.359613538185924
3593.5,0.3565346408341171
3594.0,0.3558598531713517
3594.5,0.35761920025786165
3595.0,0.35935429914552486
3595.5,0.3588025072643277
3596.0,0.3566414010173082
3596.5,0.35541260638606464
3597.0,0.3563733001925529
3597.5,0.3583301631360099
3598.0,0.35902475340075674
3598.5,0.3573000668697198
3599.0,0.35366857227139353
3599.5,0.3494286292572419
3600.0,0.3459554206565355
3600.5,0.3441303953256948
3601.0,0.3436835549277945
3601.5,0.3436518021491728
3602.0,0.3437031751995265
3602.5,0.34451704305324293
3603.0,0.3465636090305922
3603.5,0.3484831608294068
3604.0,0.34836584143887567
3604.5,0.347177696713215
3605.0,0.34877393983763044
3605.5,0.3556833911263264
3606.0,0.3649429312635999
3606.5,0.3693332682728874
3607.0,0.3657091689402595
3607.5,0.35833515929116305
3608.0,0.35439394468349034
3608.5,0.35820285316130474
3609.0,0.36702559643269916
3609.5,0.37258667327608275
3610.0,0.37026642319486797
3610.5,0.3629752192982072
3611.0,0.35554888177215505
3611.5,0.3510974234917592
3612.0,0.3504124849678809
3612.5,0.35199892602173
3613.0,0.3543428387770178
3613.5,0.3581644043880904
3614.0,0.36358269587157643
3614.5,0.3677105289971962
3615.0,0.36704508171613787
3615.5,0.36173515932151534
3616.0,0.3558443517850226
3616.5,0.35365685500606403
3617.0,0.35520980670973823
3617.5,0.3565841604166083
3618.0,0.3550653973637009
3618.5,0.3516555825098825
3619.0,0.34864574879087584
3619.5,0.34666755747083533
3620.0,0.3443736631719247
3620.5,0.34098531087268674
3621.0,0.33786949009845624
3621.5,0.33683735821320576
3622.0,0.33819187829243
3622.5,0.3405522791733809
3623.0,0.3419541806973794
3623.5,0.34136560326324256
3624.0,0.33969361759114125
3624.5,0.33960695217408887
3625.0,0.34443882718367924
3625.5,0.35469153975773854
3626.0,0.36472446409329223
3626.5,0.3683311711172331
3627.0,0.36566025945178265
3627.5,0.3610284785816253
3628.0,0.3587142213968782
3628.5,0.36012976441824585
3629.0,0.3628994329424687
3629.5,0.36514942205075845
3630.0,0.36714950390638995
3630.5,0.36726524178896147
3631.0,0.3624958071805196
3631.5,0.3532219332406495
3632.0,0.3435377094425357
3632.5,0.3377823107330026
3633.0,0.337720486112941
3633.5,0.3417396300224672
3634.0,0.3467928631339888
3634.5,0.35102078450629803
3635.0,0.3536854424554633
3635.5,0.35464525082876275
3636.0,0.35465476327737794
3636.5,0.35492666573441184
3637.0,0.3558866304059053
3637.5,0.35685493608893976
3638.0,0.35688426589311817
3638.5,0.3558228512573669
3639.0,0.35392756272841497
3639.5,0.35077205837447417
3640.0,0.34568974172780575
3640.5,0.3395373582159415
3641.0,0.3346871373311483
3641.5,0.3328911987992151
3642.0,0.3335989801229061
3642.5,0.33516479852807435
3643.0,0.3374413095102481
3643.5,0.3417628636366357
3644.0,0.3477009107898339
3644.5,0.3530194851493413
3645.0,0.35767745873392387
3645.5,0.3639659075292997
3646.0,0.3736970066853303
3646.5,0.38614645689280996
3647.0,0.3976952001309284
3647.5,0.40361899336612556
3648.0,0.40163400925159715
3648.5,0.39406592249294076
3649.0,0.3857862367487072
3649.5,0.37962240125957686
3650.0,0.37561441353644937
3650.5,0.37239116252716353
3651.0,0.3674655915710226
3651.5,0.3598900985913661
3652.0,0.35218086055411113
3652.5,0.34795820930111565
3653.0,0.347518753757091
3653.5,0.3469562681196873
3654.0,0.34354428407407606
3654.5,0.3389567111749816
3655.0,0.3368123554109143
3655.5,0.33954619751640214
3656.0,0.3454013970809483
3656.5,0.3491412006957819
3657.0,0.3479691572213
3657.5,0.34370498866771765
3658.0,0.3394593037689504
3658.5,0.337390465366711
3659.0,0.3380538360018294
3659.5,0.34017899886244585
3660.0,0.34112315253639597
3660.5,0.3383027496212747
3661.0,0.33120312221015374
3661.5,0.3225047295374551
3662.0,0.31657114714186807
3662.5,0.31589198255423145
3663.0,0.31921942065799647
3663.5,0.3234390362779578
3664.0,0.32666025218083006
3664.5,0.3288585643786137
3665.0,0.3298604090122295
3665.5,0.32836940924086416
3666.0,0.324731002389496
3666.5,0.3225385165271445
3667.0,0.3255231986828526
3667.5,0.333015529870469
3668.0,0.3385011240465619
3668.5,0.33607977980167136
3669.0,0.32636962245009765
3669.5,0.3152818319890484
3670.0,0.3094054138119197
3670.5,0.3113763521834591
3671.0,0.3184025482278063
3671.5,0.32739311092606826
3672.0,0.3364468540931241
3672.5,0.3410079595680393
3673.0,0.33828444372276484
3673.5,0.33175637031648486
3674.0,0.32702444739275577
3674.5,0.328031219797141
3675.0,0.33482606707107526
3675.5,0.342729176307058
3676.0,0.34733298639176374
3676.5,0.3472954344403425
3677.0,0.3431679278877639
3677.5,0.33748477376524794
3678.0,0.3335340329897294
3678.5,0.3326505665924878
3679.0,0.33318601000853243
3679.5,0.3322802128551835
3680.0,0.32905121688803424
3680.5,0.3253262169079691
3681.0,0.3229601693340716
3681.5,0.32163575370050457
3682.0,0.3195443797294331
3682.5,0.31529160861460576
3683.0,0.3089403703853778
3683.5,0.3017116276883504
3684.0,0.2955023332122567
3684.5,0.29327415727023853
3685.0,0.2976516000738074
3685.5,0.3053627542316449
3686.0,0.30928760957295426
3686.5,0.30711216141121933
3687.0,0.3018484670972306
3687.5,0.2994196350858678
3688.0,0.30451923339548237
3688.5,0.31384616152874867
3689.0,0.3201058338004382
3689.5,0.32194025978574164
3690.0,0.3224145681708157
3690.5,0.32371971247928627
3691.0,0.3250928109362865
3691.5,0.32460932467200726
3692.0,0.32261829836791595
3692.5,0.3217652409281333
3693.0,0.3233456882797556
3693.5,0.32533666591519506
3694.0,0.3241809492661721
3694.5,0.3185967263971095
3695.0,0.3109988971179883
3695.5,0.3050724779760562
3696.0,0.3023739115319563
3696.5,0.30164727027412186
3697.0,0.30110835884164255
3697.5,0.30043600760364314
3698.0,0.2997198025640663
3698.5,0.2975168329545098
3699.0,0.29237324198417974
3699.5,0.2858756969510431
3700.0,0.2813864351514718
3700.5,0.2812849305930367
3701.0,0.2857769854328311
3701.5,0.2927829278984184
3702.0,0.29952234516361353
3702.5,0.30444312150983155
3703.0,0.3065653405983422
3703.5,0.3054710559972408
3704.0,0.3023818671268317
3704.5,0.299764907597899
3705.0,0.2998839591121256
3705.5,0.3038998043208495
3706.0,0.3107504363435084
3706.5,0.31611585986851437
3707.0,0.31579434360810776
3707.5,0.3106849884207917
3708.0,0.30629917231131415
3708.5,0.3084960700253301
3709.0,0.31665518887416233
3709.5,0.32255466302726593
3710.0,0.3212540692506505
3710.5,0.3156063296022714
3711.0,0.31118314528510965
3711.5,0.3116415191872107
3712.0,0.314984188576444
3712.5,0.3156855497309745
3713.0,0.312171642858699
3713.5,0.3069370666928213
3714.0,0.30281326731706737
3714.5,0.3015300267601554
3715.0,0.30299380781816937
3715.5,0.3051636988540928
3716.0,0.3052045563028779
3716.5,0.30170093678088994
3717.0,0.29616745353681617
3717.5,0.2926541016525268
3718.0,0.29564394375176795
3718.5,0.30579384125209896
3719.0,0.31661439197950014
3719.5,0.3199336407802877
3720.0,0.31551076460828115
3720.5,0.3104157392885608
3721.0,0.3112910174951049
3721.5,0.3196532899167762
3722.0,0.3311576837392318
3722.5,0.33999317055929357
3723.0,0.3441210805509107
3723.5,0.3443804668847522
3724.0,0.34204792579129756
3724.5,0.33875254274984057
3725.0,0.33577416771150925
3725.5,0.33393585945192117
3726.0,0.3334699416008251
3726.5,0.3328957920998391
3727.0,0.3300500570340015
3727.5,0.3251972891037827
3728.0,0.32228871631174827
3728.5,0.32580902929424066
3729.0,0.3340522152930999
3729.5,0.339273698251785
3730.0,0.33866941153339053
3730.5,0.3365198847973768
3731.0,0.3383999140159233
3731.5,0.3454977935996209
3732.0,0.3522298261051221
3732.5,0.3532192104583462
3733.0,0.35035038866568025
3733.5,0.348467519089104
3734.0,0.35027070940721594
3734.5,0.3546575439646385
3735.0,0.3575477869359086
3735.5,0.35664606767287654
3736.0,0.35358409484260334
3736.5,0.35109170941248785
3737.0,0.3503679078117133
3737.5,0.35052862414490626
3738.0,0.3497673975166402
3738.5,0.34711270453421317
3739.0,0.34300467364057796
3739.5,0.338834812013439
3740.0,0.33602057511015554
3740.5,0.33592417393707563
3741.0,0.33871406380542984
3741.5,0.34002446714745904
3742.0,0.33680516381897163
3742.5,0.3321737577414327
3743.0,0.32951091292558843
3743.5,0.3311755534338334
3744.0,0.33691017036186727
3744.5,0.3401186299599327
3745.0,0.33672894786926544
3745.5,0.3322219954380703
3746.0,0.33298864589878563
3746.5,0.33788592587035937
3747.0,0.3402060098820132
3747.5,0.3379402246024072
3748.0,0.3347412907221947
3748.5,0.3365362264011974
3749.0,0.34435238043159316
3749.5,0.3500216137335568
3750.0,0.3471028938353223
3750.5,0.33792501261612407
3751.0,0.32843893817026115
3751.5,0.3239881316292108
3752.0,0.32488133365131366
3752.5,0.3267304788795817
3753.0,0.32740050667461207
3753.5,0.3261315178382764
3754.0,0.3218744838595582
3754.5,0.3159847548109403
3755.0,0.312212409449345
3755.5,0.3138504554910267
3756.0,0.31998644461654613
3756.5,0.3246892568786488
3757.0,0.3232781554082917
3757.5,0.3176760811920374
3758.0,0.3124418665021885
3758.5,0.31009795874951
3759.0,0.31028038425254983
3759.5,0.3107288818058359
3760.0,0.30985029948805476
3760.5,0.30809027411071654
3761.0,0.30605728605207433
3761.5,0.3040289580169591
3762.0,0.30272499666193114
3762.5,0.3027088680955445
3763.0,0.30326478908769416
3763.5,0.30327504793702265
3764.0,0.30266764422978615
3764.5,0.302729908739865
3765.0,0.3050348498624063
3765.5,0.30950725154922243
3766.0,0.3137430850828091
3766.5,0.3149003058392552
3767.0,0.3126605036649978
3767.5,0.30919847322754734
3768.0,0.30624503608171305
3768.5,0.3040653153276801
3769.0,0.30232966802236244
3769.5,0.30056099358744603
3770.0,0.2983409372731506
3770.5,0.2953365575020076
3771.0,0.29080324524667717
3771.5,0.2845265131006848
3772.0,0.27786839536040203
3772.5,0.2730164032393716
3773.0,0.2712752528155055
3773.5,0.27200433355688125
3774.0,0.2732851400135551
3774.5,0.2735908747798124
3775.0,0.27291889021022214
3775.5,0.2722410308614182
3776.0,0.27219758729082416
3776.5,0.2725584153177667
3777.0,0.2730293597431225
3777.5,0.27394257457709054
3778.0,0.2760213194211442
3778.5,0.2797614199898103
3779.0,0.2844301235524488
3779.5,0.2883135442789311
3780.0,0.290524062750368
3780.5,0.2919927656615727
3781.0,0.29385364319854673
3781.5,0.2957182325087919
3782.0,0.29611962643925976
3782.5,0.29480909580640474
3783.0,0.29348409115918833
3783.5,0.29401628595981766
3784.0,0.29624809877264596
3784.5,0.2979450958893777
3785.0,0.2972267725012783
3785.5,0.2946073226418846
3786.0,0.29219875936780726
3786.5,0.29144017081319723
3787.0,0.2918929589904793
3787.5,0.2919324470896145
3788.0,0.29053409307313594
3788.5,0.28831672270285275
3789.0,0.286716199753694
3789.5,0.286114269080081
3790.0,0.2854749428517416
3790.5,0.28392151014550154
3791.0,0.28219110744139764
3791.5,0.2820110510698692
3792.0,0.2844096792881517
3792.5,0.2885605596681307
3793.0,0.2923138680074992
3793.5,0.2935170781738783
3794.0,0.29191720958753287
3794.5,0.2894059236700182
3795.0,0.2884736011417526
3795.5,0.29044429856504617
3796.0,0.2943548612947875
3796.5,0.2975403607590431
3797.0,0.2989658811885782
3797.5,0.3009890517860425
3798.0,0.30590887056096505
3798.5,0.3110399662265534
3799.0,0.31243746654434407
3799.5,0.31063168057995694
3800.0,0.3086786166217204
3800.5,0.30965050436986513
3801.0,0.31408651993941283
3801.5,0.31800063560254194
3802.0,0.31773093094971433
3802.5,0.31413218853608893
3803.0,0.3104015144598242
3803.5,0.3096798600191318
3804.0,0.31175212441514555
3804.5,0.3124958176045485
3805.0,0.3091573353657324
3805.5,0.30262510865146575
3806.0,0.29594567992391035
3806.5,0.2922625071789403
3807.0,0.2919670275640823
3807.5,0.2925881029749744
3808.0,0.2929076638774954
3808.5,0.2934191210859668
3809.0,0.2941871041612534
3809.5,0.29463497740051825
3810.0,0.29481272846747564
3810.5,0.29563479695228784
3811.0,0.29807131726369507
3811.5,0.3025039437784092
3812.0,0.3092383964175668
3812.5,0.31775999123212395
3813.0,0.3238636062370043
3813.5,0.3232318110140399
3814.0,0.3174349121186399
3814.5,0.31099713329939904
3815.0,0.3083491330392136
3815.5,0.31168091239154994
3816.0,0.31807887736493523
3816.5,0.32370794445783574
3817.0,0.3297567498088811
3817.5,0.33765382086755447
3818.0,0.3422536353852834
3818.5,0.33736552933666664
3819.0,0.3256320246162137
3819.5,0.3145580611574374
3820.0,0.30938710809479814
3820.5,0.3110521621343605
3821.0,0.31426213627951777
3821.5,0.31310319741311077
3822.0,0.3089482718523051
3822.5,0.3063724465445115
3823.0,0.30647438747647404
3823.5,0.3068830940251505
3824.0,0.30493496298318606
3824.5,0.3008325258883905
3825.0,0.29740426998591674
3825.5,0.29745646066380893
3826.0,0.30115702270991196
3826.5,0.30583698007764787
3827.0,0.309093755695576
3827.5,0.311735886428206
3828.0,0.3158717193523034
3828.5,0.32010257348445736
3829.0,0.3203739045671609
3829.5,0.3161464881438062
3830.0,0.3111844090443644
3830.5,0.31009008661175574
3831.0,0.31519622972632655
3831.5,0.3236556453880483
3832.0,0.32913818525774285
3832.5,0.3282683103181916
3833.0,0.3229599460309776
3833.5,0.31733419755379094
3834.0,0.3151172947626306
3834.5,0.3167627080783184
3835.0,0.31804330341869463
3835.5,0.31583565073288267
3836.0,0.3119631984085148
3836.5,0.3094869405955091
3837.0,0.3095413247406268
3837.5,0.3106160235880704
3838.0,0.3104658749767136
3838.5,0.3099488362444974
3839.0,0.3119217299237629
3839.5,0.3175387587661923
3840.0,0.32492995666656554
3840.5,0.33012314723238234
3841.0,0.3309225438459654
3841.5,0.32946427374836484
3842.0,0.32913955702744013
3842.5,0.3310436375931199
3843.0,0.33346229860113175
3843.5,0.3334977524287101
3844.0,0.33007565259492777
3844.5,0.32527495613541474
3845.0,0.32179698440760895
3845.5,0.320183895285108
3846.0,0.31880992847194656
3846.5,0.31580855394223273
3847.0,0.3112106792490397
3847.5,0.30741988828160555
3848.0,0.3075356133858761
3848.5,0.312225096068693
3849.0,0.3171913241128803
3849.5,0.31754131150437914
3850.0,0.31575740592838747
3850.5,0.31988929732188903
3851.0,0.3297039772696798
3851.5,0.335004963772199
3852.0,0.33249156163522076
3852.5,0.32561910715840986
3853.0,0.320661908310618
3853.5,0.323551804397139
3854.0,0.3309254186093769
3854.5,0.33321984292435175
3855.0,0.32968159556515475
3855.5,0.3243505487644016
3856.0,0.31914999324741516
3856.5,0.3146529407650935
3857.0,0.3117297935537686
3857.5,0.3116891635243076
3858.0,0.31504551991955165
3858.5,0.3198442231058751
3859.0,0.32229780245202133
3859.5,0.32076054851624847
3860.0,0.31804731195523195
3860.5,0.31891638897915836
3861.0,0.32555476073012946
3861.5,0.3335976965139409
3862.0,0.3352434190217371
3862.5,0.3291624409166899
3863.0,0.32114538391665887
3863.5,0.3164551816516161
3864.0,0.3166630293962185
3864.5,0.31960185412286574
3865.0,0.3218812841357667
3865.5,0.32319575751958696
3866.0,0.32434219883491344
3866.5,0.32304800927489025
3867.0,0.3179380966098682
3867.5,0.31129409675169945
3868.0,0.30598772327360935
3868.5,0.3040621589104156
3869.0,0.306106623938267
3869.5,0.31053930314773714
3870.0,0.31567198246311834
3870.5,0.32014071937274496
3871.0,0.3204059041304403
3871.5,0.3140414520808748
3872.0,0.3042495495399013
3872.5,0.2969744361421614
3873.0,0.29568095181738163
3873.5,0.29872483966785845
3874.0,0.30077762082021786
3874.5,0.2982434393461518
3875.0,0.2929673025293538
3875.5,0.28904639011200445
3876.0,0.2891625694719181
3876.5,0.29365713487730105
3877.0,0.3000615588476535
3877.5,0.3034453180411877
3878.0,0.30176715012324373
3878.5,0.2985468989277356
3879.0,0.29838712130543626
3879.5,0.30285494866386464
3880.0,0.3091472694159537
3880.5,0.3128358949106732
3881.0,0.3135204067246471
3881.5,0.3149291586375292
3882.0,0.3186563475329656
3882.5,0.32124023893378567
3883.0,0.3187693967930344
3883.5,0.31229857519286314
3884.0,0.3063073262694688
3884.5,0.30479526884829167
3885.0,0.3083281860009148
3885.5,0.31264362244214894
3886.0,0.31288447149658316
3886.5,0.3093680210607792
3887.0,0.3063043776645446
3887.5,0.3063604348370049
3888.0,0.3075382106130121
3888.5,0.30586610476233833
3889.0,0.30092948812981385
3889.5,0.29589826855535306
3890.0,0.2942275331454947
3890.5,0.296614256230303
3891.0,0.2993877742766899
3891.5,0.2980065120408781
3892.0,0.2926802287899749
3892.5,0.2875189521850194
3893.0,0.2859581278116377
3893.5,0.28825271418149834
3894.0,0.29220523776775215
3894.5,0.2957750601018592
3895.0,0.29891891048947505
3895.5,0.3024426519352169
3896.0,0.30548687115771744
3896.5,0.3062783955868816
3897.0,0.3057947234715914
3897.5,0.3077828495588432
3898.0,0.31526204423614246
3898.5,0.32602411846045387
3899.0,0.33230639993657574
3899.5,0.3298218902280586
3900.0,0.3234128935086719
3900.5,0.32034988957718236
3901.0,0.32304630845722954
3901.5,0.32695954890131046
3902.0,0.3260635232089252
3902.5,0.3197861842904246
3903.0,0.3127247787212939
3903.5,0.3088538672229399
3904.0,0.3085309650426763
3904.5,0.3092327391726358
3905.0,0.3093737963736234
3905.5,0.30910839885743896
3906.0,0.3083260061380049
3906.5,0.3064004203042557
3907.0,0.30360171402539543
3907.5,0.30120736419162064
3908.0,0.3000070328656776
3908.5,0.29912359886557255
3909.0,0.2970246623954427
3909.5,0.29349873797470166
3910.0,0.29002316918669263
3910.5,0.28798219788004653
3911.0,0.28734146399690097
3911.5,0.2871726118767489
3912.0,0.28694517713922923
3912.5,0.2868547314849756
3913.0,0.28702534467343477
3913.5,0.2869285789228263
3914.0,0.28592625863035037
3914.5,0.2840127601205591
3915.0,0.2821078673821312
3915.5,0.2816351646658923
3916.0,0.283468861039368
3916.5,0.28703049720139096
3917.0,0.29037309618641327
3917.5,0.29183551825670073
3918.0,0.29176144881207783
3918.5,0.2919362543924489
3919.0,0.2937872806066706
3919.5,0.29717707729033555
3920.0,0.30040822604497647
3920.5,0.3018726264705565
3921.0,0.30146968516093375
3921.5,0.3001267103397653
3922.0,0.29860418030094965
3922.5,0.29721311151686297
3923.0,0.2962898985248958
3923.5,0.29622215058177315
3924.0,0.29681397031281576
3924.5,0.29708205892738193
3925.0,0.2960694375856495
3925.5,0.29393705060100667
3926.0,0.29219876239249726
3926.5,0.2924471244168988
3927.0,0.2948724654148072
3927.5,0.29812664566571134
3928.0,0.3006084827746285
3928.5,0.30163414241323105
3929.0,0.3014557626317846
3929.5,0.30052444015943436
3930.0,0.299178417834025
3930.5,0.2979705514723411
3931.0,0.297677845799434
3931.5,0.298508946075899
3932.0,0.2996211812090932
3932.5,0.2999214690128175
3933.0,0.29920354881747924
3933.5,0.29807889419574063
3934.0,0.29730390951795455
3934.5,0.29745882453456196
3935.0,0.2987197782781071
3935.5,0.3005207165329903
3936.0,0.30175361696655756
3936.5,0.3017253509305298
3937.0,0.3009370638050043
3937.5,0.3007490532285969
3938.0,0.3021510640193686
3938.5,0.3046012862858721
3939.0,0.3059117006211026
3939.5,0.3037120107831576
3940.0,0.2978795542530913
3940.5,0.29121984685607605
3941.0,0.2870073158067481
3941.5,0.2867717971011489
3942.0,0.2897590499941388
3942.5,0.2935925294317321
3943.0,0.29603743478943795
3943.5,0.2963739767115162
3944.0,0.2950473992037157
3944.5,0.2933745758981088
3945.0,0.2931497215329494
3945.5,0.29532284097232514
3946.0,0.2991800529886277
3946.5,0.30271419975975483
3947.0,0.3038463369929474
3947.5,0.30230479781194275
3948.0,0.30017568634660025
3948.5,0.2999463826362954
3949.0,0.3019805231516752
3949.5,0.30412859905804157
3950.0,0.3039377536703876
3950.5,0.30134712305531086
3951.0,0.298605783458656
3951.5,0.2975401658379678
3952.0,0.29763213862341076
3952.5,0.296928288097117
3953.0,0.29444773439197924
3953.5,0.2912871630996726
3954.0,0.28918869555063803
3954.5,0.2884219213908221
3955.0,0.2877644628980544
3955.5,0.2864267021533834
3956.0,0.2852697006310329
3956.5,0.2856286256342022
3957.0,0.2875175200640893
3957.5,0.28973442774584396
3958.0,0.2914196505263538
3958.5,0.29282924628974977
3959.0,0.2944939185728612
3959.5,0.29618929015757156
3960.0,0.29707275405858935
3960.5,0.29648416250892656
3961.0,0.2945726444921802
3961.5,0.2921469309152996
3962.0,0.2900797339825337
3962.5,0.2885489150701979
3963.0,0.2869755310309266
3963.5,0.2847447219902459
3964.0,0.2818836552630198
3964.5,0.2789671323786382
3965.0,0.27676164474541054
3965.5,0.2759344189760828
3966.0,0.27678504580339075
3966.5,0.27890458942530544
3967.0,0.28115402573868997
3967.5,0.2824214173890053
3968.0,0.2825131271411482
3968.5,0.28217871643696635
3969.0,0.28238794526250405
3969.5,0.2833204749692065
3970.0,0.2839870911004306
3970.5,0.2832247545454759
3971.0,0.28121863199122066
3971.5,0.27952881175747546
3972.0,0.2794059928765773
3972.5,0.28036824135357724
3973.0,0.28095047828340575
3973.5,0.28061918145949855
3974.0,0.2802364820946675
3974.5,0.28059713399848335
3975.0,0.28155313689464784
3975.5,0.28256100602175555
3976.0,0.28328158485207944
3976.5,0.2834895136935264
3977.0,0.2830289856167026
3977.5,0.28218612744544913
3978.0,0.28177930109065236
3978.5,0.2823980339516194
3979.0,0.2836289592162352
3979.5,0.2845471707309568
3980.0,0.2848422938570008
3980.5,0.28507884621298735
3981.0,0.28565447816541695
3981.5,0.28617318510416195
3982.0,0.2860206815945582
3982.5,0.285350309469083
3983.0,0.2849173632882174
3983.5,0.2848539772492641
3984.0,0.2842077738862724
3984.5,0.28227763414427637
3985.0,0.2797699701989803
3985.5,0.2780849865052085
3986.0,0.2777267866683097
3986.5,0.2779757569016636
3987.0,0.2778705936597564
3987.5,0.2769115629763438
3988.0,0.2750412459065391
3988.5,0.2728154451847745
3989.0,0.271565625965337
3989.5,0.27249795247515696
3990.0,0.2753729490695512
3990.5,0.2785684501436585
3991.0,0.2805761126647258
3991.5,0.2810999731292735
3992.0,0.28092938663833655
3992.5,0.28107700384504586
3993.0,0.28210552300412783
3993.5,0.2836506318004196
3994.0,0.28456696905797596
3994.5,0.2840296791903756
3995.0,0.2826301778450924
3995.5,0.2816956478879449
3996.0,0.28177857229778563
3996.5,0.28219200484596296
3997.0,0.2808243448727404
3997.5,0.2792461034110241
3998.0,0.2778880267666309
3998.5,0.2773789945921181
3999.0,0.27772435630883113
3999.5,0.27829315878247635
